"DT_GERACAO";"HH_GERACAO";"CD_UF_TSE";"CD_UF_IBGE";"SG_UF";"NM_UF";"CD_MUNICIPIO_TSE";"NM_MUNICIPIO_TSE";"CD_MUNICIPIO_IBGE";"NM_MUNICIPIO_IBGE"
"27/09/2026";"09:00:12";24;12;"AC";"Acre";"01007";"Bujari";1200138;"Bujari"
"27/09/2026";"09:00:12";24;12;"AC";"Acre";"01015";"Capixaba";1200179;"Capixaba"
"27/09/2026";"09:00:12";24;12;"AC";"Acre";"01023";"Porto Acre";1200807;"Porto Acre"
"27/09/2026";"09:00:12";24;12;"AC";"Acre";"01031";"Santa Rosa Do Purus";1200435;"Santa Rosa Do Purus"
"27/09/2026";"09:00:12";24;12;"AC";"Acre";"01040";"Marechal Thaumaturgo";1200351;"Marechal Thaumaturgo"
"27/09/2026";"09:00:12";24;12;"AC";"Acre";"01058";"Brasiléia";1200104;"Brasiléia"
"27/09/2026";"09:00:12";24;12;"AC";"Acre";"01066";"Porto Walter";1200393;"Porto Walter"
"27/09/2026";"09:00:12";24;12;"AC";"Acre";"01074";"Cruzeiro Do Sul";1200203;"Cruzeiro Do Sul"
"27/09/2026";"09:00:12";24;12;"AC";"Acre";"01082";"Rodrigues Alves";1200427;"Rodrigues Alves"
"27/09/2026";"09:00:12";24;12;"AC";"Acre";"01090";"Mâncio Lima";1200336;"Mâncio Lima"
"27/09/2026";"09:00:12";24;12;"AC";"Acre";"01104";"Jordão";1200328;"Jordão"
"27/09/2026";"09:00:12";24;12;"AC";"Acre";"01112";"Epitaciolândia";1200252;"Epitaciolândia"
"27/09/2026";"09:00:12";24;12;"AC";"Acre";"01120";"Acrelândia";1200013;"Acrelândia"
"27/09/2026";"09:00:12";24;12;"AC";"Acre";"01139";"Feijó";1200302;"Feijó"
"27/09/2026";"09:00:12";24;12;"AC";"Acre";"01392";"Rio Branco";1200401;"Rio Branco"
"27/09/2026";"09:00:12";24;12;"AC";"Acre";"01457";"Sena Madureira";1200500;"Sena Madureira"
"27/09/2026";"09:00:12";24;12;"AC";"Acre";"01473";"Tarauacá";1200609;"Tarauacá"
"27/09/2026";"09:00:12";24;12;"AC";"Acre";"01490";"Xapuri";1200708;"Xapuri"
"27/09/2026";"09:00:12";24;12;"AC";"Acre";"01511";"Plácido De Castro";1200385;"Plácido De Castro"
"27/09/2026";"09:00:12";24;12;"AC";"Acre";"01538";"Senador Guiomard";1200450;"Senador Guiomard"
"27/09/2026";"09:00:12";24;12;"AC";"Acre";"01554";"Manoel Urbano";1200344;"Manoel Urbano"
"27/09/2026";"09:00:12";24;12;"AC";"Acre";"01570";"Assis Brasil";1200054;"Assis Brasil"
"27/09/2026";"09:00:12";17;27;"AL";"Alagoas";"27006";"Paripueira";2706448;"Paripueira"
"27/09/2026";"09:00:12";17;27;"AL";"Alagoas";"27014";"Água Branca";2700102;"Água Branca"
"27/09/2026";"09:00:12";17;27;"AL";"Alagoas";"27022";"Pariconha";2706422;"Pariconha"
"27/09/2026";"09:00:12";17;27;"AL";"Alagoas";"27030";"Anadia";2700201;"Anadia"
"27/09/2026";"09:00:12";17;27;"AL";"Alagoas";"27049";"Estrela De Alagoas";2702553;"Estrela De Alagoas"
"27/09/2026";"09:00:12";17;27;"AL";"Alagoas";"27057";"Arapiraca";2700300;"Arapiraca"
"27/09/2026";"09:00:12";17;27;"AL";"Alagoas";"27065";"Jequiá Da Praia";2703759;"Jequiá Da Praia"
"27/09/2026";"09:00:12";17;27;"AL";"Alagoas";"27073";"Atalaia";2700409;"Atalaia"
"27/09/2026";"09:00:12";17;27;"AL";"Alagoas";"27081";"Campestre";2701357;"Campestre"
"27/09/2026";"09:00:12";17;27;"AL";"Alagoas";"27090";"Barra De Santo Antônio";2700508;"Barra De Santo Antônio"
"27/09/2026";"09:00:12";17;27;"AL";"Alagoas";"27111";"Barra De São Miguel";2700607;"Barra De São Miguel"
"27/09/2026";"09:00:12";17;27;"AL";"Alagoas";"27138";"Batalha";2700706;"Batalha"
"27/09/2026";"09:00:12";17;27;"AL";"Alagoas";"27154";"Belém";2700805;"Belém"
"27/09/2026";"09:00:12";17;27;"AL";"Alagoas";"27170";"Belo Monte";2700904;"Belo Monte"
"27/09/2026";"09:00:12";17;27;"AL";"Alagoas";"27197";"Boca Da Mata";2701001;"Boca Da Mata"
"27/09/2026";"09:00:12";17;27;"AL";"Alagoas";"27219";"Branquinha";2701100;"Branquinha"
"27/09/2026";"09:00:12";17;27;"AL";"Alagoas";"27235";"Cacimbinhas";2701209;"Cacimbinhas"
"27/09/2026";"09:00:12";17;27;"AL";"Alagoas";"27251";"Cajueiro";2701308;"Cajueiro"
"27/09/2026";"09:00:12";17;27;"AL";"Alagoas";"27278";"Campo Alegre";2701407;"Campo Alegre"
"27/09/2026";"09:00:12";17;27;"AL";"Alagoas";"27294";"Campo Grande";2701506;"Campo Grande"
"27/09/2026";"09:00:12";17;27;"AL";"Alagoas";"27316";"Canapi";2701605;"Canapi"
"27/09/2026";"09:00:12";17;27;"AL";"Alagoas";"27332";"Capela";2701704;"Capela"
"27/09/2026";"09:00:12";17;27;"AL";"Alagoas";"27359";"Carneiros";2701803;"Carneiros"
"27/09/2026";"09:00:12";17;27;"AL";"Alagoas";"27375";"Chã Preta";2701902;"Chã Preta"
"27/09/2026";"09:00:12";17;27;"AL";"Alagoas";"27391";"Coité Do Nóia";2702009;"Coité Do Nóia"
"27/09/2026";"09:00:12";17;27;"AL";"Alagoas";"27413";"Colônia Leopoldina";2702108;"Colônia Leopoldina"
"27/09/2026";"09:00:12";17;27;"AL";"Alagoas";"27430";"Coqueiro Seco";2702207;"Coqueiro Seco"
"27/09/2026";"09:00:12";17;27;"AL";"Alagoas";"27456";"Coruripe";2702306;"Coruripe"
"27/09/2026";"09:00:12";17;27;"AL";"Alagoas";"27472";"Delmiro Gouveia";2702405;"Delmiro Gouveia"
"27/09/2026";"09:00:12";17;27;"AL";"Alagoas";"27499";"Dois Riachos";2702504;"Dois Riachos"
"27/09/2026";"09:00:12";17;27;"AL";"Alagoas";"27510";"Feira Grande";2702603;"Feira Grande"
"27/09/2026";"09:00:12";17;27;"AL";"Alagoas";"27537";"Feliz Deserto";2702702;"Feliz Deserto"
"27/09/2026";"09:00:12";17;27;"AL";"Alagoas";"27553";"Flexeiras";2702801;"Flexeiras"
"27/09/2026";"09:00:12";17;27;"AL";"Alagoas";"27570";"Girau Do Ponciano";2702900;"Girau Do Ponciano"
"27/09/2026";"09:00:12";17;27;"AL";"Alagoas";"27596";"Ibateguara";2703007;"Ibateguara"
"27/09/2026";"09:00:12";17;27;"AL";"Alagoas";"27618";"Igaci";2703106;"Igaci"
"27/09/2026";"09:00:12";17;27;"AL";"Alagoas";"27634";"Igreja Nova";2703205;"Igreja Nova"
"27/09/2026";"09:00:12";17;27;"AL";"Alagoas";"27650";"Inhapi";2703304;"Inhapi"
"27/09/2026";"09:00:12";17;27;"AL";"Alagoas";"27677";"Jacaré Dos Homens";2703403;"Jacaré Dos Homens"
"27/09/2026";"09:00:12";17;27;"AL";"Alagoas";"27693";"Jacuípe";2703502;"Jacuípe"
"27/09/2026";"09:00:12";17;27;"AL";"Alagoas";"27715";"Japaratinga";2703601;"Japaratinga"
"27/09/2026";"09:00:12";17;27;"AL";"Alagoas";"27731";"Jaramataia";2703700;"Jaramataia"
"27/09/2026";"09:00:12";17;27;"AL";"Alagoas";"27758";"Joaquim Gomes";2703809;"Joaquim Gomes"
"27/09/2026";"09:00:12";17;27;"AL";"Alagoas";"27774";"Jundiá";2703908;"Jundiá"
"27/09/2026";"09:00:12";17;27;"AL";"Alagoas";"27790";"Junqueiro";2704005;"Junqueiro"
"27/09/2026";"09:00:12";17;27;"AL";"Alagoas";"27812";"Lagoa Da Canoa";2704104;"Lagoa Da Canoa"
"27/09/2026";"09:00:12";17;27;"AL";"Alagoas";"27839";"Limoeiro De Anadia";2704203;"Limoeiro De Anadia"
"27/09/2026";"09:00:12";17;27;"AL";"Alagoas";"27855";"Maceió";2704302;"Maceió"
"27/09/2026";"09:00:12";17;27;"AL";"Alagoas";"27871";"Major Isidoro";2704401;"Major Isidoro"
"27/09/2026";"09:00:12";17;27;"AL";"Alagoas";"27898";"Maragogi";2704500;"Maragogi"
"27/09/2026";"09:00:12";17;27;"AL";"Alagoas";"27910";"Maravilha";2704609;"Maravilha"
"27/09/2026";"09:00:12";17;27;"AL";"Alagoas";"27936";"Marechal Deodoro";2704708;"Marechal Deodoro"
"27/09/2026";"09:00:12";17;27;"AL";"Alagoas";"27952";"Maribondo";2704807;"Maribondo"
"27/09/2026";"09:00:12";17;27;"AL";"Alagoas";"27979";"Mar Vermelho";2704906;"Mar Vermelho"
"27/09/2026";"09:00:12";17;27;"AL";"Alagoas";"27995";"Mata Grande";2705002;"Mata Grande"
"27/09/2026";"09:00:12";17;27;"AL";"Alagoas";"28010";"Matriz De Camaragibe";2705101;"Matriz De Camaragibe"
"27/09/2026";"09:00:12";17;27;"AL";"Alagoas";"28037";"Messias";2705200;"Messias"
"27/09/2026";"09:00:12";17;27;"AL";"Alagoas";"28053";"Minador Do Negrão";2705309;"Minador Do Negrão"
"27/09/2026";"09:00:12";17;27;"AL";"Alagoas";"28070";"Monteirópolis";2705408;"Monteirópolis"
"27/09/2026";"09:00:12";17;27;"AL";"Alagoas";"28096";"Murici";2705507;"Murici"
"27/09/2026";"09:00:12";17;27;"AL";"Alagoas";"28118";"Novo Lino";2705606;"Novo Lino"
"27/09/2026";"09:00:12";17;27;"AL";"Alagoas";"28134";"Olho D'Água Das Flores";2705705;"Olho D'Água Das Flores"
"27/09/2026";"09:00:12";17;27;"AL";"Alagoas";"28150";"Olho D'Água Do Casado";2705804;"Olho D'Água Do Casado"
"27/09/2026";"09:00:12";17;27;"AL";"Alagoas";"28177";"Olho D'Água Grande";2705903;"Olho D'Água Grande"
"27/09/2026";"09:00:12";17;27;"AL";"Alagoas";"28193";"Olivença";2706000;"Olivença"
"27/09/2026";"09:00:12";17;27;"AL";"Alagoas";"28215";"Ouro Branco";2706109;"Ouro Branco"
"27/09/2026";"09:00:12";17;27;"AL";"Alagoas";"28231";"Palestina";2706208;"Palestina"
"27/09/2026";"09:00:12";17;27;"AL";"Alagoas";"28258";"Palmeira Dos Índios";2706307;"Palmeira Dos Índios"
"27/09/2026";"09:00:12";17;27;"AL";"Alagoas";"28274";"Pão De Açúcar";2706406;"Pão De Açúcar"
"27/09/2026";"09:00:12";17;27;"AL";"Alagoas";"28290";"Passo De Camaragibe";2706505;"Passo De Camaragibe"
"27/09/2026";"09:00:12";17;27;"AL";"Alagoas";"28312";"Paulo Jacinto";2706604;"Paulo Jacinto"
"27/09/2026";"09:00:12";17;27;"AL";"Alagoas";"28339";"Penedo";2706703;"Penedo"
"27/09/2026";"09:00:12";17;27;"AL";"Alagoas";"28355";"Piaçabuçu";2706802;"Piaçabuçu"
"27/09/2026";"09:00:12";17;27;"AL";"Alagoas";"28371";"Pilar";2706901;"Pilar"
"27/09/2026";"09:00:12";17;27;"AL";"Alagoas";"28398";"Pindoba";2707008;"Pindoba"
"27/09/2026";"09:00:12";17;27;"AL";"Alagoas";"28410";"Piranhas";2707107;"Piranhas"
"27/09/2026";"09:00:12";17;27;"AL";"Alagoas";"28436";"Poço Das Trincheiras";2707206;"Poço Das Trincheiras"
"27/09/2026";"09:00:12";17;27;"AL";"Alagoas";"28452";"Porto Calvo";2707305;"Porto Calvo"
"27/09/2026";"09:00:12";17;27;"AL";"Alagoas";"28479";"Porto De Pedras";2707404;"Porto De Pedras"
"27/09/2026";"09:00:12";17;27;"AL";"Alagoas";"28495";"Porto Real Do Colégio";2707503;"Porto Real Do Colégio"
"27/09/2026";"09:00:12";17;27;"AL";"Alagoas";"28517";"Quebrangulo";2707602;"Quebrangulo"
"27/09/2026";"09:00:12";17;27;"AL";"Alagoas";"28533";"Rio Largo";2707701;"Rio Largo"
"27/09/2026";"09:00:12";17;27;"AL";"Alagoas";"28550";"Roteiro";2707800;"Roteiro"
"27/09/2026";"09:00:12";17;27;"AL";"Alagoas";"28576";"Santa Luzia Do Norte";2707909;"Santa Luzia Do Norte"
"27/09/2026";"09:00:12";17;27;"AL";"Alagoas";"28592";"Santana Do Ipanema";2708006;"Santana Do Ipanema"
"27/09/2026";"09:00:12";17;27;"AL";"Alagoas";"28614";"Santana Do Mundaú";2708105;"Santana Do Mundaú"
"27/09/2026";"09:00:12";17;27;"AL";"Alagoas";"28630";"São Brás";2708204;"São Brás"
"27/09/2026";"09:00:12";17;27;"AL";"Alagoas";"28657";"São José Da Laje";2708303;"São José Da Laje"
"27/09/2026";"09:00:12";17;27;"AL";"Alagoas";"28673";"São José Da Tapera";2708402;"São José Da Tapera"
"27/09/2026";"09:00:12";17;27;"AL";"Alagoas";"28690";"São Luís Do Quitunde";2708501;"São Luís Do Quitunde"
"27/09/2026";"09:00:12";17;27;"AL";"Alagoas";"28711";"São Miguel Dos Campos";2708600;"São Miguel Dos Campos"
"27/09/2026";"09:00:12";17;27;"AL";"Alagoas";"28738";"São Miguel Dos Milagres";2708709;"São Miguel Dos Milagres"
"27/09/2026";"09:00:12";17;27;"AL";"Alagoas";"28754";"São Sebastião";2708808;"São Sebastião"
"27/09/2026";"09:00:12";17;27;"AL";"Alagoas";"28770";"Satuba";2708907;"Satuba"
"27/09/2026";"09:00:12";17;27;"AL";"Alagoas";"28797";"Tanque D'Arca";2709004;"Tanque D'Arca"
"27/09/2026";"09:00:12";17;27;"AL";"Alagoas";"28819";"Taquarana";2709103;"Taquarana"
"27/09/2026";"09:00:12";17;27;"AL";"Alagoas";"28835";"Traipu";2709202;"Traipu"
"27/09/2026";"09:00:12";17;27;"AL";"Alagoas";"28851";"União Dos Palmares";2709301;"União Dos Palmares"
"27/09/2026";"09:00:12";17;27;"AL";"Alagoas";"28878";"Viçosa";2709400;"Viçosa"
"27/09/2026";"09:00:12";17;27;"AL";"Alagoas";"28894";"Craíbas";2702355;"Craíbas"
"27/09/2026";"09:00:12";17;27;"AL";"Alagoas";"28916";"Senador Rui Palmeira";2708956;"Senador Rui Palmeira"
"27/09/2026";"09:00:12";17;27;"AL";"Alagoas";"28932";"Teotônio Vilela";2709152;"Teotônio Vilela"
"27/09/2026";"09:00:12";22;13;"AM";"Amazonas";"02003";"Apuí";1300144;"Apuí"
"27/09/2026";"09:00:12";22;13;"AM";"Amazonas";"02011";"Novo Airão";1303205;"Novo Airão"
"27/09/2026";"09:00:12";22;13;"AM";"Amazonas";"02020";"Guajará";1301654;"Guajará"
"27/09/2026";"09:00:12";22;13;"AM";"Amazonas";"02038";"Anori";1300102;"Anori"
"27/09/2026";"09:00:12";22;13;"AM";"Amazonas";"02046";"Careiro Da Várzea";1301159;"Careiro Da Várzea"
"27/09/2026";"09:00:12";22;13;"AM";"Amazonas";"02054";"Atalaia Do Norte";1300201;"Atalaia Do Norte"
"27/09/2026";"09:00:12";22;13;"AM";"Amazonas";"02070";"Autazes";1300300;"Autazes"
"27/09/2026";"09:00:12";22;13;"AM";"Amazonas";"02097";"Barcelos";1300409;"Barcelos"
"27/09/2026";"09:00:12";22;13;"AM";"Amazonas";"02119";"Barreirinha";1300508;"Barreirinha"
"27/09/2026";"09:00:12";22;13;"AM";"Amazonas";"02135";"Benjamin Constant";1300607;"Benjamin Constant"
"27/09/2026";"09:00:12";22;13;"AM";"Amazonas";"02151";"Boca Do Acre";1300706;"Boca Do Acre"
"27/09/2026";"09:00:12";22;13;"AM";"Amazonas";"02178";"Borba";1300805;"Borba"
"27/09/2026";"09:00:12";22;13;"AM";"Amazonas";"02194";"Canutama";1300904;"Canutama"
"27/09/2026";"09:00:12";22;13;"AM";"Amazonas";"02216";"Carauari";1301001;"Carauari"
"27/09/2026";"09:00:12";22;13;"AM";"Amazonas";"02232";"Careiro";1301100;"Careiro"
"27/09/2026";"09:00:12";22;13;"AM";"Amazonas";"02259";"Coari";1301209;"Coari"
"27/09/2026";"09:00:12";22;13;"AM";"Amazonas";"02275";"Codajás";1301308;"Codajás"
"27/09/2026";"09:00:12";22;13;"AM";"Amazonas";"02291";"Eirunepé";1301407;"Eirunepé"
"27/09/2026";"09:00:12";22;13;"AM";"Amazonas";"02313";"Envira";1301506;"Envira"
"27/09/2026";"09:00:12";22;13;"AM";"Amazonas";"02330";"Fonte Boa";1301605;"Fonte Boa"
"27/09/2026";"09:00:12";22;13;"AM";"Amazonas";"02356";"Humaitá";1301704;"Humaitá"
"27/09/2026";"09:00:12";22;13;"AM";"Amazonas";"02372";"Santa Isabel Do Rio Negro";1303601;"Santa Isabel Do Rio Negro"
"27/09/2026";"09:00:12";22;13;"AM";"Amazonas";"02399";"Ipixuna";1301803;"Ipixuna"
"27/09/2026";"09:00:12";22;13;"AM";"Amazonas";"02410";"Itacoatiara";1301902;"Itacoatiara"
"27/09/2026";"09:00:12";22;13;"AM";"Amazonas";"02437";"Itapiranga";1302009;"Itapiranga"
"27/09/2026";"09:00:12";22;13;"AM";"Amazonas";"02453";"Japurá";1302108;"Japurá"
"27/09/2026";"09:00:12";22;13;"AM";"Amazonas";"02470";"Juruá";1302207;"Juruá"
"27/09/2026";"09:00:12";22;13;"AM";"Amazonas";"02496";"Jutaí";1302306;"Jutaí"
"27/09/2026";"09:00:12";22;13;"AM";"Amazonas";"02518";"Lábrea";1302405;"Lábrea"
"27/09/2026";"09:00:12";22;13;"AM";"Amazonas";"02534";"Manacapuru";1302504;"Manacapuru"
"27/09/2026";"09:00:12";22;13;"AM";"Amazonas";"02550";"Manaus";1302603;"Manaus"
"27/09/2026";"09:00:12";22;13;"AM";"Amazonas";"02577";"Manicoré";1302702;"Manicoré"
"27/09/2026";"09:00:12";22;13;"AM";"Amazonas";"02593";"Maraã";1302801;"Maraã"
"27/09/2026";"09:00:12";22;13;"AM";"Amazonas";"02615";"Maués";1302900;"Maués"
"27/09/2026";"09:00:12";22;13;"AM";"Amazonas";"02631";"Nhamundá";1303007;"Nhamundá"
"27/09/2026";"09:00:12";22;13;"AM";"Amazonas";"02658";"Nova Olinda Do Norte";1303106;"Nova Olinda Do Norte"
"27/09/2026";"09:00:12";22;13;"AM";"Amazonas";"02674";"Novo Aripuanã";1303304;"Novo Aripuanã"
"27/09/2026";"09:00:12";22;13;"AM";"Amazonas";"02690";"Parintins";1303403;"Parintins"
"27/09/2026";"09:00:12";22;13;"AM";"Amazonas";"02712";"Pauini";1303502;"Pauini"
"27/09/2026";"09:00:12";22;13;"AM";"Amazonas";"02739";"Santo Antônio Do Içá";1303700;"Santo Antônio Do Içá"
"27/09/2026";"09:00:12";22;13;"AM";"Amazonas";"02755";"São Paulo De Olivença";1303908;"São Paulo De Olivença"
"27/09/2026";"09:00:12";22;13;"AM";"Amazonas";"02771";"Silves";1304005;"Silves"
"27/09/2026";"09:00:12";22;13;"AM";"Amazonas";"02798";"Tapauá";1304104;"Tapauá"
"27/09/2026";"09:00:12";22;13;"AM";"Amazonas";"02810";"Tefé";1304203;"Tefé"
"27/09/2026";"09:00:12";22;13;"AM";"Amazonas";"02836";"São Gabriel Da Cachoeira";1303809;"São Gabriel Da Cachoeira"
"27/09/2026";"09:00:12";22;13;"AM";"Amazonas";"02852";"Urucará";1304302;"Urucará"
"27/09/2026";"09:00:12";22;13;"AM";"Amazonas";"02879";"Urucurituba";1304401;"Urucurituba"
"27/09/2026";"09:00:12";22;13;"AM";"Amazonas";"02895";"Alvarães";1300029;"Alvarães"
"27/09/2026";"09:00:12";22;13;"AM";"Amazonas";"02917";"Amaturá";1300060;"Amaturá"
"27/09/2026";"09:00:12";22;13;"AM";"Amazonas";"02933";"Anamã";1300086;"Anamã"
"27/09/2026";"09:00:12";22;13;"AM";"Amazonas";"02950";"Beruri";1300631;"Beruri"
"27/09/2026";"09:00:12";22;13;"AM";"Amazonas";"02976";"Boa Vista Do Ramos";1300680;"Boa Vista Do Ramos"
"27/09/2026";"09:00:12";22;13;"AM";"Amazonas";"02992";"Caapiranga";1300839;"Caapiranga"
"27/09/2026";"09:00:12";22;13;"AM";"Amazonas";"98353";"Iranduba";1301852;"Iranduba"
"27/09/2026";"09:00:12";22;13;"AM";"Amazonas";"98370";"Itamarati";1301951;"Itamarati"
"27/09/2026";"09:00:12";22;13;"AM";"Amazonas";"98396";"Manaquiri";1302553;"Manaquiri"
"27/09/2026";"09:00:12";22;13;"AM";"Amazonas";"98418";"Presidente Figueiredo";1303536;"Presidente Figueiredo"
"27/09/2026";"09:00:12";22;13;"AM";"Amazonas";"98434";"Rio Preto Da Eva";1303569;"Rio Preto Da Eva"
"27/09/2026";"09:00:12";22;13;"AM";"Amazonas";"98450";"São Sebastião Do Uatumã";1303957;"São Sebastião Do Uatumã"
"27/09/2026";"09:00:12";22;13;"AM";"Amazonas";"98477";"Tabatinga";1304062;"Tabatinga"
"27/09/2026";"09:00:12";22;13;"AM";"Amazonas";"98493";"Uarini";1304260;"Uarini"
"27/09/2026";"09:00:12";22;13;"AM";"Amazonas";"98515";"Tonantins";1304237;"Tonantins"
"27/09/2026";"09:00:12";25;16;"AP";"Amapá";"06009";"Pracuúba";1600550;"Pracuúba"
"27/09/2026";"09:00:12";25;16;"AP";"Amapá";"06017";"Amapá";1600105;"Amapá"
"27/09/2026";"09:00:12";25;16;"AP";"Amapá";"06025";"Porto Grande";1600535;"Porto Grande"
"27/09/2026";"09:00:12";25;16;"AP";"Amapá";"06033";"Calçoene";1600204;"Calçoene"
"27/09/2026";"09:00:12";25;16;"AP";"Amapá";"06041";"Itaubal";1600253;"Itaubal"
"27/09/2026";"09:00:12";25;16;"AP";"Amapá";"06050";"Macapá";1600303;"Macapá"
"27/09/2026";"09:00:12";25;16;"AP";"Amapá";"06068";"Cutias";1600212;"Cutias"
"27/09/2026";"09:00:12";25;16;"AP";"Amapá";"06076";"Mazagão";1600402;"Mazagão"
"27/09/2026";"09:00:12";25;16;"AP";"Amapá";"06084";"Pedra Branca Do Amapari";1600154;"Pedra Branca Do Amapari"
"27/09/2026";"09:00:12";25;16;"AP";"Amapá";"06092";"Oiapoque";1600501;"Oiapoque"
"27/09/2026";"09:00:12";25;16;"AP";"Amapá";"06106";"Serra Do Navio";1600055;"Serra Do Navio"
"27/09/2026";"09:00:12";25;16;"AP";"Amapá";"06114";"Ferreira Gomes";1600238;"Ferreira Gomes"
"27/09/2026";"09:00:12";25;16;"AP";"Amapá";"06122";"Vitória Do Jari";1600808;"Vitória Do Jari"
"27/09/2026";"09:00:12";25;16;"AP";"Amapá";"06130";"Laranjal Do Jari";1600279;"Laranjal Do Jari"
"27/09/2026";"09:00:12";25;16;"AP";"Amapá";"06157";"Santana";1600600;"Santana"
"27/09/2026";"09:00:12";25;16;"AP";"Amapá";"06173";"Tartarugalzinho";1600709;"Tartarugalzinho"
"27/09/2026";"09:00:12";5;29;"BA";"Bahia";"30007";"Luís Eduardo Magalhães";2919553;"Luís Eduardo Magalhães"
"27/09/2026";"09:00:12";5;29;"BA";"Bahia";"30058";"Eunápolis";2910727;"Eunápolis"
"27/09/2026";"09:00:12";5;29;"BA";"Bahia";"30660";"Iuiu";2917334;"Iuiú"
"27/09/2026";"09:00:12";5;29;"BA";"Bahia";"30678";"Jaborandi";2917359;"Jaborandi"
"27/09/2026";"09:00:12";5;29;"BA";"Bahia";"30694";"Jussari";2918555;"Jussari"
"27/09/2026";"09:00:12";5;29;"BA";"Bahia";"30716";"América Dourada";2901155;"América Dourada"
"27/09/2026";"09:00:12";5;29;"BA";"Bahia";"30732";"Arataca";2902252;"Arataca"
"27/09/2026";"09:00:12";5;29;"BA";"Bahia";"30759";"Barro Alto";2903235;"Barro Alto"
"27/09/2026";"09:00:12";5;29;"BA";"Bahia";"30775";"Barrocas";2903276;"Barrocas"
"27/09/2026";"09:00:12";5;29;"BA";"Bahia";"30791";"Buritirama";2904753;"Buritirama"
"27/09/2026";"09:00:12";5;29;"BA";"Bahia";"30813";"Capela Do Alto Alegre";2906857;"Capela Do Alto Alegre"
"27/09/2026";"09:00:12";5;29;"BA";"Bahia";"30830";"Capim Grosso";2906873;"Capim Grosso"
"27/09/2026";"09:00:12";5;29;"BA";"Bahia";"30856";"Canudos";2906824;"Canudos"
"27/09/2026";"09:00:12";5;29;"BA";"Bahia";"30872";"Dias D'Ávila";2910057;"Dias D'Ávila"
"27/09/2026";"09:00:12";5;29;"BA";"Bahia";"30899";"Fátima";2910750;"Fátima"
"27/09/2026";"09:00:12";5;29;"BA";"Bahia";"30910";"Filadélfia";2910859;"Filadélfia"
"27/09/2026";"09:00:12";5;29;"BA";"Bahia";"30937";"Gavião";2911253;"Gavião"
"27/09/2026";"09:00:12";5;29;"BA";"Bahia";"30953";"Guajeru";2911659;"Guajeru"
"27/09/2026";"09:00:12";5;29;"BA";"Bahia";"30970";"Heliópolis";2911857;"Heliópolis"
"27/09/2026";"09:00:12";5;29;"BA";"Bahia";"30996";"João Dourado";2918357;"João Dourado"
"27/09/2026";"09:00:12";5;29;"BA";"Bahia";"33014";"Abaíra";2900108;"Abaíra"
"27/09/2026";"09:00:12";5;29;"BA";"Bahia";"33030";"Abaré";2900207;"Abaré"
"27/09/2026";"09:00:12";5;29;"BA";"Bahia";"33057";"Acajutiba";2900306;"Acajutiba"
"27/09/2026";"09:00:12";5;29;"BA";"Bahia";"33065";"Adustina";2900355;"Adustina"
"27/09/2026";"09:00:12";5;29;"BA";"Bahia";"33073";"Água Fria";2900405;"Água Fria"
"27/09/2026";"09:00:12";5;29;"BA";"Bahia";"33090";"Érico Cardoso";2900504;"Érico Cardoso"
"27/09/2026";"09:00:12";5;29;"BA";"Bahia";"33111";"Aiquara";2900603;"Aiquara"
"27/09/2026";"09:00:12";5;29;"BA";"Bahia";"33138";"Alagoinhas";2900702;"Alagoinhas"
"27/09/2026";"09:00:12";5;29;"BA";"Bahia";"33154";"Alcobaça";2900801;"Alcobaça"
"27/09/2026";"09:00:12";5;29;"BA";"Bahia";"33170";"Almadina";2900900;"Almadina"
"27/09/2026";"09:00:12";5;29;"BA";"Bahia";"33197";"Amargosa";2901007;"Amargosa"
"27/09/2026";"09:00:12";5;29;"BA";"Bahia";"33219";"Amélia Rodrigues";2901106;"Amélia Rodrigues"
"27/09/2026";"09:00:12";5;29;"BA";"Bahia";"33235";"Anagé";2901205;"Anagé"
"27/09/2026";"09:00:12";5;29;"BA";"Bahia";"33251";"Andaraí";2901304;"Andaraí"
"27/09/2026";"09:00:12";5;29;"BA";"Bahia";"33260";"Andorinha";2901353;"Andorinha"
"27/09/2026";"09:00:12";5;29;"BA";"Bahia";"33278";"Angical";2901403;"Angical"
"27/09/2026";"09:00:12";5;29;"BA";"Bahia";"33294";"Anguera";2901502;"Anguera"
"27/09/2026";"09:00:12";5;29;"BA";"Bahia";"33316";"Antas";2901601;"Antas"
"27/09/2026";"09:00:12";5;29;"BA";"Bahia";"33332";"Antônio Cardoso";2901700;"Antônio Cardoso"
"27/09/2026";"09:00:12";5;29;"BA";"Bahia";"33359";"Antônio Gonçalves";2901809;"Antônio Gonçalves"
"27/09/2026";"09:00:12";5;29;"BA";"Bahia";"33375";"Aporá";2901908;"Aporá"
"27/09/2026";"09:00:12";5;29;"BA";"Bahia";"33383";"Araçás";2902054;"Araças"
"27/09/2026";"09:00:12";5;29;"BA";"Bahia";"33391";"Aracatu";2902005;"Aracatu"
"27/09/2026";"09:00:12";5;29;"BA";"Bahia";"33405";"Apuarema";2901957;"Apuarema"
"27/09/2026";"09:00:12";5;29;"BA";"Bahia";"33413";"Araci";2902104;"Araci"
"27/09/2026";"09:00:12";5;29;"BA";"Bahia";"33430";"Aramari";2902203;"Aramari"
"27/09/2026";"09:00:12";5;29;"BA";"Bahia";"33456";"Aratuípe";2902302;"Aratuípe"
"27/09/2026";"09:00:12";5;29;"BA";"Bahia";"33472";"Aurelino Leal";2902401;"Aurelino Leal"
"27/09/2026";"09:00:12";5;29;"BA";"Bahia";"33499";"Baianópolis";2902500;"Baianópolis"
"27/09/2026";"09:00:12";5;29;"BA";"Bahia";"33510";"Baixa Grande";2902609;"Baixa Grande"
"27/09/2026";"09:00:12";5;29;"BA";"Bahia";"33529";"Banzaê";2902658;"Banzaê"
"27/09/2026";"09:00:12";5;29;"BA";"Bahia";"33537";"Barra";2902708;"Barra"
"27/09/2026";"09:00:12";5;29;"BA";"Bahia";"33553";"Barra Da Estiva";2902807;"Barra Da Estiva"
"27/09/2026";"09:00:12";5;29;"BA";"Bahia";"33570";"Barra Do Choça";2902906;"Barra Do Choça"
"27/09/2026";"09:00:12";5;29;"BA";"Bahia";"33596";"Barra Do Mendes";2903003;"Barra Do Mendes"
"27/09/2026";"09:00:12";5;29;"BA";"Bahia";"33618";"Barra Do Rocha";2903102;"Barra Do Rocha"
"27/09/2026";"09:00:12";5;29;"BA";"Bahia";"33634";"Barreiras";2903201;"Barreiras"
"27/09/2026";"09:00:12";5;29;"BA";"Bahia";"33650";"Barro Preto";2903300;"Barro Preto"
"27/09/2026";"09:00:12";5;29;"BA";"Bahia";"33677";"Belmonte";2903409;"Belmonte"
"27/09/2026";"09:00:12";5;29;"BA";"Bahia";"33693";"Belo Campo";2903508;"Belo Campo"
"27/09/2026";"09:00:12";5;29;"BA";"Bahia";"33715";"Biritinga";2903607;"Biritinga"
"27/09/2026";"09:00:12";5;29;"BA";"Bahia";"33731";"Boa Nova";2903706;"Boa Nova"
"27/09/2026";"09:00:12";5;29;"BA";"Bahia";"33758";"Boa Vista Do Tupim";2903805;"Boa Vista Do Tupim"
"27/09/2026";"09:00:12";5;29;"BA";"Bahia";"33774";"Bom Jesus Da Lapa";2903904;"Bom Jesus Da Lapa"
"27/09/2026";"09:00:12";5;29;"BA";"Bahia";"33782";"Bom Jesus Da Serra";2903953;"Bom Jesus Da Serra"
"27/09/2026";"09:00:12";5;29;"BA";"Bahia";"33790";"Boninal";2904001;"Boninal"
"27/09/2026";"09:00:12";5;29;"BA";"Bahia";"33804";"Bonito";2904050;"Bonito"
"27/09/2026";"09:00:12";5;29;"BA";"Bahia";"33812";"Boquira";2904100;"Boquira"
"27/09/2026";"09:00:12";5;29;"BA";"Bahia";"33839";"Botuporã";2904209;"Botuporã"
"27/09/2026";"09:00:12";5;29;"BA";"Bahia";"33855";"Brejões";2904308;"Brejões"
"27/09/2026";"09:00:12";5;29;"BA";"Bahia";"33871";"Brejolândia";2904407;"Brejolândia"
"27/09/2026";"09:00:12";5;29;"BA";"Bahia";"33898";"Brotas De Macaúbas";2904506;"Brotas De Macaúbas"
"27/09/2026";"09:00:12";5;29;"BA";"Bahia";"33910";"Brumado";2904605;"Brumado"
"27/09/2026";"09:00:12";5;29;"BA";"Bahia";"33936";"Buerarema";2904704;"Buerarema"
"27/09/2026";"09:00:12";5;29;"BA";"Bahia";"33952";"Caatiba";2904803;"Caatiba"
"27/09/2026";"09:00:12";5;29;"BA";"Bahia";"33960";"Cabaceiras Do Paraguaçu";2904852;"Cabaceiras Do Paraguaçu"
"27/09/2026";"09:00:12";5;29;"BA";"Bahia";"33979";"Cachoeira";2904902;"Cachoeira"
"27/09/2026";"09:00:12";5;29;"BA";"Bahia";"33995";"Caculé";2905008;"Caculé"
"27/09/2026";"09:00:12";5;29;"BA";"Bahia";"34010";"Caem";2905107;"Caém"
"27/09/2026";"09:00:12";5;29;"BA";"Bahia";"34029";"Caetanos";2905156;"Caetanos"
"27/09/2026";"09:00:12";5;29;"BA";"Bahia";"34037";"Caetité";2905206;"Caetité"
"27/09/2026";"09:00:12";5;29;"BA";"Bahia";"34053";"Cafarnaum";2905305;"Cafarnaum"
"27/09/2026";"09:00:12";5;29;"BA";"Bahia";"34070";"Cairu";2905404;"Cairu"
"27/09/2026";"09:00:12";5;29;"BA";"Bahia";"34096";"Caldeirão Grande";2905503;"Caldeirão Grande"
"27/09/2026";"09:00:12";5;29;"BA";"Bahia";"34118";"Camacan";2905602;"Camacan"
"27/09/2026";"09:00:12";5;29;"BA";"Bahia";"34134";"Camaçari";2905701;"Camaçari"
"27/09/2026";"09:00:12";5;29;"BA";"Bahia";"34150";"Camamu";2905800;"Camamu"
"27/09/2026";"09:00:12";5;29;"BA";"Bahia";"34177";"Campo Alegre De Lourdes";2905909;"Campo Alegre De Lourdes"
"27/09/2026";"09:00:12";5;29;"BA";"Bahia";"34193";"Campo Formoso";2906006;"Campo Formoso"
"27/09/2026";"09:00:12";5;29;"BA";"Bahia";"34215";"Canápolis";2906105;"Canápolis"
"27/09/2026";"09:00:12";5;29;"BA";"Bahia";"34231";"Canarana";2906204;"Canarana"
"27/09/2026";"09:00:12";5;29;"BA";"Bahia";"34258";"Canavieiras";2906303;"Canavieiras"
"27/09/2026";"09:00:12";5;29;"BA";"Bahia";"34274";"Candeal";2906402;"Candeal"
"27/09/2026";"09:00:12";5;29;"BA";"Bahia";"34290";"Candeias";2906501;"Candeias"
"27/09/2026";"09:00:12";5;29;"BA";"Bahia";"34312";"Candiba";2906600;"Candiba"
"27/09/2026";"09:00:12";5;29;"BA";"Bahia";"34339";"Cândido Sales";2906709;"Cândido Sales"
"27/09/2026";"09:00:12";5;29;"BA";"Bahia";"34355";"Cansanção";2906808;"Cansanção"
"27/09/2026";"09:00:12";5;29;"BA";"Bahia";"34363";"Caraíbas";2906899;"Caraíbas"
"27/09/2026";"09:00:12";5;29;"BA";"Bahia";"34371";"Caravelas";2906907;"Caravelas"
"27/09/2026";"09:00:12";5;29;"BA";"Bahia";"34398";"Cardeal Da Silva";2907004;"Cardeal Da Silva"
"27/09/2026";"09:00:12";5;29;"BA";"Bahia";"34410";"Carinhanha";2907103;"Carinhanha"
"27/09/2026";"09:00:12";5;29;"BA";"Bahia";"34436";"Casa Nova";2907202;"Casa Nova"
"27/09/2026";"09:00:12";5;29;"BA";"Bahia";"34452";"Castro Alves";2907301;"Castro Alves"
"27/09/2026";"09:00:12";5;29;"BA";"Bahia";"34479";"Catolândia";2907400;"Catolândia"
"27/09/2026";"09:00:12";5;29;"BA";"Bahia";"34495";"Catu";2907509;"Catu"
"27/09/2026";"09:00:12";5;29;"BA";"Bahia";"34509";"Caturama";2907558;"Caturama"
"27/09/2026";"09:00:12";5;29;"BA";"Bahia";"34517";"Central";2907608;"Central"
"27/09/2026";"09:00:12";5;29;"BA";"Bahia";"34533";"Chorrochó";2907707;"Chorrochó"
"27/09/2026";"09:00:12";5;29;"BA";"Bahia";"34550";"Cícero Dantas";2907806;"Cícero Dantas"
"27/09/2026";"09:00:12";5;29;"BA";"Bahia";"34576";"Cipó";2907905;"Cipó"
"27/09/2026";"09:00:12";5;29;"BA";"Bahia";"34592";"Coaraci";2908002;"Coaraci"
"27/09/2026";"09:00:12";5;29;"BA";"Bahia";"34614";"Cocos";2908101;"Cocos"
"27/09/2026";"09:00:12";5;29;"BA";"Bahia";"34630";"Conceição Da Feira";2908200;"Conceição Da Feira"
"27/09/2026";"09:00:12";5;29;"BA";"Bahia";"34657";"Conceição Do Almeida";2908309;"Conceição Do Almeida"
"27/09/2026";"09:00:12";5;29;"BA";"Bahia";"34673";"Conceição Do Coité";2908408;"Conceição Do Coité"
"27/09/2026";"09:00:12";5;29;"BA";"Bahia";"34690";"Conceição Do Jacuípe";2908507;"Conceição Do Jacuípe"
"27/09/2026";"09:00:12";5;29;"BA";"Bahia";"34711";"Conde";2908606;"Conde"
"27/09/2026";"09:00:12";5;29;"BA";"Bahia";"34738";"Condeúba";2908705;"Condeúba"
"27/09/2026";"09:00:12";5;29;"BA";"Bahia";"34754";"Contendas Do Sincorá";2908804;"Contendas Do Sincorá"
"27/09/2026";"09:00:12";5;29;"BA";"Bahia";"34770";"Coração De Maria";2908903;"Coração De Maria"
"27/09/2026";"09:00:12";5;29;"BA";"Bahia";"34797";"Cordeiros";2909000;"Cordeiros"
"27/09/2026";"09:00:12";5;29;"BA";"Bahia";"34819";"Coribe";2909109;"Coribe"
"27/09/2026";"09:00:12";5;29;"BA";"Bahia";"34835";"Coronel João Sá";2909208;"Coronel João Sá"
"27/09/2026";"09:00:12";5;29;"BA";"Bahia";"34851";"Correntina";2909307;"Correntina"
"27/09/2026";"09:00:12";5;29;"BA";"Bahia";"34878";"Cotegipe";2909406;"Cotegipe"
"27/09/2026";"09:00:12";5;29;"BA";"Bahia";"34894";"Cravolândia";2909505;"Cravolândia"
"27/09/2026";"09:00:12";5;29;"BA";"Bahia";"34916";"Crisópolis";2909604;"Crisópolis"
"27/09/2026";"09:00:12";5;29;"BA";"Bahia";"34932";"Cristópolis";2909703;"Cristópolis"
"27/09/2026";"09:00:12";5;29;"BA";"Bahia";"34959";"Cruz Das Almas";2909802;"Cruz Das Almas"
"27/09/2026";"09:00:12";5;29;"BA";"Bahia";"34975";"Curaçá";2909901;"Curaçá"
"27/09/2026";"09:00:12";5;29;"BA";"Bahia";"34991";"Dário Meira";2910008;"Dário Meira"
"27/09/2026";"09:00:12";5;29;"BA";"Bahia";"35017";"Dom Basílio";2910107;"Dom Basílio"
"27/09/2026";"09:00:12";5;29;"BA";"Bahia";"35033";"Dom Macedo Costa";2910206;"Dom Macedo Costa"
"27/09/2026";"09:00:12";5;29;"BA";"Bahia";"35050";"Elísio Medrado";2910305;"Elísio Medrado"
"27/09/2026";"09:00:12";5;29;"BA";"Bahia";"35076";"Encruzilhada";2910404;"Encruzilhada"
"27/09/2026";"09:00:12";5;29;"BA";"Bahia";"35092";"Entre Rios";2910503;"Entre Rios"
"27/09/2026";"09:00:12";5;29;"BA";"Bahia";"35114";"Esplanada";2910602;"Esplanada"
"27/09/2026";"09:00:12";5;29;"BA";"Bahia";"35130";"Euclides Da Cunha";2910701;"Euclides Da Cunha"
"27/09/2026";"09:00:12";5;29;"BA";"Bahia";"35149";"Feira Da Mata";2910776;"Feira Da Mata"
"27/09/2026";"09:00:12";5;29;"BA";"Bahia";"35157";"Feira De Santana";2910800;"Feira De Santana"
"27/09/2026";"09:00:12";5;29;"BA";"Bahia";"35173";"Firmino Alves";2910909;"Firmino Alves"
"27/09/2026";"09:00:12";5;29;"BA";"Bahia";"35190";"Floresta Azul";2911006;"Floresta Azul"
"27/09/2026";"09:00:12";5;29;"BA";"Bahia";"35211";"Formosa Do Rio Preto";2911105;"Formosa Do Rio Preto"
"27/09/2026";"09:00:12";5;29;"BA";"Bahia";"35238";"Gandu";2911204;"Gandu"
"27/09/2026";"09:00:12";5;29;"BA";"Bahia";"35254";"Gentio Do Ouro";2911303;"Gentio Do Ouro"
"27/09/2026";"09:00:12";5;29;"BA";"Bahia";"35270";"Glória";2911402;"Glória"
"27/09/2026";"09:00:12";5;29;"BA";"Bahia";"35297";"Gongogi";2911501;"Gongogi"
"27/09/2026";"09:00:12";5;29;"BA";"Bahia";"35319";"Governador Mangabeira";2911600;"Governador Mangabeira"
"27/09/2026";"09:00:12";5;29;"BA";"Bahia";"35335";"Guanambi";2911709;"Guanambi"
"27/09/2026";"09:00:12";5;29;"BA";"Bahia";"35351";"Guaratinga";2911808;"Guaratinga"
"27/09/2026";"09:00:12";5;29;"BA";"Bahia";"35378";"Iaçu";2911907;"Iaçu"
"27/09/2026";"09:00:12";5;29;"BA";"Bahia";"35394";"Ibiassucê";2912004;"Ibiassucê"
"27/09/2026";"09:00:12";5;29;"BA";"Bahia";"35416";"Ibicaraí";2912103;"Ibicaraí"
"27/09/2026";"09:00:12";5;29;"BA";"Bahia";"35432";"Ibicoara";2912202;"Ibicoara"
"27/09/2026";"09:00:12";5;29;"BA";"Bahia";"35459";"Ibicuí";2912301;"Ibicuí"
"27/09/2026";"09:00:12";5;29;"BA";"Bahia";"35475";"Ibipeba";2912400;"Ibipeba"
"27/09/2026";"09:00:12";5;29;"BA";"Bahia";"35491";"Santa Rita De Cássia";2928406;"Santa Rita De Cássia"
"27/09/2026";"09:00:12";5;29;"BA";"Bahia";"35513";"Ibipitanga";2912509;"Ibipitanga"
"27/09/2026";"09:00:12";5;29;"BA";"Bahia";"35530";"Ibiquera";2912608;"Ibiquera"
"27/09/2026";"09:00:12";5;29;"BA";"Bahia";"35556";"Ibirapitanga";2912707;"Ibirapitanga"
"27/09/2026";"09:00:12";5;29;"BA";"Bahia";"35572";"Ibirapuã";2912806;"Ibirapuã"
"27/09/2026";"09:00:12";5;29;"BA";"Bahia";"35599";"Ibirataia";2912905;"Ibirataia"
"27/09/2026";"09:00:12";5;29;"BA";"Bahia";"35610";"Ibitiara";2913002;"Ibitiara"
"27/09/2026";"09:00:12";5;29;"BA";"Bahia";"35637";"Ibititá";2913101;"Ibititá"
"27/09/2026";"09:00:12";5;29;"BA";"Bahia";"35653";"Ibotirama";2913200;"Ibotirama"
"27/09/2026";"09:00:12";5;29;"BA";"Bahia";"35670";"Ichu";2913309;"Ichu"
"27/09/2026";"09:00:12";5;29;"BA";"Bahia";"35696";"Igaporã";2913408;"Igaporã"
"27/09/2026";"09:00:12";5;29;"BA";"Bahia";"35700";"Igrapiúna";2913457;"Igrapiúna"
"27/09/2026";"09:00:12";5;29;"BA";"Bahia";"35718";"Iguaí";2913507;"Iguaí"
"27/09/2026";"09:00:12";5;29;"BA";"Bahia";"35734";"Ilhéus";2913606;"Ilhéus"
"27/09/2026";"09:00:12";5;29;"BA";"Bahia";"35750";"Inhambupe";2913705;"Inhambupe"
"27/09/2026";"09:00:12";5;29;"BA";"Bahia";"35777";"Ipecaetá";2913804;"Ipecaetá"
"27/09/2026";"09:00:12";5;29;"BA";"Bahia";"35793";"Ipiaú";2913903;"Ipiaú"
"27/09/2026";"09:00:12";5;29;"BA";"Bahia";"35815";"Ipirá";2914000;"Ipirá"
"27/09/2026";"09:00:12";5;29;"BA";"Bahia";"35831";"Ipupiara";2914109;"Ipupiara"
"27/09/2026";"09:00:12";5;29;"BA";"Bahia";"35858";"Irajuba";2914208;"Irajuba"
"27/09/2026";"09:00:12";5;29;"BA";"Bahia";"35874";"Iramaia";2914307;"Iramaia"
"27/09/2026";"09:00:12";5;29;"BA";"Bahia";"35890";"Iraquara";2914406;"Iraquara"
"27/09/2026";"09:00:12";5;29;"BA";"Bahia";"35912";"Irará";2914505;"Irará"
"27/09/2026";"09:00:12";5;29;"BA";"Bahia";"35939";"Irecê";2914604;"Irecê"
"27/09/2026";"09:00:12";5;29;"BA";"Bahia";"35947";"Itabela";2914653;"Itabela"
"27/09/2026";"09:00:12";5;29;"BA";"Bahia";"35955";"Itaberaba";2914703;"Itaberaba"
"27/09/2026";"09:00:12";5;29;"BA";"Bahia";"35971";"Itabuna";2914802;"Itabuna"
"27/09/2026";"09:00:12";5;29;"BA";"Bahia";"35998";"Itacaré";2914901;"Itacaré"
"27/09/2026";"09:00:12";5;29;"BA";"Bahia";"36013";"Itaeté";2915007;"Itaeté"
"27/09/2026";"09:00:12";5;29;"BA";"Bahia";"36030";"Itagi";2915106;"Itagi"
"27/09/2026";"09:00:12";5;29;"BA";"Bahia";"36056";"Itagibá";2915205;"Itagibá"
"27/09/2026";"09:00:12";5;29;"BA";"Bahia";"36072";"Itagimirim";2915304;"Itagimirim"
"27/09/2026";"09:00:12";5;29;"BA";"Bahia";"36080";"Itaguaçu Da Bahia";2915353;"Itaguaçu Da Bahia"
"27/09/2026";"09:00:12";5;29;"BA";"Bahia";"36099";"Itaju Do Colônia";2915403;"Itaju Do Colônia"
"27/09/2026";"09:00:12";5;29;"BA";"Bahia";"36110";"Itajuípe";2915502;"Itajuípe"
"27/09/2026";"09:00:12";5;29;"BA";"Bahia";"36137";"Itamaraju";2915601;"Itamaraju"
"27/09/2026";"09:00:12";5;29;"BA";"Bahia";"36153";"Itamari";2915700;"Itamari"
"27/09/2026";"09:00:12";5;29;"BA";"Bahia";"36170";"Itambé";2915809;"Itambé"
"27/09/2026";"09:00:12";5;29;"BA";"Bahia";"36196";"Itanagra";2915908;"Itanagra"
"27/09/2026";"09:00:12";5;29;"BA";"Bahia";"36218";"Itanhém";2916005;"Itanhém"
"27/09/2026";"09:00:12";5;29;"BA";"Bahia";"36234";"Itaparica";2916104;"Itaparica"
"27/09/2026";"09:00:12";5;29;"BA";"Bahia";"36250";"Itapé";2916203;"Itapé"
"27/09/2026";"09:00:12";5;29;"BA";"Bahia";"36277";"Itapebi";2916302;"Itapebi"
"27/09/2026";"09:00:12";5;29;"BA";"Bahia";"36293";"Itapetinga";2916401;"Itapetinga"
"27/09/2026";"09:00:12";5;29;"BA";"Bahia";"36315";"Itapicuru";2916500;"Itapicuru"
"27/09/2026";"09:00:12";5;29;"BA";"Bahia";"36331";"Itapitanga";2916609;"Itapitanga"
"27/09/2026";"09:00:12";5;29;"BA";"Bahia";"36358";"Itaquara";2916708;"Itaquara"
"27/09/2026";"09:00:12";5;29;"BA";"Bahia";"36374";"Itarantim";2916807;"Itarantim"
"27/09/2026";"09:00:12";5;29;"BA";"Bahia";"36382";"Itatim";2916856;"Itatim"
"27/09/2026";"09:00:12";5;29;"BA";"Bahia";"36390";"Itiruçu";2916906;"Itiruçu"
"27/09/2026";"09:00:12";5;29;"BA";"Bahia";"36412";"Itiúba";2917003;"Itiúba"
"27/09/2026";"09:00:12";5;29;"BA";"Bahia";"36439";"Itororó";2917102;"Itororó"
"27/09/2026";"09:00:12";5;29;"BA";"Bahia";"36455";"Ituaçu";2917201;"Ituaçu"
"27/09/2026";"09:00:12";5;29;"BA";"Bahia";"36471";"Ituberá";2917300;"Ituberá"
"27/09/2026";"09:00:12";5;29;"BA";"Bahia";"36498";"Jacaraci";2917409;"Jacaraci"
"27/09/2026";"09:00:12";5;29;"BA";"Bahia";"36510";"Jacobina";2917508;"Jacobina"
"27/09/2026";"09:00:12";5;29;"BA";"Bahia";"36536";"Jaguaquara";2917607;"Jaguaquara"
"27/09/2026";"09:00:12";5;29;"BA";"Bahia";"36552";"Jaguarari";2917706;"Jaguarari"
"27/09/2026";"09:00:12";5;29;"BA";"Bahia";"36579";"Jaguaripe";2917805;"Jaguaripe"
"27/09/2026";"09:00:12";5;29;"BA";"Bahia";"36595";"Jandaíra";2917904;"Jandaíra"
"27/09/2026";"09:00:12";5;29;"BA";"Bahia";"36617";"Jequié";2918001;"Jequié"
"27/09/2026";"09:00:12";5;29;"BA";"Bahia";"36633";"Jeremoabo";2918100;"Jeremoabo"
"27/09/2026";"09:00:12";5;29;"BA";"Bahia";"36650";"Jiquiriçá";2918209;"Jiquiriçá"
"27/09/2026";"09:00:12";5;29;"BA";"Bahia";"36676";"Jitaúna";2918308;"Jitaúna"
"27/09/2026";"09:00:12";5;29;"BA";"Bahia";"36692";"Juazeiro";2918407;"Juazeiro"
"27/09/2026";"09:00:12";5;29;"BA";"Bahia";"36706";"Jucuruçu";2918456;"Jucuruçu"
"27/09/2026";"09:00:12";5;29;"BA";"Bahia";"36714";"Jussara";2918506;"Jussara"
"27/09/2026";"09:00:12";5;29;"BA";"Bahia";"36730";"Jussiape";2918605;"Jussiape"
"27/09/2026";"09:00:12";5;29;"BA";"Bahia";"36757";"Lafaiete Coutinho";2918704;"Lafaiete Coutinho"
"27/09/2026";"09:00:12";5;29;"BA";"Bahia";"36765";"Lagoa Real";2918753;"Lagoa Real"
"27/09/2026";"09:00:12";5;29;"BA";"Bahia";"36773";"Laje";2918803;"Laje"
"27/09/2026";"09:00:12";5;29;"BA";"Bahia";"36790";"Lajedão";2918902;"Lajedão"
"27/09/2026";"09:00:12";5;29;"BA";"Bahia";"36811";"Lajedinho";2919009;"Lajedinho"
"27/09/2026";"09:00:12";5;29;"BA";"Bahia";"36820";"Lajedo Do Tabocal";2919058;"Lajedo Do Tabocal"
"27/09/2026";"09:00:12";5;29;"BA";"Bahia";"36838";"Lamarão";2919108;"Lamarão"
"27/09/2026";"09:00:12";5;29;"BA";"Bahia";"36854";"Lauro De Freitas";2919207;"Lauro De Freitas"
"27/09/2026";"09:00:12";5;29;"BA";"Bahia";"36870";"Lençóis";2919306;"Lençóis"
"27/09/2026";"09:00:12";5;29;"BA";"Bahia";"36897";"Licínio De Almeida";2919405;"Licínio De Almeida"
"27/09/2026";"09:00:12";5;29;"BA";"Bahia";"36919";"Livramento De Nossa Senhora";2919504;"Livramento De Nossa Senhora"
"27/09/2026";"09:00:12";5;29;"BA";"Bahia";"36935";"Macajuba";2919603;"Macajuba"
"27/09/2026";"09:00:12";5;29;"BA";"Bahia";"36951";"Macarani";2919702;"Macarani"
"27/09/2026";"09:00:12";5;29;"BA";"Bahia";"36978";"Macaúbas";2919801;"Macaúbas"
"27/09/2026";"09:00:12";5;29;"BA";"Bahia";"36994";"Macururé";2919900;"Macururé"
"27/09/2026";"09:00:12";5;29;"BA";"Bahia";"37010";"Maiquinique";2920007;"Maiquinique"
"27/09/2026";"09:00:12";5;29;"BA";"Bahia";"37036";"Mairi";2920106;"Mairi"
"27/09/2026";"09:00:12";5;29;"BA";"Bahia";"37052";"Malhada";2920205;"Malhada"
"27/09/2026";"09:00:12";5;29;"BA";"Bahia";"37079";"Malhada De Pedras";2920304;"Malhada De Pedras"
"27/09/2026";"09:00:12";5;29;"BA";"Bahia";"37095";"Manoel Vitorino";2920403;"Manoel Vitorino"
"27/09/2026";"09:00:12";5;29;"BA";"Bahia";"37117";"Maracás";2920502;"Maracás"
"27/09/2026";"09:00:12";5;29;"BA";"Bahia";"37133";"Maragogipe";2920601;"Maragogipe"
"27/09/2026";"09:00:12";5;29;"BA";"Bahia";"37150";"Maraú";2920700;"Maraú"
"27/09/2026";"09:00:12";5;29;"BA";"Bahia";"37176";"Marcionílio Souza";2920809;"Marcionílio Souza"
"27/09/2026";"09:00:12";5;29;"BA";"Bahia";"37192";"Mascote";2920908;"Mascote"
"27/09/2026";"09:00:12";5;29;"BA";"Bahia";"37214";"Mata De São João";2921005;"Mata De São João"
"27/09/2026";"09:00:12";5;29;"BA";"Bahia";"37222";"Matina";2921054;"Matina"
"27/09/2026";"09:00:12";5;29;"BA";"Bahia";"37230";"Medeiros Neto";2921104;"Medeiros Neto"
"27/09/2026";"09:00:12";5;29;"BA";"Bahia";"37257";"Miguel Calmon";2921203;"Miguel Calmon"
"27/09/2026";"09:00:12";5;29;"BA";"Bahia";"37273";"Milagres";2921302;"Milagres"
"27/09/2026";"09:00:12";5;29;"BA";"Bahia";"37290";"Mirangaba";2921401;"Mirangaba"
"27/09/2026";"09:00:12";5;29;"BA";"Bahia";"37303";"Mirante";2921450;"Mirante"
"27/09/2026";"09:00:12";5;29;"BA";"Bahia";"37311";"Monte Santo";2921500;"Monte Santo"
"27/09/2026";"09:00:12";5;29;"BA";"Bahia";"37338";"Morpará";2921609;"Morpará"
"27/09/2026";"09:00:12";5;29;"BA";"Bahia";"37354";"Morro Do Chapéu";2921708;"Morro Do Chapéu"
"27/09/2026";"09:00:12";5;29;"BA";"Bahia";"37370";"Mortugaba";2921807;"Mortugaba"
"27/09/2026";"09:00:12";5;29;"BA";"Bahia";"37397";"Mucugê";2921906;"Mucugê"
"27/09/2026";"09:00:12";5;29;"BA";"Bahia";"37419";"Mucuri";2922003;"Mucuri"
"27/09/2026";"09:00:12";5;29;"BA";"Bahia";"37427";"Mulungu Do Morro";2922052;"Mulungu Do Morro"
"27/09/2026";"09:00:12";5;29;"BA";"Bahia";"37435";"Mundo Novo";2922102;"Mundo Novo"
"27/09/2026";"09:00:12";5;29;"BA";"Bahia";"37451";"Muniz Ferreira";2922201;"Muniz Ferreira"
"27/09/2026";"09:00:12";5;29;"BA";"Bahia";"37460";"Muquém Do São Francisco";2922250;"Muquém De São Francisco"
"27/09/2026";"09:00:12";5;29;"BA";"Bahia";"37478";"Muritiba";2922300;"Muritiba"
"27/09/2026";"09:00:12";5;29;"BA";"Bahia";"37494";"Mutuípe";2922409;"Mutuípe"
"27/09/2026";"09:00:12";5;29;"BA";"Bahia";"37516";"Nazaré";2922508;"Nazaré"
"27/09/2026";"09:00:12";5;29;"BA";"Bahia";"37532";"Nilo Peçanha";2922607;"Nilo Peçanha"
"27/09/2026";"09:00:12";5;29;"BA";"Bahia";"37559";"Nova Canaã";2922706;"Nova Canaã"
"27/09/2026";"09:00:12";5;29;"BA";"Bahia";"37567";"Nova Fátima";2922730;"Nova Fátima"
"27/09/2026";"09:00:12";5;29;"BA";"Bahia";"37575";"Nova Itarana";2922805;"Nova Itarana"
"27/09/2026";"09:00:12";5;29;"BA";"Bahia";"37583";"Nova Redenção";2922854;"Nova Redenção"
"27/09/2026";"09:00:12";5;29;"BA";"Bahia";"37591";"Nova Soure";2922904;"Nova Soure"
"27/09/2026";"09:00:12";5;29;"BA";"Bahia";"37613";"Nova Viçosa";2923001;"Nova Viçosa"
"27/09/2026";"09:00:12";5;29;"BA";"Bahia";"37621";"Novo Triunfo";2923050;"Novo Triunfo"
"27/09/2026";"09:00:12";5;29;"BA";"Bahia";"37630";"Olindina";2923100;"Olindina"
"27/09/2026";"09:00:12";5;29;"BA";"Bahia";"37656";"Oliveira Dos Brejinhos";2923209;"Oliveira Dos Brejinhos"
"27/09/2026";"09:00:12";5;29;"BA";"Bahia";"37672";"Ouriçangas";2923308;"Ouriçangas"
"27/09/2026";"09:00:12";5;29;"BA";"Bahia";"37680";"Ourolândia";2923357;"Ourolândia"
"27/09/2026";"09:00:12";5;29;"BA";"Bahia";"37699";"Palmas De Monte Alto";2923407;"Palmas De Monte Alto"
"27/09/2026";"09:00:12";5;29;"BA";"Bahia";"37710";"Palmeiras";2923506;"Palmeiras"
"27/09/2026";"09:00:12";5;29;"BA";"Bahia";"37737";"Paramirim";2923605;"Paramirim"
"27/09/2026";"09:00:12";5;29;"BA";"Bahia";"37753";"Paratinga";2923704;"Paratinga"
"27/09/2026";"09:00:12";5;29;"BA";"Bahia";"37770";"Paripiranga";2923803;"Paripiranga"
"27/09/2026";"09:00:12";5;29;"BA";"Bahia";"37796";"Pau Brasil";2923902;"Pau Brasil"
"27/09/2026";"09:00:12";5;29;"BA";"Bahia";"37818";"Paulo Afonso";2924009;"Paulo Afonso"
"27/09/2026";"09:00:12";5;29;"BA";"Bahia";"37834";"Pedrão";2924108;"Pedrão"
"27/09/2026";"09:00:12";5;29;"BA";"Bahia";"37850";"Pedro Alexandre";2924207;"Pedro Alexandre"
"27/09/2026";"09:00:12";5;29;"BA";"Bahia";"37877";"Piatã";2924306;"Piatã"
"27/09/2026";"09:00:12";5;29;"BA";"Bahia";"37893";"Pilão Arcado";2924405;"Pilão Arcado"
"27/09/2026";"09:00:12";5;29;"BA";"Bahia";"37915";"Pindaí";2924504;"Pindaí"
"27/09/2026";"09:00:12";5;29;"BA";"Bahia";"37931";"Pindobaçu";2924603;"Pindobaçu"
"27/09/2026";"09:00:12";5;29;"BA";"Bahia";"37940";"Piraí Do Norte";2924678;"Piraí Do Norte"
"27/09/2026";"09:00:12";5;29;"BA";"Bahia";"37958";"Piripá";2924702;"Piripá"
"27/09/2026";"09:00:12";5;29;"BA";"Bahia";"37974";"Piritiba";2924801;"Piritiba"
"27/09/2026";"09:00:12";5;29;"BA";"Bahia";"37990";"Planaltino";2924900;"Planaltino"
"27/09/2026";"09:00:12";5;29;"BA";"Bahia";"38016";"Planalto";2925006;"Planalto"
"27/09/2026";"09:00:12";5;29;"BA";"Bahia";"38032";"Poções";2925105;"Poções"
"27/09/2026";"09:00:12";5;29;"BA";"Bahia";"38059";"Pojuca";2925204;"Pojuca"
"27/09/2026";"09:00:12";5;29;"BA";"Bahia";"38067";"Ponto Novo";2925253;"Ponto Novo"
"27/09/2026";"09:00:12";5;29;"BA";"Bahia";"38075";"Porto Seguro";2925303;"Porto Seguro"
"27/09/2026";"09:00:12";5;29;"BA";"Bahia";"38091";"Potiraguá";2925402;"Potiraguá"
"27/09/2026";"09:00:12";5;29;"BA";"Bahia";"38113";"Prado";2925501;"Prado"
"27/09/2026";"09:00:12";5;29;"BA";"Bahia";"38130";"Presidente Dutra";2925600;"Presidente Dutra"
"27/09/2026";"09:00:12";5;29;"BA";"Bahia";"38156";"Presidente Jânio Quadros";2925709;"Presidente Jânio Quadros"
"27/09/2026";"09:00:12";5;29;"BA";"Bahia";"38164";"Presidente Tancredo Neves";2925758;"Presidente Tancredo Neves"
"27/09/2026";"09:00:12";5;29;"BA";"Bahia";"38172";"Queimadas";2925808;"Queimadas"
"27/09/2026";"09:00:12";5;29;"BA";"Bahia";"38199";"Quijingue";2925907;"Quijingue"
"27/09/2026";"09:00:12";5;29;"BA";"Bahia";"38210";"Remanso";2926004;"Remanso"
"27/09/2026";"09:00:12";5;29;"BA";"Bahia";"38237";"Retirolândia";2926103;"Retirolândia"
"27/09/2026";"09:00:12";5;29;"BA";"Bahia";"38253";"Riachão Das Neves";2926202;"Riachão Das Neves"
"27/09/2026";"09:00:12";5;29;"BA";"Bahia";"38270";"Riachão Do Jacuípe";2926301;"Riachão Do Jacuípe"
"27/09/2026";"09:00:12";5;29;"BA";"Bahia";"38296";"Riacho De Santana";2926400;"Riacho De Santana"
"27/09/2026";"09:00:12";5;29;"BA";"Bahia";"38318";"Ribeira Do Amparo";2926509;"Ribeira Do Amparo"
"27/09/2026";"09:00:12";5;29;"BA";"Bahia";"38334";"Ribeira Do Pombal";2926608;"Ribeira Do Pombal"
"27/09/2026";"09:00:12";5;29;"BA";"Bahia";"38342";"Ribeirão Do Largo";2926657;"Ribeirão Do Largo"
"27/09/2026";"09:00:12";5;29;"BA";"Bahia";"38350";"Rio De Contas";2926707;"Rio De Contas"
"27/09/2026";"09:00:12";5;29;"BA";"Bahia";"38377";"Rio Do Antônio";2926806;"Rio Do Antônio"
"27/09/2026";"09:00:12";5;29;"BA";"Bahia";"38393";"Rio Do Pires";2926905;"Rio Do Pires"
"27/09/2026";"09:00:12";5;29;"BA";"Bahia";"38415";"Rio Real";2927002;"Rio Real"
"27/09/2026";"09:00:12";5;29;"BA";"Bahia";"38431";"Rodelas";2927101;"Rodelas"
"27/09/2026";"09:00:12";5;29;"BA";"Bahia";"38458";"Ruy Barbosa";2927200;"Ruy Barbosa"
"27/09/2026";"09:00:12";5;29;"BA";"Bahia";"38474";"Salinas Da Margarida";2927309;"Salinas Da Margarida"
"27/09/2026";"09:00:12";5;29;"BA";"Bahia";"38490";"Salvador";2927408;"Salvador"
"27/09/2026";"09:00:12";5;29;"BA";"Bahia";"38512";"Santa Bárbara";2927507;"Santa Bárbara"
"27/09/2026";"09:00:12";5;29;"BA";"Bahia";"38539";"Santa Brígida";2927606;"Santa Brígida"
"27/09/2026";"09:00:12";5;29;"BA";"Bahia";"38555";"Santa Cruz Cabrália";2927705;"Santa Cruz Cabrália"
"27/09/2026";"09:00:12";5;29;"BA";"Bahia";"38571";"Santa Cruz Da Vitória";2927804;"Santa Cruz Da Vitória"
"27/09/2026";"09:00:12";5;29;"BA";"Bahia";"38598";"Santa Inês";2927903;"Santa Inês"
"27/09/2026";"09:00:12";5;29;"BA";"Bahia";"38610";"Santaluz";2928000;"Santaluz"
"27/09/2026";"09:00:12";5;29;"BA";"Bahia";"38636";"Santa Maria Da Vitória";2928109;"Santa Maria Da Vitória"
"27/09/2026";"09:00:12";5;29;"BA";"Bahia";"38652";"Santana";2928208;"Santana"
"27/09/2026";"09:00:12";5;29;"BA";"Bahia";"38679";"Santanópolis";2928307;"Santanópolis"
"27/09/2026";"09:00:12";5;29;"BA";"Bahia";"38695";"Santa Terezinha";2928505;"Santa Teresinha"
"27/09/2026";"09:00:12";5;29;"BA";"Bahia";"38717";"Santo Amaro";2928604;"Santo Amaro"
"27/09/2026";"09:00:12";5;29;"BA";"Bahia";"38733";"Santo Antônio De Jesus";2928703;"Santo Antônio De Jesus"
"27/09/2026";"09:00:12";5;29;"BA";"Bahia";"38750";"Santo Estevão";2928802;"Santo Estêvão"
"27/09/2026";"09:00:12";5;29;"BA";"Bahia";"38776";"São Desidério";2928901;"São Desidério"
"27/09/2026";"09:00:12";5;29;"BA";"Bahia";"38792";"São Félix";2929008;"São Félix"
"27/09/2026";"09:00:12";5;29;"BA";"Bahia";"38806";"São Domingos";2928950;"São Domingos"
"27/09/2026";"09:00:12";5;29;"BA";"Bahia";"38814";"São Felipe";2929107;"São Felipe"
"27/09/2026";"09:00:12";5;29;"BA";"Bahia";"38822";"São Félix Do Coribe";2929057;"São Félix Do Coribe"
"27/09/2026";"09:00:12";5;29;"BA";"Bahia";"38830";"São Francisco Do Conde";2929206;"São Francisco Do Conde"
"27/09/2026";"09:00:12";5;29;"BA";"Bahia";"38857";"São Gonçalo Dos Campos";2929305;"São Gonçalo Dos Campos"
"27/09/2026";"09:00:12";5;29;"BA";"Bahia";"38865";"São José Do Jacuípe";2929370;"São José Do Jacuípe"
"27/09/2026";"09:00:12";5;29;"BA";"Bahia";"38873";"São Miguel Das Matas";2929404;"São Miguel Das Matas"
"27/09/2026";"09:00:12";5;29;"BA";"Bahia";"38890";"São Sebastião Do Passé";2929503;"São Sebastião Do Passé"
"27/09/2026";"09:00:12";5;29;"BA";"Bahia";"38911";"Sapeaçu";2929602;"Sapeaçu"
"27/09/2026";"09:00:12";5;29;"BA";"Bahia";"38938";"Sátiro Dias";2929701;"Sátiro Dias"
"27/09/2026";"09:00:12";5;29;"BA";"Bahia";"38946";"Saubara";2929750;"Saubara"
"27/09/2026";"09:00:12";5;29;"BA";"Bahia";"38954";"Saúde";2929800;"Saúde"
"27/09/2026";"09:00:12";5;29;"BA";"Bahia";"38970";"Seabra";2929909;"Seabra"
"27/09/2026";"09:00:12";5;29;"BA";"Bahia";"38997";"Sebastião Laranjeiras";2930006;"Sebastião Laranjeiras"
"27/09/2026";"09:00:12";5;29;"BA";"Bahia";"39012";"Senhor Do Bonfim";2930105;"Senhor Do Bonfim"
"27/09/2026";"09:00:12";5;29;"BA";"Bahia";"39039";"Sento Sé";2930204;"Sento Sé"
"27/09/2026";"09:00:12";5;29;"BA";"Bahia";"39047";"Serra Do Ramalho";2930154;"Serra Do Ramalho"
"27/09/2026";"09:00:12";5;29;"BA";"Bahia";"39055";"Serra Dourada";2930303;"Serra Dourada"
"27/09/2026";"09:00:12";5;29;"BA";"Bahia";"39071";"Serra Preta";2930402;"Serra Preta"
"27/09/2026";"09:00:12";5;29;"BA";"Bahia";"39098";"Serrinha";2930501;"Serrinha"
"27/09/2026";"09:00:12";5;29;"BA";"Bahia";"39110";"Serrolândia";2930600;"Serrolândia"
"27/09/2026";"09:00:12";5;29;"BA";"Bahia";"39136";"Simões Filho";2930709;"Simões Filho"
"27/09/2026";"09:00:12";5;29;"BA";"Bahia";"39144";"Sítio Do Mato";2930758;"Sítio Do Mato"
"27/09/2026";"09:00:12";5;29;"BA";"Bahia";"39152";"Souto Soares";2930808;"Souto Soares"
"27/09/2026";"09:00:12";5;29;"BA";"Bahia";"39179";"Tabocas Do Brejo Velho";2930907;"Tabocas Do Brejo Velho"
"27/09/2026";"09:00:12";5;29;"BA";"Bahia";"39195";"Tanhaçu";2931004;"Tanhaçu"
"27/09/2026";"09:00:12";5;29;"BA";"Bahia";"39217";"Tanquinho";2931103;"Tanquinho"
"27/09/2026";"09:00:12";5;29;"BA";"Bahia";"39233";"Taperoá";2931202;"Taperoá"
"27/09/2026";"09:00:12";5;29;"BA";"Bahia";"39250";"Tapiramutá";2931301;"Tapiramutá"
"27/09/2026";"09:00:12";5;29;"BA";"Bahia";"39276";"Teodoro Sampaio";2931400;"Teodoro Sampaio"
"27/09/2026";"09:00:12";5;29;"BA";"Bahia";"39292";"Teofilândia";2931509;"Teofilândia"
"27/09/2026";"09:00:12";5;29;"BA";"Bahia";"39314";"Teolândia";2931608;"Teolândia"
"27/09/2026";"09:00:12";5;29;"BA";"Bahia";"39330";"Terra Nova";2931707;"Terra Nova"
"27/09/2026";"09:00:12";5;29;"BA";"Bahia";"39357";"Tremedal";2931806;"Tremedal"
"27/09/2026";"09:00:12";5;29;"BA";"Bahia";"39373";"Tucano";2931905;"Tucano"
"27/09/2026";"09:00:12";5;29;"BA";"Bahia";"39390";"Uauá";2932002;"Uauá"
"27/09/2026";"09:00:12";5;29;"BA";"Bahia";"39411";"Ubaíra";2932101;"Ubaíra"
"27/09/2026";"09:00:12";5;29;"BA";"Bahia";"39438";"Ubaitaba";2932200;"Ubaitaba"
"27/09/2026";"09:00:12";5;29;"BA";"Bahia";"39454";"Ubatã";2932309;"Ubatã"
"27/09/2026";"09:00:12";5;29;"BA";"Bahia";"39470";"Uibaí";2932408;"Uibaí"
"27/09/2026";"09:00:12";5;29;"BA";"Bahia";"39489";"Umburanas";2932457;"Umburanas"
"27/09/2026";"09:00:12";5;29;"BA";"Bahia";"39497";"Una";2932507;"Una"
"27/09/2026";"09:00:12";5;29;"BA";"Bahia";"39519";"Urandi";2932606;"Urandi"
"27/09/2026";"09:00:12";5;29;"BA";"Bahia";"39535";"Uruçuca";2932705;"Uruçuca"
"27/09/2026";"09:00:12";5;29;"BA";"Bahia";"39551";"Utinga";2932804;"Utinga"
"27/09/2026";"09:00:12";5;29;"BA";"Bahia";"39578";"Valença";2932903;"Valença"
"27/09/2026";"09:00:12";5;29;"BA";"Bahia";"39594";"Valente";2933000;"Valente"
"27/09/2026";"09:00:12";5;29;"BA";"Bahia";"39616";"Várzea Do Poço";2933109;"Várzea Do Poço"
"27/09/2026";"09:00:12";5;29;"BA";"Bahia";"39624";"Varzedo";2933174;"Varzedo"
"27/09/2026";"09:00:12";5;29;"BA";"Bahia";"39632";"Vera Cruz";2933208;"Vera Cruz"
"27/09/2026";"09:00:12";5;29;"BA";"Bahia";"39640";"Vereda";2933257;"Vereda"
"27/09/2026";"09:00:12";5;29;"BA";"Bahia";"39659";"Vitória Da Conquista";2933307;"Vitória Da Conquista"
"27/09/2026";"09:00:12";5;29;"BA";"Bahia";"39675";"Wagner";2933406;"Wagner"
"27/09/2026";"09:00:12";5;29;"BA";"Bahia";"39691";"Wenceslau Guimarães";2933505;"Wenceslau Guimarães"
"27/09/2026";"09:00:12";5;29;"BA";"Bahia";"39713";"Xique-Xique";2933604;"Xique-Xique"
"27/09/2026";"09:00:12";5;29;"BA";"Bahia";"39730";"Lapão";2919157;"Lapão"
"27/09/2026";"09:00:12";5;29;"BA";"Bahia";"39748";"Madre De Deus";2919926;"Madre De Deus"
"27/09/2026";"09:00:12";5;29;"BA";"Bahia";"39756";"Maetinga";2919959;"Maetinga"
"27/09/2026";"09:00:12";5;29;"BA";"Bahia";"39772";"Mansidão";2920452;"Mansidão"
"27/09/2026";"09:00:12";5;29;"BA";"Bahia";"39799";"Nordestina";2922656;"Nordestina"
"27/09/2026";"09:00:12";5;29;"BA";"Bahia";"39810";"Pé De Serra";2924058;"Pé De Serra"
"27/09/2026";"09:00:12";5;29;"BA";"Bahia";"39837";"Pintadas";2924652;"Pintadas"
"27/09/2026";"09:00:12";5;29;"BA";"Bahia";"39845";"Quixabeira";2925931;"Quixabeira"
"27/09/2026";"09:00:12";5;29;"BA";"Bahia";"39853";"Rafael Jambeiro";2925956;"Rafael Jambeiro"
"27/09/2026";"09:00:12";5;29;"BA";"Bahia";"39870";"Santa Luzia";2928059;"Santa Luzia"
"27/09/2026";"09:00:12";5;29;"BA";"Bahia";"39896";"São Gabriel";2929255;"São Gabriel"
"27/09/2026";"09:00:12";5;29;"BA";"Bahia";"39900";"Sítio Do Quinto";2930766;"Sítio Do Quinto"
"27/09/2026";"09:00:12";5;29;"BA";"Bahia";"39918";"Tanque Novo";2931053;"Tanque Novo"
"27/09/2026";"09:00:12";5;29;"BA";"Bahia";"39926";"São José Da Vitória";2929354;"São José Da Vitória"
"27/09/2026";"09:00:12";5;29;"BA";"Bahia";"39934";"Teixeira De Freitas";2931350;"Teixeira De Freitas"
"27/09/2026";"09:00:12";5;29;"BA";"Bahia";"39942";"Novo Horizonte";2923035;"Novo Horizonte"
"27/09/2026";"09:00:12";5;29;"BA";"Bahia";"39950";"Várzea Nova";2933158;"Várzea Nova"
"27/09/2026";"09:00:12";5;29;"BA";"Bahia";"39969";"Nova Ibiá";2922755;"Nova Ibiá"
"27/09/2026";"09:00:12";5;29;"BA";"Bahia";"39977";"Várzea Da Roça";2933059;"Várzea Da Roça"
"27/09/2026";"09:00:12";5;29;"BA";"Bahia";"39985";"Sobradinho";2930774;"Sobradinho"
"27/09/2026";"09:00:12";5;29;"BA";"Bahia";"39993";"Wanderley";2933455;"Wanderley"
"27/09/2026";"09:00:12";7;23;"CE";"Ceará";"13005";"Jijoca De Jericoacoara";2307254;"Jijoca De Jericoacoara"
"27/09/2026";"09:00:12";7;23;"CE";"Ceará";"13013";"Abaiara";2300101;"Abaiara"
"27/09/2026";"09:00:12";7;23;"CE";"Ceará";"13021";"Madalena";2307635;"Madalena"
"27/09/2026";"09:00:12";7;23;"CE";"Ceará";"13030";"Acaraú";2300200;"Acaraú"
"27/09/2026";"09:00:12";7;23;"CE";"Ceará";"13048";"Pires Ferreira";2310951;"Pires Ferreira"
"27/09/2026";"09:00:12";7;23;"CE";"Ceará";"13056";"Acopiara";2300309;"Acopiara"
"27/09/2026";"09:00:12";7;23;"CE";"Ceará";"13064";"Graça";2304657;"Graça"
"27/09/2026";"09:00:12";7;23;"CE";"Ceará";"13072";"Aiuaba";2300408;"Aiuaba"
"27/09/2026";"09:00:12";7;23;"CE";"Ceará";"13080";"Tururu";2313559;"Tururu"
"27/09/2026";"09:00:12";7;23;"CE";"Ceará";"13099";"Alcântaras";2300507;"Alcântaras"
"27/09/2026";"09:00:12";7;23;"CE";"Ceará";"13102";"Quiterianópolis";2311264;"Quiterianópolis"
"27/09/2026";"09:00:12";7;23;"CE";"Ceará";"13110";"Altaneira";2300606;"Altaneira"
"27/09/2026";"09:00:12";7;23;"CE";"Ceará";"13129";"Barreira";2301950;"Barreira"
"27/09/2026";"09:00:12";7;23;"CE";"Ceará";"13137";"Alto Santo";2300705;"Alto Santo"
"27/09/2026";"09:00:12";7;23;"CE";"Ceará";"13145";"Acarape";2300150;"Acarape"
"27/09/2026";"09:00:12";7;23;"CE";"Ceará";"13153";"Antonina Do Norte";2300804;"Antonina Do Norte"
"27/09/2026";"09:00:12";7;23;"CE";"Ceará";"13161";"Chorozinho";2303956;"Chorozinho"
"27/09/2026";"09:00:12";7;23;"CE";"Ceará";"13170";"Apuiarés";2300903;"Apuiarés"
"27/09/2026";"09:00:12";7;23;"CE";"Ceará";"13188";"Horizonte";2305233;"Horizonte"
"27/09/2026";"09:00:12";7;23;"CE";"Ceará";"13196";"Aquiraz";2301000;"Aquiraz"
"27/09/2026";"09:00:12";7;23;"CE";"Ceará";"13200";"Ereré";2304277;"Ererê"
"27/09/2026";"09:00:12";7;23;"CE";"Ceará";"13218";"Aracati";2301109;"Aracati"
"27/09/2026";"09:00:12";7;23;"CE";"Ceará";"13226";"Eusébio";2304285;"Eusébio"
"27/09/2026";"09:00:12";7;23;"CE";"Ceará";"13234";"Aracoiaba";2301208;"Aracoiaba"
"27/09/2026";"09:00:12";7;23;"CE";"Ceará";"13242";"Guaiúba";2304954;"Guaiúba"
"27/09/2026";"09:00:12";7;23;"CE";"Ceará";"13250";"Araripe";2301307;"Araripe"
"27/09/2026";"09:00:12";7;23;"CE";"Ceará";"13269";"Potiretama";2311231;"Potiretama"
"27/09/2026";"09:00:12";7;23;"CE";"Ceará";"13277";"Aratuba";2301406;"Aratuba"
"27/09/2026";"09:00:12";7;23;"CE";"Ceará";"13285";"Pindoretama";2310852;"Pindoretama"
"27/09/2026";"09:00:12";7;23;"CE";"Ceará";"13293";"Arneiroz";2301505;"Arneiroz"
"27/09/2026";"09:00:12";7;23;"CE";"Ceará";"13307";"Ocara";2309458;"Ocara"
"27/09/2026";"09:00:12";7;23;"CE";"Ceará";"13315";"Assaré";2301604;"Assaré"
"27/09/2026";"09:00:12";7;23;"CE";"Ceará";"13323";"Tejuçuoca";2313351;"Tejuçuoca"
"27/09/2026";"09:00:12";7;23;"CE";"Ceará";"13331";"Aurora";2301703;"Aurora"
"27/09/2026";"09:00:12";7;23;"CE";"Ceará";"13340";"Ipaporanga";2305654;"Ipaporanga"
"27/09/2026";"09:00:12";7;23;"CE";"Ceará";"13358";"Baixio";2301802;"Baixio"
"27/09/2026";"09:00:12";7;23;"CE";"Ceará";"13366";"Tarrafas";2313252;"Tarrafas"
"27/09/2026";"09:00:12";7;23;"CE";"Ceará";"13374";"Barbalha";2301901;"Barbalha"
"27/09/2026";"09:00:12";7;23;"CE";"Ceará";"13382";"Banabuiú";2301851;"Banabuiú"
"27/09/2026";"09:00:12";7;23;"CE";"Ceará";"13390";"Barro";2302008;"Barro"
"27/09/2026";"09:00:12";7;23;"CE";"Ceará";"13404";"Barroquinha";2302057;"Barroquinha"
"27/09/2026";"09:00:12";7;23;"CE";"Ceará";"13412";"Baturité";2302107;"Baturité"
"27/09/2026";"09:00:12";7;23;"CE";"Ceará";"13420";"Ararendá";2301257;"Ararendá"
"27/09/2026";"09:00:12";7;23;"CE";"Ceará";"13439";"Beberibe";2302206;"Beberibe"
"27/09/2026";"09:00:12";7;23;"CE";"Ceará";"13447";"Catunda";2303659;"Catunda"
"27/09/2026";"09:00:12";7;23;"CE";"Ceará";"13455";"Bela Cruz";2302305;"Bela Cruz"
"27/09/2026";"09:00:12";7;23;"CE";"Ceará";"13463";"Choró";2303931;"Choró"
"27/09/2026";"09:00:12";7;23;"CE";"Ceará";"13471";"Boa Viagem";2302404;"Boa Viagem"
"27/09/2026";"09:00:12";7;23;"CE";"Ceará";"13480";"Itaitinga";2306256;"Itaitinga"
"27/09/2026";"09:00:12";7;23;"CE";"Ceará";"13498";"Brejo Santo";2302503;"Brejo Santo"
"27/09/2026";"09:00:12";7;23;"CE";"Ceará";"13501";"Fortim";2304459;"Fortim"
"27/09/2026";"09:00:12";7;23;"CE";"Ceará";"13510";"Camocim";2302602;"Camocim"
"27/09/2026";"09:00:12";7;23;"CE";"Ceará";"13536";"Campos Sales";2302701;"Campos Sales"
"27/09/2026";"09:00:12";7;23;"CE";"Ceará";"13552";"Canindé";2302800;"Canindé"
"27/09/2026";"09:00:12";7;23;"CE";"Ceará";"13579";"Capistrano";2302909;"Capistrano"
"27/09/2026";"09:00:12";7;23;"CE";"Ceará";"13595";"Caridade";2303006;"Caridade"
"27/09/2026";"09:00:12";7;23;"CE";"Ceará";"13617";"Cariré";2303105;"Cariré"
"27/09/2026";"09:00:12";7;23;"CE";"Ceará";"13633";"Caririaçu";2303204;"Caririaçu"
"27/09/2026";"09:00:12";7;23;"CE";"Ceará";"13650";"Cariús";2303303;"Cariús"
"27/09/2026";"09:00:12";7;23;"CE";"Ceará";"13676";"Carnaubal";2303402;"Carnaubal"
"27/09/2026";"09:00:12";7;23;"CE";"Ceará";"13692";"Cascavel";2303501;"Cascavel"
"27/09/2026";"09:00:12";7;23;"CE";"Ceará";"13714";"Catarina";2303600;"Catarina"
"27/09/2026";"09:00:12";7;23;"CE";"Ceará";"13730";"Caucaia";2303709;"Caucaia"
"27/09/2026";"09:00:12";7;23;"CE";"Ceará";"13757";"Cedro";2303808;"Cedro"
"27/09/2026";"09:00:12";7;23;"CE";"Ceará";"13773";"Chaval";2303907;"Chaval"
"27/09/2026";"09:00:12";7;23;"CE";"Ceará";"13811";"Coreaú";2304004;"Coreaú"
"27/09/2026";"09:00:12";7;23;"CE";"Ceará";"13838";"Crateús";2304103;"Crateús"
"27/09/2026";"09:00:12";7;23;"CE";"Ceará";"13854";"Crato";2304202;"Crato"
"27/09/2026";"09:00:12";7;23;"CE";"Ceará";"13870";"Farias Brito";2304301;"Farias Brito"
"27/09/2026";"09:00:12";7;23;"CE";"Ceará";"13897";"Fortaleza";2304400;"Fortaleza"
"27/09/2026";"09:00:12";7;23;"CE";"Ceará";"13919";"Frecheirinha";2304509;"Frecheirinha"
"27/09/2026";"09:00:12";7;23;"CE";"Ceará";"13935";"General Sampaio";2304608;"General Sampaio"
"27/09/2026";"09:00:12";7;23;"CE";"Ceará";"13951";"Granja";2304707;"Granja"
"27/09/2026";"09:00:12";7;23;"CE";"Ceará";"13978";"Granjeiro";2304806;"Granjeiro"
"27/09/2026";"09:00:12";7;23;"CE";"Ceará";"13994";"Groaíras";2304905;"Groaíras"
"27/09/2026";"09:00:12";7;23;"CE";"Ceará";"14010";"Guaraciaba Do Norte";2305001;"Guaraciaba Do Norte"
"27/09/2026";"09:00:12";7;23;"CE";"Ceará";"14036";"Guaramiranga";2305100;"Guaramiranga"
"27/09/2026";"09:00:12";7;23;"CE";"Ceará";"14052";"Hidrolândia";2305209;"Hidrolândia"
"27/09/2026";"09:00:12";7;23;"CE";"Ceará";"14060";"Ibaretama";2305266;"Ibaretama"
"27/09/2026";"09:00:12";7;23;"CE";"Ceará";"14079";"Ibiapina";2305308;"Ibiapina"
"27/09/2026";"09:00:12";7;23;"CE";"Ceará";"14095";"Icó";2305407;"Icó"
"27/09/2026";"09:00:12";7;23;"CE";"Ceará";"14117";"Iguatu";2305506;"Iguatu"
"27/09/2026";"09:00:12";7;23;"CE";"Ceará";"14133";"Independência";2305605;"Independência"
"27/09/2026";"09:00:12";7;23;"CE";"Ceará";"14150";"Ipaumirim";2305704;"Ipaumirim"
"27/09/2026";"09:00:12";7;23;"CE";"Ceará";"14176";"Ipu";2305803;"Ipu"
"27/09/2026";"09:00:12";7;23;"CE";"Ceará";"14192";"Ipueiras";2305902;"Ipueiras"
"27/09/2026";"09:00:12";7;23;"CE";"Ceará";"14214";"Iracema";2306009;"Iracema"
"27/09/2026";"09:00:12";7;23;"CE";"Ceará";"14230";"Irauçuba";2306108;"Irauçuba"
"27/09/2026";"09:00:12";7;23;"CE";"Ceará";"14257";"Itaiçaba";2306207;"Itaiçaba"
"27/09/2026";"09:00:12";7;23;"CE";"Ceará";"14273";"Itapajé";2306306;"Itapajé"
"27/09/2026";"09:00:12";7;23;"CE";"Ceará";"14290";"Itapipoca";2306405;"Itapipoca"
"27/09/2026";"09:00:12";7;23;"CE";"Ceará";"14311";"Itapiúna";2306504;"Itapiúna"
"27/09/2026";"09:00:12";7;23;"CE";"Ceará";"14338";"Itatira";2306603;"Itatira"
"27/09/2026";"09:00:12";7;23;"CE";"Ceará";"14354";"Jaguaretama";2306702;"Jaguaretama"
"27/09/2026";"09:00:12";7;23;"CE";"Ceará";"14370";"Jaguaribara";2306801;"Jaguaribara"
"27/09/2026";"09:00:12";7;23;"CE";"Ceará";"14397";"Jaguaribe";2306900;"Jaguaribe"
"27/09/2026";"09:00:12";7;23;"CE";"Ceará";"14419";"Jaguaruana";2307007;"Jaguaruana"
"27/09/2026";"09:00:12";7;23;"CE";"Ceará";"14435";"Jardim";2307106;"Jardim"
"27/09/2026";"09:00:12";7;23;"CE";"Ceará";"14451";"Jati";2307205;"Jati"
"27/09/2026";"09:00:12";7;23;"CE";"Ceará";"14478";"Juazeiro Do Norte";2307304;"Juazeiro Do Norte"
"27/09/2026";"09:00:12";7;23;"CE";"Ceará";"14494";"Jucás";2307403;"Jucás"
"27/09/2026";"09:00:12";7;23;"CE";"Ceará";"14516";"Lavras Da Mangabeira";2307502;"Lavras Da Mangabeira"
"27/09/2026";"09:00:12";7;23;"CE";"Ceará";"14532";"Limoeiro Do Norte";2307601;"Limoeiro Do Norte"
"27/09/2026";"09:00:12";7;23;"CE";"Ceará";"14559";"Maranguape";2307700;"Maranguape"
"27/09/2026";"09:00:12";7;23;"CE";"Ceará";"14575";"Marco";2307809;"Marco"
"27/09/2026";"09:00:12";7;23;"CE";"Ceará";"14591";"Martinópole";2307908;"Martinópole"
"27/09/2026";"09:00:12";7;23;"CE";"Ceará";"14613";"Massapê";2308005;"Massapê"
"27/09/2026";"09:00:12";7;23;"CE";"Ceará";"14630";"Mauriti";2308104;"Mauriti"
"27/09/2026";"09:00:12";7;23;"CE";"Ceará";"14656";"Meruoca";2308203;"Meruoca"
"27/09/2026";"09:00:12";7;23;"CE";"Ceará";"14672";"Milagres";2308302;"Milagres"
"27/09/2026";"09:00:12";7;23;"CE";"Ceará";"14680";"Miraíma";2308377;"Miraíma"
"27/09/2026";"09:00:12";7;23;"CE";"Ceará";"14699";"Missão Velha";2308401;"Missão Velha"
"27/09/2026";"09:00:12";7;23;"CE";"Ceará";"14710";"Mombaça";2308500;"Mombaça"
"27/09/2026";"09:00:12";7;23;"CE";"Ceará";"14737";"Monsenhor Tabosa";2308609;"Monsenhor Tabosa"
"27/09/2026";"09:00:12";7;23;"CE";"Ceará";"14753";"Morada Nova";2308708;"Morada Nova"
"27/09/2026";"09:00:12";7;23;"CE";"Ceará";"14770";"Moraújo";2308807;"Moraújo"
"27/09/2026";"09:00:12";7;23;"CE";"Ceará";"14796";"Morrinhos";2308906;"Morrinhos"
"27/09/2026";"09:00:12";7;23;"CE";"Ceará";"14818";"Mucambo";2309003;"Mucambo"
"27/09/2026";"09:00:12";7;23;"CE";"Ceará";"14834";"Mulungu";2309102;"Mulungu"
"27/09/2026";"09:00:12";7;23;"CE";"Ceará";"14850";"Nova Olinda";2309201;"Nova Olinda"
"27/09/2026";"09:00:12";7;23;"CE";"Ceará";"14877";"Nova Russas";2309300;"Nova Russas"
"27/09/2026";"09:00:12";7;23;"CE";"Ceará";"14893";"Novo Oriente";2309409;"Novo Oriente"
"27/09/2026";"09:00:12";7;23;"CE";"Ceará";"14915";"Orós";2309508;"Orós"
"27/09/2026";"09:00:12";7;23;"CE";"Ceará";"14931";"Pacajus";2309607;"Pacajus"
"27/09/2026";"09:00:12";7;23;"CE";"Ceará";"14958";"Pacatuba";2309706;"Pacatuba"
"27/09/2026";"09:00:12";7;23;"CE";"Ceará";"14974";"Pacoti";2309805;"Pacoti"
"27/09/2026";"09:00:12";7;23;"CE";"Ceará";"14990";"Pacujá";2309904;"Pacujá"
"27/09/2026";"09:00:12";7;23;"CE";"Ceará";"15016";"Palhano";2310001;"Palhano"
"27/09/2026";"09:00:12";7;23;"CE";"Ceará";"15032";"Palmácia";2310100;"Palmácia"
"27/09/2026";"09:00:12";7;23;"CE";"Ceará";"15059";"Paracuru";2310209;"Paracuru"
"27/09/2026";"09:00:12";7;23;"CE";"Ceará";"15075";"Parambu";2310308;"Parambu"
"27/09/2026";"09:00:12";7;23;"CE";"Ceará";"15091";"Paramoti";2310407;"Paramoti"
"27/09/2026";"09:00:12";7;23;"CE";"Ceará";"15113";"Pedra Branca";2310506;"Pedra Branca"
"27/09/2026";"09:00:12";7;23;"CE";"Ceará";"15130";"Penaforte";2310605;"Penaforte"
"27/09/2026";"09:00:12";7;23;"CE";"Ceará";"15156";"Pentecoste";2310704;"Pentecoste"
"27/09/2026";"09:00:12";7;23;"CE";"Ceará";"15172";"Pereiro";2310803;"Pereiro"
"27/09/2026";"09:00:12";7;23;"CE";"Ceará";"15199";"Piquet Carneiro";2310902;"Piquet Carneiro"
"27/09/2026";"09:00:12";7;23;"CE";"Ceará";"15210";"Poranga";2311009;"Poranga"
"27/09/2026";"09:00:12";7;23;"CE";"Ceará";"15237";"Porteiras";2311108;"Porteiras"
"27/09/2026";"09:00:12";7;23;"CE";"Ceará";"15253";"Potengi";2311207;"Potengi"
"27/09/2026";"09:00:12";7;23;"CE";"Ceará";"15270";"Quixadá";2311306;"Quixadá"
"27/09/2026";"09:00:12";7;23;"CE";"Ceará";"15296";"Quixeramobim";2311405;"Quixeramobim"
"27/09/2026";"09:00:12";7;23;"CE";"Ceará";"15318";"Quixeré";2311504;"Quixeré"
"27/09/2026";"09:00:12";7;23;"CE";"Ceará";"15334";"Redenção";2311603;"Redenção"
"27/09/2026";"09:00:12";7;23;"CE";"Ceará";"15350";"Reriutaba";2311702;"Reriutaba"
"27/09/2026";"09:00:12";7;23;"CE";"Ceará";"15377";"Russas";2311801;"Russas"
"27/09/2026";"09:00:12";7;23;"CE";"Ceará";"15393";"Saboeiro";2311900;"Saboeiro"
"27/09/2026";"09:00:12";7;23;"CE";"Ceará";"15415";"Santana Do Acaraú";2312007;"Santana Do Acaraú"
"27/09/2026";"09:00:12";7;23;"CE";"Ceará";"15431";"Santana Do Cariri";2312106;"Santana Do Cariri"
"27/09/2026";"09:00:12";7;23;"CE";"Ceará";"15440";"Salitre";2311959;"Salitre"
"27/09/2026";"09:00:12";7;23;"CE";"Ceará";"15458";"Santa Quitéria";2312205;"Santa Quitéria"
"27/09/2026";"09:00:12";7;23;"CE";"Ceará";"15474";"São Benedito";2312304;"São Benedito"
"27/09/2026";"09:00:12";7;23;"CE";"Ceará";"15490";"São Gonçalo Do Amarante";2312403;"São Gonçalo Do Amarante"
"27/09/2026";"09:00:12";7;23;"CE";"Ceará";"15512";"São João Do Jaguaribe";2312502;"São João Do Jaguaribe"
"27/09/2026";"09:00:12";7;23;"CE";"Ceará";"15539";"São Luís Do Curu";2312601;"São Luís Do Curu"
"27/09/2026";"09:00:12";7;23;"CE";"Ceará";"15555";"Senador Pompeu";2312700;"Senador Pompeu"
"27/09/2026";"09:00:12";7;23;"CE";"Ceará";"15571";"Senador Sá";2312809;"Senador Sá"
"27/09/2026";"09:00:12";7;23;"CE";"Ceará";"15598";"Sobral";2312908;"Sobral"
"27/09/2026";"09:00:12";7;23;"CE";"Ceará";"15610";"Solonópole";2313005;"Solonópole"
"27/09/2026";"09:00:12";7;23;"CE";"Ceará";"15636";"Tabuleiro Do Norte";2313104;"Tabuleiro Do Norte"
"27/09/2026";"09:00:12";7;23;"CE";"Ceará";"15652";"Tamboril";2313203;"Tamboril"
"27/09/2026";"09:00:12";7;23;"CE";"Ceará";"15679";"Tauá";2313302;"Tauá"
"27/09/2026";"09:00:12";7;23;"CE";"Ceará";"15695";"Tianguá";2313401;"Tianguá"
"27/09/2026";"09:00:12";7;23;"CE";"Ceará";"15717";"Trairi";2313500;"Trairi"
"27/09/2026";"09:00:12";7;23;"CE";"Ceará";"15733";"Ubajara";2313609;"Ubajara"
"27/09/2026";"09:00:12";7;23;"CE";"Ceará";"15750";"Umari";2313708;"Umari"
"27/09/2026";"09:00:12";7;23;"CE";"Ceará";"15776";"Uruburetama";2313807;"Uruburetama"
"27/09/2026";"09:00:12";7;23;"CE";"Ceará";"15792";"Uruoca";2313906;"Uruoca"
"27/09/2026";"09:00:12";7;23;"CE";"Ceará";"15814";"Várzea Alegre";2314003;"Várzea Alegre"
"27/09/2026";"09:00:12";7;23;"CE";"Ceará";"15830";"Viçosa Do Ceará";2314102;"Viçosa Do Ceará"
"27/09/2026";"09:00:12";7;23;"CE";"Ceará";"15857";"Maracanaú";2307650;"Maracanaú"
"27/09/2026";"09:00:12";7;23;"CE";"Ceará";"15873";"Amontada";2300754;"Amontada"
"27/09/2026";"09:00:12";7;23;"CE";"Ceará";"15881";"Croatá";2304236;"Croatá"
"27/09/2026";"09:00:12";7;23;"CE";"Ceará";"15890";"Cruz";2304251;"Cruz"
"27/09/2026";"09:00:12";7;23;"CE";"Ceará";"15911";"Forquilha";2304350;"Forquilha"
"27/09/2026";"09:00:12";7;23;"CE";"Ceará";"15920";"Ibicuitinga";2305332;"Ibicuitinga"
"27/09/2026";"09:00:12";7;23;"CE";"Ceará";"15938";"Icapuí";2305357;"Icapuí"
"27/09/2026";"09:00:12";7;23;"CE";"Ceará";"15954";"Itarema";2306553;"Itarema"
"27/09/2026";"09:00:12";7;23;"CE";"Ceará";"15970";"Milhã";2308351;"Milhã"
"27/09/2026";"09:00:12";7;23;"CE";"Ceará";"15989";"Deputado Irapuan Pinheiro";2304269;"Deputado Irapuan Pinheiro"
"27/09/2026";"09:00:12";7;23;"CE";"Ceará";"15997";"Paraipaba";2310258;"Paraipaba"
"27/09/2026";"09:00:12";7;23;"CE";"Ceará";"98531";"Quixelô";2311355;"Quixelô"
"27/09/2026";"09:00:12";7;23;"CE";"Ceará";"98558";"Umirim";2313757;"Umirim"
"27/09/2026";"09:00:12";7;23;"CE";"Ceará";"98574";"Varjota";2313955;"Varjota"
"27/09/2026";"09:00:12";20;53;"DF";"Distrito Federal";"97012";"Brasília";5300108;"Brasília"
"27/09/2026";"09:00:12";14;32;"ES";"Espírito Santo";"56006";"São Domingos Do Norte";3204658;"São Domingos Do Norte"
"27/09/2026";"09:00:12";14;32;"ES";"Espírito Santo";"56014";"Afonso Cláudio";3200102;"Afonso Cláudio"
"27/09/2026";"09:00:12";14;32;"ES";"Espírito Santo";"56022";"Água Doce Do Norte";3200169;"Água Doce Do Norte"
"27/09/2026";"09:00:12";14;32;"ES";"Espírito Santo";"56030";"Alegre";3200201;"Alegre"
"27/09/2026";"09:00:12";14;32;"ES";"Espírito Santo";"56049";"Irupi";3202652;"Irupi"
"27/09/2026";"09:00:12";14;32;"ES";"Espírito Santo";"56057";"Alfredo Chaves";3200300;"Alfredo Chaves"
"27/09/2026";"09:00:12";14;32;"ES";"Espírito Santo";"56065";"Alto Rio Novo";3200359;"Alto Rio Novo"
"27/09/2026";"09:00:12";14;32;"ES";"Espírito Santo";"56073";"Anchieta";3200409;"Anchieta"
"27/09/2026";"09:00:12";14;32;"ES";"Espírito Santo";"56081";"Vila Pavão";3205150;"Vila Pavão"
"27/09/2026";"09:00:12";14;32;"ES";"Espírito Santo";"56090";"Apiacá";3200508;"Apiacá"
"27/09/2026";"09:00:12";14;32;"ES";"Espírito Santo";"56103";"Marechal Floriano";3203346;"Marechal Floriano"
"27/09/2026";"09:00:12";14;32;"ES";"Espírito Santo";"56111";"Aracruz";3200607;"Aracruz"
"27/09/2026";"09:00:12";14;32;"ES";"Espírito Santo";"56120";"Marataízes";3203320;"Marataízes"
"27/09/2026";"09:00:12";14;32;"ES";"Espírito Santo";"56138";"Atílio Vivácqua";3200706;"Atilio Vivacqua"
"27/09/2026";"09:00:12";14;32;"ES";"Espírito Santo";"56146";"Brejetuba";3201159;"Brejetuba"
"27/09/2026";"09:00:12";14;32;"ES";"Espírito Santo";"56154";"Baixo Guandu";3200805;"Baixo Guandu"
"27/09/2026";"09:00:12";14;32;"ES";"Espírito Santo";"56162";"São Roque Do Canaã";3204955;"São Roque Do Canaã"
"27/09/2026";"09:00:12";14;32;"ES";"Espírito Santo";"56170";"Barra De São Francisco";3200904;"Barra De São Francisco"
"27/09/2026";"09:00:12";14;32;"ES";"Espírito Santo";"56189";"Sooretama";3205010;"Sooretama"
"27/09/2026";"09:00:12";14;32;"ES";"Espírito Santo";"56197";"Boa Esperança";3201001;"Boa Esperança"
"27/09/2026";"09:00:12";14;32;"ES";"Espírito Santo";"56200";"Ponto Belo";3204252;"Ponto Belo"
"27/09/2026";"09:00:12";14;32;"ES";"Espírito Santo";"56219";"Bom Jesus Do Norte";3201100;"Bom Jesus Do Norte"
"27/09/2026";"09:00:12";14;32;"ES";"Espírito Santo";"56227";"Vila Valério";3205176;"Vila Valério"
"27/09/2026";"09:00:12";14;32;"ES";"Espírito Santo";"56235";"Cachoeiro De Itapemirim";3201209;"Cachoeiro De Itapemirim"
"27/09/2026";"09:00:12";14;32;"ES";"Espírito Santo";"56251";"Cariacica";3201308;"Cariacica"
"27/09/2026";"09:00:12";14;32;"ES";"Espírito Santo";"56278";"Castelo";3201407;"Castelo"
"27/09/2026";"09:00:12";14;32;"ES";"Espírito Santo";"56294";"Colatina";3201506;"Colatina"
"27/09/2026";"09:00:12";14;32;"ES";"Espírito Santo";"56308";"Governador Lindenberg";3202256;"Governador Lindenberg"
"27/09/2026";"09:00:12";14;32;"ES";"Espírito Santo";"56316";"Conceição Da Barra";3201605;"Conceição Da Barra"
"27/09/2026";"09:00:12";14;32;"ES";"Espírito Santo";"56332";"Conceição Do Castelo";3201704;"Conceição Do Castelo"
"27/09/2026";"09:00:12";14;32;"ES";"Espírito Santo";"56359";"Divino De São Lourenço";3201803;"Divino De São Lourenço"
"27/09/2026";"09:00:12";14;32;"ES";"Espírito Santo";"56375";"Domingos Martins";3201902;"Domingos Martins"
"27/09/2026";"09:00:12";14;32;"ES";"Espírito Santo";"56391";"Dores Do Rio Preto";3202009;"Dores Do Rio Preto"
"27/09/2026";"09:00:12";14;32;"ES";"Espírito Santo";"56413";"Ecoporanga";3202108;"Ecoporanga"
"27/09/2026";"09:00:12";14;32;"ES";"Espírito Santo";"56430";"Fundão";3202207;"Fundão"
"27/09/2026";"09:00:12";14;32;"ES";"Espírito Santo";"56456";"Guaçuí";3202306;"Guaçuí"
"27/09/2026";"09:00:12";14;32;"ES";"Espírito Santo";"56472";"Guarapari";3202405;"Guarapari"
"27/09/2026";"09:00:12";14;32;"ES";"Espírito Santo";"56499";"Ibiraçu";3202504;"Ibiraçu"
"27/09/2026";"09:00:12";14;32;"ES";"Espírito Santo";"56502";"Ibitirama";3202553;"Ibitirama"
"27/09/2026";"09:00:12";14;32;"ES";"Espírito Santo";"56510";"Iconha";3202603;"Iconha"
"27/09/2026";"09:00:12";14;32;"ES";"Espírito Santo";"56537";"Itaguaçu";3202702;"Itaguaçu"
"27/09/2026";"09:00:12";14;32;"ES";"Espírito Santo";"56553";"Itapemirim";3202801;"Itapemirim"
"27/09/2026";"09:00:12";14;32;"ES";"Espírito Santo";"56570";"Itarana";3202900;"Itarana"
"27/09/2026";"09:00:12";14;32;"ES";"Espírito Santo";"56596";"Iúna";3203007;"Iúna"
"27/09/2026";"09:00:12";14;32;"ES";"Espírito Santo";"56618";"Jerônimo Monteiro";3203106;"Jerônimo Monteiro"
"27/09/2026";"09:00:12";14;32;"ES";"Espírito Santo";"56626";"João Neiva";3203130;"João Neiva"
"27/09/2026";"09:00:12";14;32;"ES";"Espírito Santo";"56634";"Linhares";3203205;"Linhares"
"27/09/2026";"09:00:12";14;32;"ES";"Espírito Santo";"56650";"Mantenópolis";3203304;"Mantenópolis"
"27/09/2026";"09:00:12";14;32;"ES";"Espírito Santo";"56677";"Mimoso Do Sul";3203403;"Mimoso Do Sul"
"27/09/2026";"09:00:12";14;32;"ES";"Espírito Santo";"56693";"Montanha";3203502;"Montanha"
"27/09/2026";"09:00:12";14;32;"ES";"Espírito Santo";"56715";"Mucurici";3203601;"Mucurici"
"27/09/2026";"09:00:12";14;32;"ES";"Espírito Santo";"56731";"Muniz Freire";3203700;"Muniz Freire"
"27/09/2026";"09:00:12";14;32;"ES";"Espírito Santo";"56758";"Muqui";3203809;"Muqui"
"27/09/2026";"09:00:12";14;32;"ES";"Espírito Santo";"56774";"Nova Venécia";3203908;"Nova Venécia"
"27/09/2026";"09:00:12";14;32;"ES";"Espírito Santo";"56790";"Pancas";3204005;"Pancas"
"27/09/2026";"09:00:12";14;32;"ES";"Espírito Santo";"56812";"Pinheiros";3204104;"Pinheiros"
"27/09/2026";"09:00:12";14;32;"ES";"Espírito Santo";"56839";"Piúma";3204203;"Piúma"
"27/09/2026";"09:00:12";14;32;"ES";"Espírito Santo";"56855";"Presidente Kennedy";3204302;"Presidente Kennedy"
"27/09/2026";"09:00:12";14;32;"ES";"Espírito Santo";"56871";"Rio Novo Do Sul";3204401;"Rio Novo Do Sul"
"27/09/2026";"09:00:12";14;32;"ES";"Espírito Santo";"56898";"Santa Leopoldina";3204500;"Santa Leopoldina"
"27/09/2026";"09:00:12";14;32;"ES";"Espírito Santo";"56910";"Santa Teresa";3204609;"Santa Teresa"
"27/09/2026";"09:00:12";14;32;"ES";"Espírito Santo";"56936";"São Gabriel Da Palha";3204708;"São Gabriel Da Palha"
"27/09/2026";"09:00:12";14;32;"ES";"Espírito Santo";"56952";"São José Do Calçado";3204807;"São José Do Calçado"
"27/09/2026";"09:00:12";14;32;"ES";"Espírito Santo";"56979";"São Mateus";3204906;"São Mateus"
"27/09/2026";"09:00:12";14;32;"ES";"Espírito Santo";"56995";"Serra";3205002;"Serra"
"27/09/2026";"09:00:12";14;32;"ES";"Espírito Santo";"57010";"Viana";3205101;"Viana"
"27/09/2026";"09:00:12";14;32;"ES";"Espírito Santo";"57037";"Vila Velha";3205200;"Vila Velha"
"27/09/2026";"09:00:12";14;32;"ES";"Espírito Santo";"57053";"Vitória";3205309;"Vitória"
"27/09/2026";"09:00:12";14;32;"ES";"Espírito Santo";"57070";"Marilândia";3203353;"Marilândia"
"27/09/2026";"09:00:12";14;32;"ES";"Espírito Santo";"57096";"Ibatiba";3202454;"Ibatiba"
"27/09/2026";"09:00:12";14;32;"ES";"Espírito Santo";"57118";"Rio Bananal";3204351;"Rio Bananal"
"27/09/2026";"09:00:12";14;32;"ES";"Espírito Santo";"57134";"Jaguaré";3203056;"Jaguaré"
"27/09/2026";"09:00:12";14;32;"ES";"Espírito Santo";"57150";"Pedro Canário";3204054;"Pedro Canário"
"27/09/2026";"09:00:12";14;32;"ES";"Espírito Santo";"57916";"Laranja Da Terra";3203163;"Laranja Da Terra"
"27/09/2026";"09:00:12";14;32;"ES";"Espírito Santo";"57932";"Santa Maria De Jetibá";3204559;"Santa Maria De Jetibá"
"27/09/2026";"09:00:12";14;32;"ES";"Espírito Santo";"57959";"Vargem Alta";3205036;"Vargem Alta"
"27/09/2026";"09:00:12";14;32;"ES";"Espírito Santo";"57975";"Venda Nova Do Imigrante";3205069;"Venda Nova Do Imigrante"
"27/09/2026";"09:00:12";14;32;"ES";"Espírito Santo";"57991";"Águia Branca";3200136;"Águia Branca"
"27/09/2026";"09:00:12";10;52;"GO";"Goiás";"92010";"Abadiânia";5200100;"Abadiânia"
"27/09/2026";"09:00:12";10;52;"GO";"Goiás";"92029";"Bonfinópolis";5203559;"Bonfinópolis"
"27/09/2026";"09:00:12";10;52;"GO";"Goiás";"92037";"Água Limpa";5200209;"Água Limpa"
"27/09/2026";"09:00:12";10;52;"GO";"Goiás";"92053";"Alexânia";5200308;"Alexânia"
"27/09/2026";"09:00:12";10;52;"GO";"Goiás";"92061";"Campos Verdes";5204953;"Campos Verdes"
"27/09/2026";"09:00:12";10;52;"GO";"Goiás";"92096";"Aloândia";5200506;"Aloândia"
"27/09/2026";"09:00:12";10;52;"GO";"Goiás";"92100";"Cezarina";5205455;"Cezarina"
"27/09/2026";"09:00:12";10;52;"GO";"Goiás";"92118";"Alto Paraíso De Goiás";5200605;"Alto Paraíso De Goiás"
"27/09/2026";"09:00:12";10;52;"GO";"Goiás";"92126";"Colinas Do Sul";5205521;"Colinas Do Sul"
"27/09/2026";"09:00:12";10;52;"GO";"Goiás";"92150";"Alvorada Do Norte";5200803;"Alvorada Do Norte"
"27/09/2026";"09:00:12";10;52;"GO";"Goiás";"92169";"Morro Agudo De Goiás";5213855;"Morro Agudo De Goiás"
"27/09/2026";"09:00:12";10;52;"GO";"Goiás";"92177";"Amorinópolis";5200902;"Amorinópolis"
"27/09/2026";"09:00:12";10;52;"GO";"Goiás";"92207";"Edealina";5207352;"Edealina"
"27/09/2026";"09:00:12";10;52;"GO";"Goiás";"92215";"Anápolis";5201108;"Anápolis"
"27/09/2026";"09:00:12";10;52;"GO";"Goiás";"92223";"Faina";5207535;"Faina"
"27/09/2026";"09:00:12";10;52;"GO";"Goiás";"92231";"Anhangüera";5201207;"Anhanguera"
"27/09/2026";"09:00:12";10;52;"GO";"Goiás";"92258";"Anicuns";5201306;"Anicuns"
"27/09/2026";"09:00:12";10;52;"GO";"Goiás";"92266";"Gouvelândia";5209150;"Gouvelândia"
"27/09/2026";"09:00:12";10;52;"GO";"Goiás";"92274";"Aparecida De Goiânia";5201405;"Aparecida De Goiânia"
"27/09/2026";"09:00:12";10;52;"GO";"Goiás";"92282";"Itaguari";5210562;"Itaguari"
"27/09/2026";"09:00:12";10;52;"GO";"Goiás";"92290";"Aporé";5201504;"Aporé"
"27/09/2026";"09:00:12";10;52;"GO";"Goiás";"92312";"Araçu";5201603;"Araçu"
"27/09/2026";"09:00:12";10;52;"GO";"Goiás";"92320";"Matrinchã";5212956;"Matrinchã"
"27/09/2026";"09:00:12";10;52;"GO";"Goiás";"92339";"Aragarças";5201702;"Aragarças"
"27/09/2026";"09:00:12";10;52;"GO";"Goiás";"92347";"Mimoso De Goiás";5213053;"Mimoso De Goiás"
"27/09/2026";"09:00:12";10;52;"GO";"Goiás";"92355";"Aragoiânia";5201801;"Aragoiânia"
"27/09/2026";"09:00:12";10;52;"GO";"Goiás";"92363";"Montividiu";5213756;"Montividiu"
"27/09/2026";"09:00:12";10;52;"GO";"Goiás";"92444";"Novo Planalto";5215256;"Novo Planalto"
"27/09/2026";"09:00:12";10;52;"GO";"Goiás";"92460";"Palestina De Goiás";5215652;"Palestina De Goiás"
"27/09/2026";"09:00:12";10;52;"GO";"Goiás";"92495";"Aruanã";5202502;"Aruanã"
"27/09/2026";"09:00:12";10;52;"GO";"Goiás";"92517";"Aurilândia";5202601;"Aurilândia"
"27/09/2026";"09:00:12";10;52;"GO";"Goiás";"92550";"Avelinópolis";5202809;"Avelinópolis"
"27/09/2026";"09:00:12";10;52;"GO";"Goiás";"92568";"Santa Fé De Goiás";5219258;"Santa Fé De Goiás"
"27/09/2026";"09:00:12";10;52;"GO";"Goiás";"92614";"Baliza";5203104;"Baliza"
"27/09/2026";"09:00:12";10;52;"GO";"Goiás";"92622";"São João Da Paraúna";5220058;"São João Da Paraúna"
"27/09/2026";"09:00:12";10;52;"GO";"Goiás";"92630";"Barro Alto";5203203;"Barro Alto"
"27/09/2026";"09:00:12";10;52;"GO";"Goiás";"92649";"São Luiz Do Norte";5220157;"São Luíz Do Norte"
"27/09/2026";"09:00:12";10;52;"GO";"Goiás";"92657";"Bela Vista De Goiás";5203302;"Bela Vista De Goiás"
"27/09/2026";"09:00:12";10;52;"GO";"Goiás";"92665";"São Miguel Do Passa Quatro";5220264;"São Miguel Do Passa Quatro"
"27/09/2026";"09:00:12";10;52;"GO";"Goiás";"92673";"Bom Jardim De Goiás";5203401;"Bom Jardim De Goiás"
"27/09/2026";"09:00:12";10;52;"GO";"Goiás";"92690";"Bom Jesus";5203500;"Bom Jesus De Goiás"
"27/09/2026";"09:00:12";10;52;"GO";"Goiás";"92703";"Senador Canedo";5220454;"Senador Canedo"
"27/09/2026";"09:00:12";10;52;"GO";"Goiás";"92711";"Brazabrantes";5203609;"Brazabrantes"
"27/09/2026";"09:00:12";10;52;"GO";"Goiás";"92720";"Simolândia";5220686;"Simolândia"
"27/09/2026";"09:00:12";10;52;"GO";"Goiás";"92754";"Britânia";5203807;"Britânia"
"27/09/2026";"09:00:12";10;52;"GO";"Goiás";"92762";"Teresina De Goiás";5221080;"Teresina De Goiás"
"27/09/2026";"09:00:12";10;52;"GO";"Goiás";"92770";"Buriti Alegre";5203906;"Buriti Alegre"
"27/09/2026";"09:00:12";10;52;"GO";"Goiás";"92789";"Trombas";5221452;"Trombas"
"27/09/2026";"09:00:12";10;52;"GO";"Goiás";"92797";"Cabeceiras";5204003;"Cabeceiras"
"27/09/2026";"09:00:12";10;52;"GO";"Goiás";"92800";"Turvelândia";5221551;"Turvelândia"
"27/09/2026";"09:00:12";10;52;"GO";"Goiás";"92819";"Cachoeira Alta";5204102;"Cachoeira Alta"
"27/09/2026";"09:00:12";10;52;"GO";"Goiás";"92827";"Rio Quente";5218789;"Rio Quente"
"27/09/2026";"09:00:12";10;52;"GO";"Goiás";"92835";"Cachoeira De Goiás";5204201;"Cachoeira De Goiás"
"27/09/2026";"09:00:12";10;52;"GO";"Goiás";"92851";"Caçu";5204300;"Caçu"
"27/09/2026";"09:00:12";10;52;"GO";"Goiás";"92860";"Guarinos";5209457;"Guarinos"
"27/09/2026";"09:00:12";10;52;"GO";"Goiás";"92878";"Caiapônia";5204409;"Caiapônia"
"27/09/2026";"09:00:12";10;52;"GO";"Goiás";"92886";"Cocalzinho De Goiás";5205513;"Cocalzinho De Goiás"
"27/09/2026";"09:00:12";10;52;"GO";"Goiás";"92894";"Caldas Novas";5204508;"Caldas Novas"
"27/09/2026";"09:00:12";10;52;"GO";"Goiás";"92908";"Santo Antônio De Goiás";5219738;"Santo Antônio De Goiás"
"27/09/2026";"09:00:12";10;52;"GO";"Goiás";"92916";"Campestre De Goiás";5204607;"Campestre De Goiás"
"27/09/2026";"09:00:12";10;52;"GO";"Goiás";"92924";"Chapadão Do Céu";5205471;"Chapadão Do Céu"
"27/09/2026";"09:00:12";10;52;"GO";"Goiás";"92932";"Campinorte";5204706;"Campinorte"
"27/09/2026";"09:00:12";10;52;"GO";"Goiás";"92940";"Alto Horizonte";5200555;"Alto Horizonte"
"27/09/2026";"09:00:12";10;52;"GO";"Goiás";"92959";"Campo Alegre De Goiás";5204805;"Campo Alegre De Goiás"
"27/09/2026";"09:00:12";10;52;"GO";"Goiás";"92967";"Castelândia";5205059;"Castelândia"
"27/09/2026";"09:00:12";10;52;"GO";"Goiás";"92975";"Campos Belos";5204904;"Campos Belos"
"27/09/2026";"09:00:12";10;52;"GO";"Goiás";"92983";"Jesúpolis";5212055;"Jesúpolis"
"27/09/2026";"09:00:12";10;52;"GO";"Goiás";"92991";"Carmo Do Rio Verde";5205000;"Carmo Do Rio Verde"
"27/09/2026";"09:00:12";10;52;"GO";"Goiás";"93009";"Aparecida Do Rio Doce";5201454;"Aparecida Do Rio Doce"
"27/09/2026";"09:00:12";10;52;"GO";"Goiás";"93017";"Catalão";5205109;"Catalão"
"27/09/2026";"09:00:12";10;52;"GO";"Goiás";"93025";"Cidade Ocidental";5205497;"Cidade Ocidental"
"27/09/2026";"09:00:12";10;52;"GO";"Goiás";"93033";"Caturaí";5205208;"Caturaí"
"27/09/2026";"09:00:12";10;52;"GO";"Goiás";"93041";"Professor Jamil";5218391;"Professor Jamil"
"27/09/2026";"09:00:12";10;52;"GO";"Goiás";"93050";"Cavalcante";5205307;"Cavalcante"
"27/09/2026";"09:00:12";10;52;"GO";"Goiás";"93068";"Perolândia";5216452;"Perolândia"
"27/09/2026";"09:00:12";10;52;"GO";"Goiás";"93076";"Ceres";5205406;"Ceres"
"27/09/2026";"09:00:12";10;52;"GO";"Goiás";"93084";"Nova Iguaçu De Goiás";5214879;"Nova Iguaçu De Goiás"
"27/09/2026";"09:00:12";10;52;"GO";"Goiás";"93092";"Divinópolis De Goiás";5208301;"Divinópolis De Goiás"
"27/09/2026";"09:00:12";10;52;"GO";"Goiás";"93106";"Buriti De Goiás";5203939;"Buriti De Goiás"
"27/09/2026";"09:00:12";10;52;"GO";"Goiás";"93122";"Caldazinha";5204557;"Caldazinha"
"27/09/2026";"09:00:12";10;52;"GO";"Goiás";"93149";"Guaraíta";5209291;"Guaraíta"
"27/09/2026";"09:00:12";10;52;"GO";"Goiás";"93157";"Córrego Do Ouro";5205703;"Córrego Do Ouro"
"27/09/2026";"09:00:12";10;52;"GO";"Goiás";"93165";"Inaciolândia";5209937;"Inaciolândia"
"27/09/2026";"09:00:12";10;52;"GO";"Goiás";"93173";"Corumbá De Goiás";5205802;"Corumbá De Goiás"
"27/09/2026";"09:00:12";10;52;"GO";"Goiás";"93181";"Montividiu Do Norte";5213772;"Montividiu Do Norte"
"27/09/2026";"09:00:12";10;52;"GO";"Goiás";"93190";"Corumbaíba";5205901;"Corumbaíba"
"27/09/2026";"09:00:12";10;52;"GO";"Goiás";"93203";"Santo Antônio Da Barra";5219712;"Santo Antônio Da Barra"
"27/09/2026";"09:00:12";10;52;"GO";"Goiás";"93220";"Terezópolis De Goiás";5221197;"Terezópolis De Goiás"
"27/09/2026";"09:00:12";10;52;"GO";"Goiás";"93246";"Uirapuru";5221577;"Uirapuru"
"27/09/2026";"09:00:12";10;52;"GO";"Goiás";"93254";"Cristalina";5206206;"Cristalina"
"27/09/2026";"09:00:12";10;52;"GO";"Goiás";"93262";"Buritinópolis";5203962;"Buritinópolis"
"27/09/2026";"09:00:12";10;52;"GO";"Goiás";"93270";"Cristianópolis";5206305;"Cristianópolis"
"27/09/2026";"09:00:12";10;52;"GO";"Goiás";"93289";"Vila Boa";5222203;"Vila Boa"
"27/09/2026";"09:00:12";10;52;"GO";"Goiás";"93297";"Crixás";5206404;"Crixás"
"27/09/2026";"09:00:12";10;52;"GO";"Goiás";"93300";"Valparaíso De Goiás";5221858;"Valparaíso De Goiás"
"27/09/2026";"09:00:12";10;52;"GO";"Goiás";"93319";"Cromínia";5206503;"Cromínia"
"27/09/2026";"09:00:12";10;52;"GO";"Goiás";"93327";"Novo Gama";5215231;"Novo Gama"
"27/09/2026";"09:00:12";10;52;"GO";"Goiás";"93335";"Cumari";5206602;"Cumari"
"27/09/2026";"09:00:12";10;52;"GO";"Goiás";"93343";"Águas Lindas De Goiás";5200258;"Águas Lindas De Goiás"
"27/09/2026";"09:00:12";10;52;"GO";"Goiás";"93351";"Damianópolis";5206701;"Damianópolis"
"27/09/2026";"09:00:12";10;52;"GO";"Goiás";"93360";"Abadia De Goiás";5200050;"Abadia De Goiás"
"27/09/2026";"09:00:12";10;52;"GO";"Goiás";"93378";"Damolândia";5206800;"Damolândia"
"27/09/2026";"09:00:12";10;52;"GO";"Goiás";"93386";"Amaralina";5200829;"Amaralina"
"27/09/2026";"09:00:12";10;52;"GO";"Goiás";"93394";"Davinópolis";5206909;"Davinópolis"
"27/09/2026";"09:00:12";10;52;"GO";"Goiás";"93408";"Bonópolis";5203575;"Bonópolis"
"27/09/2026";"09:00:12";10;52;"GO";"Goiás";"93424";"Porteirão";5218052;"Porteirão"
"27/09/2026";"09:00:12";10;52;"GO";"Goiás";"93432";"Diorama";5207105;"Diorama"
"27/09/2026";"09:00:12";10;52;"GO";"Goiás";"93440";"Santa Rita Do Novo Destino";5219456;"Santa Rita Do Novo Destino"
"27/09/2026";"09:00:12";10;52;"GO";"Goiás";"93483";"São Patrício";5220280;"São Patrício"
"27/09/2026";"09:00:12";10;52;"GO";"Goiás";"93491";"Edéia";5207402;"Edéia"
"27/09/2026";"09:00:12";10;52;"GO";"Goiás";"93505";"Vila Propício";5222302;"Vila Propício"
"27/09/2026";"09:00:12";10;52;"GO";"Goiás";"93513";"Estrela Do Norte";5207501;"Estrela Do Norte"
"27/09/2026";"09:00:12";10;52;"GO";"Goiás";"93530";"Fazenda Nova";5207600;"Fazenda Nova"
"27/09/2026";"09:00:12";10;52;"GO";"Goiás";"93548";"Ipiranga De Goiás";5210158;"Ipiranga De Goiás"
"27/09/2026";"09:00:12";10;52;"GO";"Goiás";"93564";"Gameleira De Goiás";5208152;"Gameleira De Goiás"
"27/09/2026";"09:00:12";10;52;"GO";"Goiás";"93572";"Firminópolis";5207808;"Firminópolis"
"27/09/2026";"09:00:12";10;52;"GO";"Goiás";"93580";"Campo Limpo De Goiás";5204854;"Campo Limpo De Goiás"
"27/09/2026";"09:00:12";10;52;"GO";"Goiás";"93599";"Flores De Goiás";5207907;"Flores De Goiás"
"27/09/2026";"09:00:12";10;52;"GO";"Goiás";"93602";"Lagoa Santa";5212253;"Lagoa Santa"
"27/09/2026";"09:00:12";10;52;"GO";"Goiás";"93610";"Formosa";5208004;"Formosa"
"27/09/2026";"09:00:12";10;52;"GO";"Goiás";"93637";"Formoso";5208103;"Formoso"
"27/09/2026";"09:00:12";10;52;"GO";"Goiás";"93670";"Goianápolis";5208400;"Goianápolis"
"27/09/2026";"09:00:12";10;52;"GO";"Goiás";"93696";"Goiandira";5208509;"Goiandira"
"27/09/2026";"09:00:12";10;52;"GO";"Goiás";"93718";"Goianésia";5208608;"Goianésia"
"27/09/2026";"09:00:12";10;52;"GO";"Goiás";"93734";"Goiânia";5208707;"Goiânia"
"27/09/2026";"09:00:12";10;52;"GO";"Goiás";"93750";"Goianira";5208806;"Goianira"
"27/09/2026";"09:00:12";10;52;"GO";"Goiás";"93777";"Goiás";5208905;"Goiás"
"27/09/2026";"09:00:12";10;52;"GO";"Goiás";"93793";"Goiatuba";5209101;"Goiatuba"
"27/09/2026";"09:00:12";10;52;"GO";"Goiás";"93815";"Guapó";5209200;"Guapó"
"27/09/2026";"09:00:12";10;52;"GO";"Goiás";"93831";"Guarani De Goiás";5209408;"Guarani De Goiás"
"27/09/2026";"09:00:12";10;52;"GO";"Goiás";"93874";"Heitoraí";5209606;"Heitoraí"
"27/09/2026";"09:00:12";10;52;"GO";"Goiás";"93890";"Hidrolândia";5209705;"Hidrolândia"
"27/09/2026";"09:00:12";10;52;"GO";"Goiás";"93912";"Hidrolina";5209804;"Hidrolina"
"27/09/2026";"09:00:12";10;52;"GO";"Goiás";"93939";"Iaciara";5209903;"Iaciara"
"27/09/2026";"09:00:12";10;52;"GO";"Goiás";"93955";"Inhumas";5210000;"Inhumas"
"27/09/2026";"09:00:12";10;52;"GO";"Goiás";"93971";"Ipameri";5210109;"Ipameri"
"27/09/2026";"09:00:12";10;52;"GO";"Goiás";"93998";"Iporá";5210208;"Iporá"
"27/09/2026";"09:00:12";10;52;"GO";"Goiás";"94013";"Israelândia";5210307;"Israelândia"
"27/09/2026";"09:00:12";10;52;"GO";"Goiás";"94030";"Itaberaí";5210406;"Itaberaí"
"27/09/2026";"09:00:12";10;52;"GO";"Goiás";"94072";"Itaguaru";5210604;"Itaguaru"
"27/09/2026";"09:00:12";10;52;"GO";"Goiás";"94110";"Itajá";5210802;"Itajá"
"27/09/2026";"09:00:12";10;52;"GO";"Goiás";"94137";"Itapaci";5210901;"Itapaci"
"27/09/2026";"09:00:12";10;52;"GO";"Goiás";"94153";"Itapirapuã";5211008;"Itapirapuã"
"27/09/2026";"09:00:12";10;52;"GO";"Goiás";"94196";"Itapuranga";5211206;"Itapuranga"
"27/09/2026";"09:00:12";10;52;"GO";"Goiás";"94218";"Itarumã";5211305;"Itarumã"
"27/09/2026";"09:00:12";10;52;"GO";"Goiás";"94234";"Itauçu";5211404;"Itauçu"
"27/09/2026";"09:00:12";10;52;"GO";"Goiás";"94250";"Itumbiara";5211503;"Itumbiara"
"27/09/2026";"09:00:12";10;52;"GO";"Goiás";"94277";"Ivolândia";5211602;"Ivolândia"
"27/09/2026";"09:00:12";10;52;"GO";"Goiás";"94293";"Jandaia";5211701;"Jandaia"
"27/09/2026";"09:00:12";10;52;"GO";"Goiás";"94315";"Jaraguá";5211800;"Jaraguá"
"27/09/2026";"09:00:12";10;52;"GO";"Goiás";"94331";"Jataí";5211909;"Jataí"
"27/09/2026";"09:00:12";10;52;"GO";"Goiás";"94358";"Jaupaci";5212006;"Jaupaci"
"27/09/2026";"09:00:12";10;52;"GO";"Goiás";"94374";"Joviânia";5212105;"Joviânia"
"27/09/2026";"09:00:12";10;52;"GO";"Goiás";"94390";"Jussara";5212204;"Jussara"
"27/09/2026";"09:00:12";10;52;"GO";"Goiás";"94439";"Leopoldo De Bulhões";5212303;"Leopoldo De Bulhões"
"27/09/2026";"09:00:12";10;52;"GO";"Goiás";"94455";"Luziânia";5212501;"Luziânia"
"27/09/2026";"09:00:12";10;52;"GO";"Goiás";"94471";"Mairipotaba";5212600;"Mairipotaba"
"27/09/2026";"09:00:12";10;52;"GO";"Goiás";"94498";"Mambaí";5212709;"Mambaí"
"27/09/2026";"09:00:12";10;52;"GO";"Goiás";"94510";"Mara Rosa";5212808;"Mara Rosa"
"27/09/2026";"09:00:12";10;52;"GO";"Goiás";"94536";"Marzagão";5212907;"Marzagão"
"27/09/2026";"09:00:12";10;52;"GO";"Goiás";"94552";"Paranaiguara";5216304;"Paranaiguara"
"27/09/2026";"09:00:12";10;52;"GO";"Goiás";"94579";"Maurilândia";5213004;"Maurilândia"
"27/09/2026";"09:00:12";10;52;"GO";"Goiás";"94595";"Mineiros";5213103;"Mineiros"
"27/09/2026";"09:00:12";10;52;"GO";"Goiás";"94650";"Moiporá";5213400;"Moiporá"
"27/09/2026";"09:00:12";10;52;"GO";"Goiás";"94676";"Monte Alegre De Goiás";5213509;"Monte Alegre De Goiás"
"27/09/2026";"09:00:12";10;52;"GO";"Goiás";"94714";"Montes Claros De Goiás";5213707;"Montes Claros De Goiás"
"27/09/2026";"09:00:12";10;52;"GO";"Goiás";"94730";"Morrinhos";5213806;"Morrinhos"
"27/09/2026";"09:00:12";10;52;"GO";"Goiás";"94757";"Mossâmedes";5213905;"Mossâmedes"
"27/09/2026";"09:00:12";10;52;"GO";"Goiás";"94773";"Mozarlândia";5214002;"Mozarlândia"
"27/09/2026";"09:00:12";10;52;"GO";"Goiás";"94790";"Mutunópolis";5214101;"Mutunópolis"
"27/09/2026";"09:00:12";10;52;"GO";"Goiás";"94854";"Nazário";5214408;"Nazário"
"27/09/2026";"09:00:12";10;52;"GO";"Goiás";"94870";"Nerópolis";5214507;"Nerópolis"
"27/09/2026";"09:00:12";10;52;"GO";"Goiás";"94897";"Niquelândia";5214606;"Niquelândia"
"27/09/2026";"09:00:12";10;52;"GO";"Goiás";"94919";"Nova América";5214705;"Nova América"
"27/09/2026";"09:00:12";10;52;"GO";"Goiás";"94935";"Nova Aurora";5214804;"Nova Aurora"
"27/09/2026";"09:00:12";10;52;"GO";"Goiás";"94951";"Nova Roma";5214903;"Nova Roma"
"27/09/2026";"09:00:12";10;52;"GO";"Goiás";"94978";"Nova Veneza";5215009;"Nova Veneza"
"27/09/2026";"09:00:12";10;52;"GO";"Goiás";"95010";"Novo Brasil";5215207;"Novo Brasil"
"27/09/2026";"09:00:12";10;52;"GO";"Goiás";"95036";"Orizona";5215306;"Orizona"
"27/09/2026";"09:00:12";10;52;"GO";"Goiás";"95052";"Ouro Verde De Goiás";5215405;"Ouro Verde De Goiás"
"27/09/2026";"09:00:12";10;52;"GO";"Goiás";"95079";"Ouvidor";5215504;"Ouvidor"
"27/09/2026";"09:00:12";10;52;"GO";"Goiás";"95095";"Padre Bernardo";5215603;"Padre Bernardo"
"27/09/2026";"09:00:12";10;52;"GO";"Goiás";"95117";"Palmeiras De Goiás";5215702;"Palmeiras De Goiás"
"27/09/2026";"09:00:12";10;52;"GO";"Goiás";"95133";"Palmelo";5215801;"Palmelo"
"27/09/2026";"09:00:12";10;52;"GO";"Goiás";"95150";"Palminópolis";5215900;"Palminópolis"
"27/09/2026";"09:00:12";10;52;"GO";"Goiás";"95176";"Panamá";5216007;"Panamá"
"27/09/2026";"09:00:12";10;52;"GO";"Goiás";"95230";"Paraúna";5216403;"Paraúna"
"27/09/2026";"09:00:12";10;52;"GO";"Goiás";"95311";"Petrolina De Goiás";5216809;"Petrolina De Goiás"
"27/09/2026";"09:00:12";10;52;"GO";"Goiás";"95354";"Pilar De Goiás";5216908;"Pilar De Goiás"
"27/09/2026";"09:00:12";10;52;"GO";"Goiás";"95397";"Piracanjuba";5217104;"Piracanjuba"
"27/09/2026";"09:00:12";10;52;"GO";"Goiás";"95419";"Piranhas";5217203;"Piranhas"
"27/09/2026";"09:00:12";10;52;"GO";"Goiás";"95435";"Pirenópolis";5217302;"Pirenópolis"
"27/09/2026";"09:00:12";10;52;"GO";"Goiás";"95451";"Pires Do Rio";5217401;"Pires Do Rio"
"27/09/2026";"09:00:12";10;52;"GO";"Goiás";"95494";"Pontalina";5217708;"Pontalina"
"27/09/2026";"09:00:12";10;52;"GO";"Goiás";"95559";"Porangatu";5218003;"Porangatu"
"27/09/2026";"09:00:12";10;52;"GO";"Goiás";"95575";"Portelândia";5218102;"Portelândia"
"27/09/2026";"09:00:12";10;52;"GO";"Goiás";"95613";"Posse";5218300;"Posse"
"27/09/2026";"09:00:12";10;52;"GO";"Goiás";"95630";"Quirinópolis";5218508;"Quirinópolis"
"27/09/2026";"09:00:12";10;52;"GO";"Goiás";"95656";"Rialma";5218607;"Rialma"
"27/09/2026";"09:00:12";10;52;"GO";"Goiás";"95672";"Rianápolis";5218706;"Rianápolis"
"27/09/2026";"09:00:12";10;52;"GO";"Goiás";"95710";"Rio Verde";5218805;"Rio Verde"
"27/09/2026";"09:00:12";10;52;"GO";"Goiás";"95737";"Rubiataba";5218904;"Rubiataba"
"27/09/2026";"09:00:12";10;52;"GO";"Goiás";"95753";"Sanclerlândia";5219001;"Sanclerlândia"
"27/09/2026";"09:00:12";10;52;"GO";"Goiás";"95770";"Santa Bárbara De Goiás";5219100;"Santa Bárbara De Goiás"
"27/09/2026";"09:00:12";10;52;"GO";"Goiás";"95796";"Santa Cruz De Goiás";5219209;"Santa Cruz De Goiás"
"27/09/2026";"09:00:12";10;52;"GO";"Goiás";"95818";"Santa Helena De Goiás";5219308;"Santa Helena De Goiás"
"27/09/2026";"09:00:12";10;52;"GO";"Goiás";"95834";"Santa Rita Do Araguaia";5219407;"Santa Rita Do Araguaia"
"27/09/2026";"09:00:12";10;52;"GO";"Goiás";"95850";"Santa Rosa De Goiás";5219506;"Santa Rosa De Goiás"
"27/09/2026";"09:00:12";10;52;"GO";"Goiás";"95877";"Santa Tereza De Goiás";5219605;"Santa Tereza De Goiás"
"27/09/2026";"09:00:12";10;52;"GO";"Goiás";"95893";"Santa Terezinha De Goiás";5219704;"Santa Terezinha De Goiás"
"27/09/2026";"09:00:12";10;52;"GO";"Goiás";"95915";"São Domingos";5219803;"São Domingos"
"27/09/2026";"09:00:12";10;52;"GO";"Goiás";"95931";"São Francisco De Goiás";5219902;"São Francisco De Goiás"
"27/09/2026";"09:00:12";10;52;"GO";"Goiás";"95958";"Planaltina";5217609;"Planaltina"
"27/09/2026";"09:00:12";10;52;"GO";"Goiás";"95974";"São João D'Aliança";5220009;"São João D'Aliança"
"27/09/2026";"09:00:12";10;52;"GO";"Goiás";"95990";"São Luís De Montes Belos";5220108;"São Luís De Montes Belos"
"27/09/2026";"09:00:12";10;52;"GO";"Goiás";"96016";"São Miguel Do Araguaia";5220207;"São Miguel Do Araguaia"
"27/09/2026";"09:00:12";10;52;"GO";"Goiás";"96059";"São Simão";5220405;"São Simão"
"27/09/2026";"09:00:12";10;52;"GO";"Goiás";"96075";"Serranópolis";5220504;"Serranópolis"
"27/09/2026";"09:00:12";10;52;"GO";"Goiás";"96091";"Silvânia";5220603;"Silvânia"
"27/09/2026";"09:00:12";10;52;"GO";"Goiás";"96113";"Sítio D'Abadia";5220702;"Sítio D'Abadia"
"27/09/2026";"09:00:12";10;52;"GO";"Goiás";"96172";"Taquaral De Goiás";5221007;"Taquaral De Goiás"
"27/09/2026";"09:00:12";10;52;"GO";"Goiás";"96237";"Três Ranchos";5221304;"Três Ranchos"
"27/09/2026";"09:00:12";10;52;"GO";"Goiás";"96253";"Trindade";5221403;"Trindade"
"27/09/2026";"09:00:12";10;52;"GO";"Goiás";"96318";"Turvânia";5221502;"Turvânia"
"27/09/2026";"09:00:12";10;52;"GO";"Goiás";"96334";"Uruaçu";5221601;"Uruaçu"
"27/09/2026";"09:00:12";10;52;"GO";"Goiás";"96350";"Uruana";5221700;"Uruana"
"27/09/2026";"09:00:12";10;52;"GO";"Goiás";"96377";"Urutaí";5221809;"Urutaí"
"27/09/2026";"09:00:12";10;52;"GO";"Goiás";"96393";"Varjão";5221908;"Varjão"
"27/09/2026";"09:00:12";10;52;"GO";"Goiás";"96415";"Vianópolis";5222005;"Vianópolis"
"27/09/2026";"09:00:12";10;52;"GO";"Goiás";"96458";"Acreúna";5200134;"Acreúna"
"27/09/2026";"09:00:12";10;52;"GO";"Goiás";"96474";"Minaçu";5213087;"Minaçu"
"27/09/2026";"09:00:12";10;52;"GO";"Goiás";"96512";"Mundo Novo";5214051;"Mundo Novo"
"27/09/2026";"09:00:12";10;52;"GO";"Goiás";"96539";"Nova Crixás";5214838;"Nova Crixás"
"27/09/2026";"09:00:12";10;52;"GO";"Goiás";"96555";"Nova Glória";5214861;"Nova Glória"
"27/09/2026";"09:00:12";10;52;"GO";"Goiás";"96571";"Vicentinópolis";5222054;"Vicentinópolis"
"27/09/2026";"09:00:12";10;52;"GO";"Goiás";"96610";"Americano Do Brasil";5200852;"Americano Do Brasil"
"27/09/2026";"09:00:12";10;52;"GO";"Goiás";"96695";"Araguapaz";5202155;"Araguapaz"
"27/09/2026";"09:00:12";10;52;"GO";"Goiás";"96717";"Arenópolis";5202353;"Arenópolis"
"27/09/2026";"09:00:12";10;52;"GO";"Goiás";"96733";"Cachoeira Dourada";5204250;"Cachoeira Dourada"
"27/09/2026";"09:00:12";10;52;"GO";"Goiás";"96750";"Doverlândia";5207253;"Doverlândia"
"27/09/2026";"09:00:12";10;52;"GO";"Goiás";"96776";"Santo Antônio Do Descoberto";5219753;"Santo Antônio Do Descoberto"
"27/09/2026";"09:00:12";10;52;"GO";"Goiás";"96814";"Indiara";5209952;"Indiara"
"27/09/2026";"09:00:12";10;52;"GO";"Goiás";"96873";"Campinaçu";5204656;"Campinaçu"
"27/09/2026";"09:00:12";10;52;"GO";"Goiás";"96890";"Santa Isabel";5219357;"Santa Isabel"
"27/09/2026";"09:00:12";10;52;"GO";"Goiás";"96911";"Adelândia";5200159;"Adelândia"
"27/09/2026";"09:00:12";10;52;"GO";"Goiás";"96938";"Água Fria De Goiás";5200175;"Água Fria De Goiás"
"27/09/2026";"09:00:12";11;21;"MA";"Maranhão";"07005";"Água Doce Do Maranhão";2100154;"Água Doce Do Maranhão"
"27/09/2026";"09:00:12";11;21;"MA";"Maranhão";"07013";"Afonso Cunha";2100105;"Afonso Cunha"
"27/09/2026";"09:00:12";11;21;"MA";"Maranhão";"07021";"Alto Alegre Do Maranhão";2100436;"Alto Alegre Do Maranhão"
"27/09/2026";"09:00:12";11;21;"MA";"Maranhão";"07030";"Alcântara";2100204;"Alcântara"
"27/09/2026";"09:00:12";11;21;"MA";"Maranhão";"07048";"Alto Alegre Do Pindaré";2100477;"Alto Alegre Do Pindaré"
"27/09/2026";"09:00:12";11;21;"MA";"Maranhão";"07056";"Aldeias Altas";2100303;"Aldeias Altas"
"27/09/2026";"09:00:12";11;21;"MA";"Maranhão";"07064";"Apicum-Açu";2100832;"Apicum-Açu"
"27/09/2026";"09:00:12";11;21;"MA";"Maranhão";"07072";"Altamira Do Maranhão";2100402;"Altamira Do Maranhão"
"27/09/2026";"09:00:12";11;21;"MA";"Maranhão";"07080";"Amapá Do Maranhão";2100550;"Amapá Do Maranhão"
"27/09/2026";"09:00:12";11;21;"MA";"Maranhão";"07099";"Alto Parnaíba";2100501;"Alto Parnaíba"
"27/09/2026";"09:00:12";11;21;"MA";"Maranhão";"07102";"Araguanã";2100873;"Araguanã"
"27/09/2026";"09:00:12";11;21;"MA";"Maranhão";"07110";"Amarante Do Maranhão";2100600;"Amarante Do Maranhão"
"27/09/2026";"09:00:12";11;21;"MA";"Maranhão";"07129";"Bacabeira";2101251;"Bacabeira"
"27/09/2026";"09:00:12";11;21;"MA";"Maranhão";"07137";"Anajatuba";2100709;"Anajatuba"
"27/09/2026";"09:00:12";11;21;"MA";"Maranhão";"07145";"Bacurituba";2101350;"Bacurituba"
"27/09/2026";"09:00:12";11;21;"MA";"Maranhão";"07153";"Anapurus";2100808;"Anapurus"
"27/09/2026";"09:00:12";11;21;"MA";"Maranhão";"07161";"Belágua";2101731;"Belágua"
"27/09/2026";"09:00:12";11;21;"MA";"Maranhão";"07170";"Araioses";2100907;"Araioses"
"27/09/2026";"09:00:12";11;21;"MA";"Maranhão";"07188";"Bela Vista Do Maranhão";2101772;"Bela Vista Do Maranhão"
"27/09/2026";"09:00:12";11;21;"MA";"Maranhão";"07196";"Arari";2101004;"Arari"
"27/09/2026";"09:00:12";11;21;"MA";"Maranhão";"07200";"Bernardo Do Mearim";2101939;"Bernardo Do Mearim"
"27/09/2026";"09:00:12";11;21;"MA";"Maranhão";"07218";"Axixá";2101103;"Axixá"
"27/09/2026";"09:00:12";11;21;"MA";"Maranhão";"07226";"Cachoeira Grande";2102374;"Cachoeira Grande"
"27/09/2026";"09:00:12";11;21;"MA";"Maranhão";"07234";"Bacabal";2101202;"Bacabal"
"27/09/2026";"09:00:12";11;21;"MA";"Maranhão";"07242";"Davinópolis";2103752;"Davinópolis"
"27/09/2026";"09:00:12";11;21;"MA";"Maranhão";"07250";"Bacuri";2101301;"Bacuri"
"27/09/2026";"09:00:12";11;21;"MA";"Maranhão";"07269";"Bom Jesus Das Selvas";2102036;"Bom Jesus Das Selvas"
"27/09/2026";"09:00:12";11;21;"MA";"Maranhão";"07277";"Balsas";2101400;"Balsas"
"27/09/2026";"09:00:12";11;21;"MA";"Maranhão";"07285";"Bom Lugar";2102077;"Bom Lugar"
"27/09/2026";"09:00:12";11;21;"MA";"Maranhão";"07293";"Barão De Grajaú";2101509;"Barão De Grajaú"
"27/09/2026";"09:00:12";11;21;"MA";"Maranhão";"07307";"Brejo De Areia";2102150;"Brejo De Areia"
"27/09/2026";"09:00:12";11;21;"MA";"Maranhão";"07315";"Barra Do Corda";2101608;"Barra Do Corda"
"27/09/2026";"09:00:12";11;21;"MA";"Maranhão";"07323";"Boa Vista Do Gurupi";2101970;"Boa Vista Do Gurupi"
"27/09/2026";"09:00:12";11;21;"MA";"Maranhão";"07331";"Barreirinhas";2101707;"Barreirinhas"
"27/09/2026";"09:00:12";11;21;"MA";"Maranhão";"07340";"Buriticupu";2102325;"Buriticupu"
"27/09/2026";"09:00:12";11;21;"MA";"Maranhão";"07358";"Benedito Leite";2101806;"Benedito Leite"
"27/09/2026";"09:00:12";11;21;"MA";"Maranhão";"07366";"Buritirana";2102358;"Buritirana"
"27/09/2026";"09:00:12";11;21;"MA";"Maranhão";"07374";"Bequimão";2101905;"Bequimão"
"27/09/2026";"09:00:12";11;21;"MA";"Maranhão";"07382";"Campestre Do Maranhão";2102556;"Campestre Do Maranhão"
"27/09/2026";"09:00:12";11;21;"MA";"Maranhão";"07390";"Brejo";2102101;"Brejo"
"27/09/2026";"09:00:12";11;21;"MA";"Maranhão";"07404";"Capinzal Do Norte";2102754;"Capinzal Do Norte"
"27/09/2026";"09:00:12";11;21;"MA";"Maranhão";"07412";"Buriti";2102200;"Buriti"
"27/09/2026";"09:00:12";11;21;"MA";"Maranhão";"07420";"Central Do Maranhão";2103125;"Central Do Maranhão"
"27/09/2026";"09:00:12";11;21;"MA";"Maranhão";"07439";"Buriti Bravo";2102309;"Buriti Bravo"
"27/09/2026";"09:00:12";11;21;"MA";"Maranhão";"07447";"Centro Do Guilherme";2103158;"Centro Do Guilherme"
"27/09/2026";"09:00:12";11;21;"MA";"Maranhão";"07455";"Cajapió";2102408;"Cajapió"
"27/09/2026";"09:00:12";11;21;"MA";"Maranhão";"07463";"Centro Novo Do Maranhão";2103174;"Centro Novo Do Maranhão"
"27/09/2026";"09:00:12";11;21;"MA";"Maranhão";"07471";"Cajari";2102507;"Cajari"
"27/09/2026";"09:00:12";11;21;"MA";"Maranhão";"07480";"Cidelândia";2103257;"Cidelândia"
"27/09/2026";"09:00:12";11;21;"MA";"Maranhão";"07498";"Cândido Mendes";2102606;"Cândido Mendes"
"27/09/2026";"09:00:12";11;21;"MA";"Maranhão";"07501";"Conceição Do Lago-Açu";2103554;"Conceição Do Lago-Açu"
"27/09/2026";"09:00:12";11;21;"MA";"Maranhão";"07510";"Cantanhede";2102705;"Cantanhede"
"27/09/2026";"09:00:12";11;21;"MA";"Maranhão";"07528";"Feira Nova Do Maranhão";2104073;"Feira Nova Do Maranhão"
"27/09/2026";"09:00:12";11;21;"MA";"Maranhão";"07536";"Carolina";2102804;"Carolina"
"27/09/2026";"09:00:12";11;21;"MA";"Maranhão";"07544";"Fernando Falcão";2104081;"Fernando Falcão"
"27/09/2026";"09:00:12";11;21;"MA";"Maranhão";"07552";"Carutapera";2102903;"Carutapera"
"27/09/2026";"09:00:12";11;21;"MA";"Maranhão";"07560";"Formosa Da Serra Negra";2104099;"Formosa Da Serra Negra"
"27/09/2026";"09:00:12";11;21;"MA";"Maranhão";"07579";"Caxias";2103000;"Caxias"
"27/09/2026";"09:00:12";11;21;"MA";"Maranhão";"07595";"Cedral";2103109;"Cedral"
"27/09/2026";"09:00:12";11;21;"MA";"Maranhão";"07609";"Governador Edison Lobão";2104552;"Governador Edison Lobão"
"27/09/2026";"09:00:12";11;21;"MA";"Maranhão";"07617";"Chapadinha";2103208;"Chapadinha"
"27/09/2026";"09:00:12";11;21;"MA";"Maranhão";"07625";"Governador Luiz Rocha";2104628;"Governador Luiz Rocha"
"27/09/2026";"09:00:12";11;21;"MA";"Maranhão";"07633";"Codó";2103307;"Codó"
"27/09/2026";"09:00:12";11;21;"MA";"Maranhão";"07641";"Governador Newton Bello";2104651;"Governador Newton Bello"
"27/09/2026";"09:00:12";11;21;"MA";"Maranhão";"07650";"Coelho Neto";2103406;"Coelho Neto"
"27/09/2026";"09:00:12";11;21;"MA";"Maranhão";"07668";"Governador Nunes Freire";2104677;"Governador Nunes Freire"
"27/09/2026";"09:00:12";11;21;"MA";"Maranhão";"07676";"Colinas";2103505;"Colinas"
"27/09/2026";"09:00:12";11;21;"MA";"Maranhão";"07684";"Igarapé Do Meio";2105153;"Igarapé Do Meio"
"27/09/2026";"09:00:12";11;21;"MA";"Maranhão";"07692";"Coroatá";2103604;"Coroatá"
"27/09/2026";"09:00:12";11;21;"MA";"Maranhão";"07706";"Itaipava Do Grajaú";2105351;"Itaipava Do Grajaú"
"27/09/2026";"09:00:12";11;21;"MA";"Maranhão";"07714";"Cururupu";2103703;"Cururupu"
"27/09/2026";"09:00:12";11;21;"MA";"Maranhão";"07722";"Itinga Do Maranhão";2105427;"Itinga Do Maranhão"
"27/09/2026";"09:00:12";11;21;"MA";"Maranhão";"07730";"Dom Pedro";2103802;"Dom Pedro"
"27/09/2026";"09:00:12";11;21;"MA";"Maranhão";"07749";"Jatobá";2105450;"Jatobá"
"27/09/2026";"09:00:12";11;21;"MA";"Maranhão";"07757";"Duque Bacelar";2103901;"Duque Bacelar"
"27/09/2026";"09:00:12";11;21;"MA";"Maranhão";"07765";"Jenipapo Dos Vieiras";2105476;"Jenipapo Dos Vieiras"
"27/09/2026";"09:00:12";11;21;"MA";"Maranhão";"07773";"Esperantinópolis";2104008;"Esperantinópolis"
"27/09/2026";"09:00:12";11;21;"MA";"Maranhão";"07781";"Junco Do Maranhão";2105658;"Junco Do Maranhão"
"27/09/2026";"09:00:12";11;21;"MA";"Maranhão";"07790";"Fortaleza Dos Nogueiras";2104107;"Fortaleza Dos Nogueiras"
"27/09/2026";"09:00:12";11;21;"MA";"Maranhão";"07803";"Lago Dos Rodrigues";2105948;"Lago Dos Rodrigues"
"27/09/2026";"09:00:12";11;21;"MA";"Maranhão";"07811";"Fortuna";2104206;"Fortuna"
"27/09/2026";"09:00:12";11;21;"MA";"Maranhão";"07820";"Lagoa Do Mato";2105922;"Lagoa Do Mato"
"27/09/2026";"09:00:12";11;21;"MA";"Maranhão";"07838";"Godofredo Viana";2104305;"Godofredo Viana"
"27/09/2026";"09:00:12";11;21;"MA";"Maranhão";"07846";"Lagoa Grande Do Maranhão";2105963;"Lagoa Grande Do Maranhão"
"27/09/2026";"09:00:12";11;21;"MA";"Maranhão";"07854";"Gonçalves Dias";2104404;"Gonçalves Dias"
"27/09/2026";"09:00:12";11;21;"MA";"Maranhão";"07862";"Lajeado Novo";2105989;"Lajeado Novo"
"27/09/2026";"09:00:12";11;21;"MA";"Maranhão";"07870";"Governador Archer";2104503;"Governador Archer"
"27/09/2026";"09:00:12";11;21;"MA";"Maranhão";"07889";"Maracaçumé";2106326;"Maracaçumé"
"27/09/2026";"09:00:12";11;21;"MA";"Maranhão";"07897";"Governador Eugênio Barros";2104602;"Governador Eugênio Barros"
"27/09/2026";"09:00:12";11;21;"MA";"Maranhão";"07900";"Marajá Do Sena";2106359;"Marajá Do Sena"
"27/09/2026";"09:00:12";11;21;"MA";"Maranhão";"07919";"Graça Aranha";2104701;"Graça Aranha"
"27/09/2026";"09:00:12";11;21;"MA";"Maranhão";"07927";"Maranhãozinho";2106375;"Maranhãozinho"
"27/09/2026";"09:00:12";11;21;"MA";"Maranhão";"07935";"Grajaú";2104800;"Grajaú"
"27/09/2026";"09:00:12";11;21;"MA";"Maranhão";"07943";"Matões Do Norte";2106631;"Matões Do Norte"
"27/09/2026";"09:00:12";11;21;"MA";"Maranhão";"07951";"Guimarães";2104909;"Guimarães"
"27/09/2026";"09:00:12";11;21;"MA";"Maranhão";"07960";"Milagres Do Maranhão";2106672;"Milagres Do Maranhão"
"27/09/2026";"09:00:12";11;21;"MA";"Maranhão";"07978";"Humberto De Campos";2105005;"Humberto De Campos"
"27/09/2026";"09:00:12";11;21;"MA";"Maranhão";"07986";"Nova Colinas";2107258;"Nova Colinas"
"27/09/2026";"09:00:12";11;21;"MA";"Maranhão";"07994";"Icatu";2105104;"Icatu"
"27/09/2026";"09:00:12";11;21;"MA";"Maranhão";"08001";"Nova Olinda Do Maranhão";2107357;"Nova Olinda Do Maranhão"
"27/09/2026";"09:00:12";11;21;"MA";"Maranhão";"08010";"Igarapé Grande";2105203;"Igarapé Grande"
"27/09/2026";"09:00:12";11;21;"MA";"Maranhão";"08028";"Olinda Nova Do Maranhão";2107456;"Olinda Nova Do Maranhão"
"27/09/2026";"09:00:12";11;21;"MA";"Maranhão";"08036";"Imperatriz";2105302;"Imperatriz"
"27/09/2026";"09:00:12";11;21;"MA";"Maranhão";"08044";"Paulino Neves";2108058;"Paulino Neves"
"27/09/2026";"09:00:12";11;21;"MA";"Maranhão";"08052";"São Luís Gonzaga Do Maranhão";2111409;"São Luís Gonzaga Do Maranhão"
"27/09/2026";"09:00:12";11;21;"MA";"Maranhão";"08060";"Pedro Do Rosário";2108256;"Pedro Do Rosário"
"27/09/2026";"09:00:12";11;21;"MA";"Maranhão";"08079";"Itapecuru Mirim";2105401;"Itapecuru Mirim"
"27/09/2026";"09:00:12";11;21;"MA";"Maranhão";"08087";"Peritoró";2108454;"Peritoró"
"27/09/2026";"09:00:12";11;21;"MA";"Maranhão";"08095";"João Lisboa";2105500;"João Lisboa"
"27/09/2026";"09:00:12";11;21;"MA";"Maranhão";"08109";"Porto Rico Do Maranhão";2109056;"Porto Rico Do Maranhão"
"27/09/2026";"09:00:12";11;21;"MA";"Maranhão";"08117";"Joselândia";2105609;"Joselândia"
"27/09/2026";"09:00:12";11;21;"MA";"Maranhão";"08125";"Presidente Médici";2109239;"Presidente Médici"
"27/09/2026";"09:00:12";11;21;"MA";"Maranhão";"08133";"Lago Da Pedra";2105708;"Lago Da Pedra"
"27/09/2026";"09:00:12";11;21;"MA";"Maranhão";"08141";"Presidente Sarney";2109270;"Presidente Sarney"
"27/09/2026";"09:00:12";11;21;"MA";"Maranhão";"08150";"Lago Do Junco";2105807;"Lago Do Junco"
"27/09/2026";"09:00:12";11;21;"MA";"Maranhão";"08168";"Raposa";2109452;"Raposa"
"27/09/2026";"09:00:12";11;21;"MA";"Maranhão";"08176";"Lago Verde";2105906;"Lago Verde"
"27/09/2026";"09:00:12";11;21;"MA";"Maranhão";"08184";"Ribamar Fiquene";2109551;"Ribamar Fiquene"
"27/09/2026";"09:00:12";11;21;"MA";"Maranhão";"08192";"Lima Campos";2106003;"Lima Campos"
"27/09/2026";"09:00:12";11;21;"MA";"Maranhão";"08206";"Santa Filomena Do Maranhão";2109759;"Santa Filomena Do Maranhão"
"27/09/2026";"09:00:12";11;21;"MA";"Maranhão";"08214";"Loreto";2106102;"Loreto"
"27/09/2026";"09:00:12";11;21;"MA";"Maranhão";"08222";"Santana Do Maranhão";2110237;"Santana Do Maranhão"
"27/09/2026";"09:00:12";11;21;"MA";"Maranhão";"08230";"Luís Domingues";2106201;"Luís Domingues"
"27/09/2026";"09:00:12";11;21;"MA";"Maranhão";"08249";"Santo Amaro Do Maranhão";2110278;"Santo Amaro Do Maranhão"
"27/09/2026";"09:00:12";11;21;"MA";"Maranhão";"08257";"Magalhães De Almeida";2106300;"Magalhães De Almeida"
"27/09/2026";"09:00:12";11;21;"MA";"Maranhão";"08265";"São Domingos Do Azeitão";2110658;"São Domingos Do Azeitão"
"27/09/2026";"09:00:12";11;21;"MA";"Maranhão";"08273";"Mata Roma";2106409;"Mata Roma"
"27/09/2026";"09:00:12";11;21;"MA";"Maranhão";"08281";"São Francisco Do Brejão";2110856;"São Francisco Do Brejão"
"27/09/2026";"09:00:12";11;21;"MA";"Maranhão";"08290";"Matinha";2106508;"Matinha"
"27/09/2026";"09:00:12";11;21;"MA";"Maranhão";"08303";"São João Do Carú";2111029;"São João Do Carú"
"27/09/2026";"09:00:12";11;21;"MA";"Maranhão";"08311";"Matões";2106607;"Matões"
"27/09/2026";"09:00:12";11;21;"MA";"Maranhão";"08320";"São João Do Paraíso";2111052;"São João Do Paraíso"
"27/09/2026";"09:00:12";11;21;"MA";"Maranhão";"08338";"Mirador";2106706;"Mirador"
"27/09/2026";"09:00:12";11;21;"MA";"Maranhão";"08346";"São João Do Soter";2111078;"São João Do Soter"
"27/09/2026";"09:00:12";11;21;"MA";"Maranhão";"08354";"Mirinzal";2106805;"Mirinzal"
"27/09/2026";"09:00:12";11;21;"MA";"Maranhão";"08362";"São José Dos Basílios";2111250;"São José Dos Basílios"
"27/09/2026";"09:00:12";11;21;"MA";"Maranhão";"08370";"Monção";2106904;"Monção"
"27/09/2026";"09:00:12";11;21;"MA";"Maranhão";"08389";"São Pedro Da Água Branca";2111532;"São Pedro Da Água Branca"
"27/09/2026";"09:00:12";11;21;"MA";"Maranhão";"08397";"Montes Altos";2107001;"Montes Altos"
"27/09/2026";"09:00:12";11;21;"MA";"Maranhão";"08400";"São Pedro Dos Crentes";2111573;"São Pedro Dos Crentes"
"27/09/2026";"09:00:12";11;21;"MA";"Maranhão";"08419";"Morros";2107100;"Morros"
"27/09/2026";"09:00:12";11;21;"MA";"Maranhão";"08427";"São Raimundo Do Doca Bezerra";2111631;"São Raimundo Do Doca Bezerra"
"27/09/2026";"09:00:12";11;21;"MA";"Maranhão";"08435";"Nina Rodrigues";2107209;"Nina Rodrigues"
"27/09/2026";"09:00:12";11;21;"MA";"Maranhão";"08443";"São Roberto";2111672;"São Roberto"
"27/09/2026";"09:00:12";11;21;"MA";"Maranhão";"08451";"Nova Iorque";2107308;"Nova Iorque"
"27/09/2026";"09:00:12";11;21;"MA";"Maranhão";"08460";"Satubinha";2111722;"Satubinha"
"27/09/2026";"09:00:12";11;21;"MA";"Maranhão";"08478";"Olho D'Água Das Cunhãs";2107407;"Olho D'Água Das Cunhãs"
"27/09/2026";"09:00:12";11;21;"MA";"Maranhão";"08486";"Senador Alexandre Costa";2111748;"Senador Alexandre Costa"
"27/09/2026";"09:00:12";11;21;"MA";"Maranhão";"08494";"Paço Do Lumiar";2107506;"Paço Do Lumiar"
"27/09/2026";"09:00:12";11;21;"MA";"Maranhão";"08508";"Senador La Rocque";2111763;"Senador La Rocque"
"27/09/2026";"09:00:12";11;21;"MA";"Maranhão";"08516";"Palmeirândia";2107605;"Palmeirândia"
"27/09/2026";"09:00:12";11;21;"MA";"Maranhão";"08524";"Serrano Do Maranhão";2111789;"Serrano Do Maranhão"
"27/09/2026";"09:00:12";11;21;"MA";"Maranhão";"08532";"Paraibano";2107704;"Paraibano"
"27/09/2026";"09:00:12";11;21;"MA";"Maranhão";"08540";"Sucupira Do Riachão";2111953;"Sucupira Do Riachão"
"27/09/2026";"09:00:12";11;21;"MA";"Maranhão";"08559";"Parnarama";2107803;"Parnarama"
"27/09/2026";"09:00:12";11;21;"MA";"Maranhão";"08567";"Trizidela Do Vale";2112233;"Trizidela Do Vale"
"27/09/2026";"09:00:12";11;21;"MA";"Maranhão";"08575";"Passagem Franca";2107902;"Passagem Franca"
"27/09/2026";"09:00:12";11;21;"MA";"Maranhão";"08583";"Tufilândia";2112274;"Tufilândia"
"27/09/2026";"09:00:12";11;21;"MA";"Maranhão";"08591";"Pastos Bons";2108009;"Pastos Bons"
"27/09/2026";"09:00:12";11;21;"MA";"Maranhão";"08605";"Turilândia";2112456;"Turilândia"
"27/09/2026";"09:00:12";11;21;"MA";"Maranhão";"08613";"Pedreiras";2108207;"Pedreiras"
"27/09/2026";"09:00:12";11;21;"MA";"Maranhão";"08621";"Vila Nova Dos Martírios";2112852;"Vila Nova Dos Martírios"
"27/09/2026";"09:00:12";11;21;"MA";"Maranhão";"08630";"Penalva";2108306;"Penalva"
"27/09/2026";"09:00:12";11;21;"MA";"Maranhão";"08656";"Peri Mirim";2108405;"Peri Mirim"
"27/09/2026";"09:00:12";11;21;"MA";"Maranhão";"08672";"Pindaré-Mirim";2108504;"Pindaré-Mirim"
"27/09/2026";"09:00:12";11;21;"MA";"Maranhão";"08699";"Pinheiro";2108603;"Pinheiro"
"27/09/2026";"09:00:12";11;21;"MA";"Maranhão";"08710";"Pio Xii";2108702;"Pio Xii"
"27/09/2026";"09:00:12";11;21;"MA";"Maranhão";"08737";"Pirapemas";2108801;"Pirapemas"
"27/09/2026";"09:00:12";11;21;"MA";"Maranhão";"08753";"Poção De Pedras";2108900;"Poção De Pedras"
"27/09/2026";"09:00:12";11;21;"MA";"Maranhão";"08770";"Porto Franco";2109007;"Porto Franco"
"27/09/2026";"09:00:12";11;21;"MA";"Maranhão";"08796";"Presidente Dutra";2109106;"Presidente Dutra"
"27/09/2026";"09:00:12";11;21;"MA";"Maranhão";"08818";"Presidente Juscelino";2109205;"Presidente Juscelino"
"27/09/2026";"09:00:12";11;21;"MA";"Maranhão";"08834";"Presidente Vargas";2109304;"Presidente Vargas"
"27/09/2026";"09:00:12";11;21;"MA";"Maranhão";"08850";"Primeira Cruz";2109403;"Primeira Cruz"
"27/09/2026";"09:00:12";11;21;"MA";"Maranhão";"08877";"Riachão";2109502;"Riachão"
"27/09/2026";"09:00:12";11;21;"MA";"Maranhão";"08893";"São José De Ribamar";2111201;"São José De Ribamar"
"27/09/2026";"09:00:12";11;21;"MA";"Maranhão";"08915";"Rosário";2109601;"Rosário"
"27/09/2026";"09:00:12";11;21;"MA";"Maranhão";"08931";"Sambaíba";2109700;"Sambaíba"
"27/09/2026";"09:00:12";11;21;"MA";"Maranhão";"08958";"Santa Helena";2109809;"Santa Helena"
"27/09/2026";"09:00:12";11;21;"MA";"Maranhão";"08974";"Santa Luzia";2110005;"Santa Luzia"
"27/09/2026";"09:00:12";11;21;"MA";"Maranhão";"08990";"Santa Quitéria Do Maranhão";2110104;"Santa Quitéria Do Maranhão"
"27/09/2026";"09:00:12";11;21;"MA";"Maranhão";"09016";"Santa Rita";2110203;"Santa Rita"
"27/09/2026";"09:00:12";11;21;"MA";"Maranhão";"09032";"Santo Antônio Dos Lopes";2110302;"Santo Antônio Dos Lopes"
"27/09/2026";"09:00:12";11;21;"MA";"Maranhão";"09059";"São Benedito Do Rio Preto";2110401;"São Benedito Do Rio Preto"
"27/09/2026";"09:00:12";11;21;"MA";"Maranhão";"09075";"São Bento";2110500;"São Bento"
"27/09/2026";"09:00:12";11;21;"MA";"Maranhão";"09091";"São Bernardo";2110609;"São Bernardo"
"27/09/2026";"09:00:12";11;21;"MA";"Maranhão";"09113";"São Domingos Do Maranhão";2110708;"São Domingos Do Maranhão"
"27/09/2026";"09:00:12";11;21;"MA";"Maranhão";"09130";"São Félix De Balsas";2110807;"São Félix De Balsas"
"27/09/2026";"09:00:12";11;21;"MA";"Maranhão";"09156";"São Francisco Do Maranhão";2110906;"São Francisco Do Maranhão"
"27/09/2026";"09:00:12";11;21;"MA";"Maranhão";"09172";"São João Batista";2111003;"São João Batista"
"27/09/2026";"09:00:12";11;21;"MA";"Maranhão";"09199";"São João Dos Patos";2111102;"São João Dos Patos"
"27/09/2026";"09:00:12";11;21;"MA";"Maranhão";"09210";"São Luís";2111300;"São Luís"
"27/09/2026";"09:00:12";11;21;"MA";"Maranhão";"09237";"São Mateus Do Maranhão";2111508;"São Mateus Do Maranhão"
"27/09/2026";"09:00:12";11;21;"MA";"Maranhão";"09253";"São Raimundo Das Mangabeiras";2111607;"São Raimundo Das Mangabeiras"
"27/09/2026";"09:00:12";11;21;"MA";"Maranhão";"09270";"São Vicente Ferrer";2111706;"São Vicente Ferrer"
"27/09/2026";"09:00:12";11;21;"MA";"Maranhão";"09296";"Sítio Novo";2111805;"Sítio Novo"
"27/09/2026";"09:00:12";11;21;"MA";"Maranhão";"09318";"Sucupira Do Norte";2111904;"Sucupira Do Norte"
"27/09/2026";"09:00:12";11;21;"MA";"Maranhão";"09334";"Tasso Fragoso";2112001;"Tasso Fragoso"
"27/09/2026";"09:00:12";11;21;"MA";"Maranhão";"09350";"Timbiras";2112100;"Timbiras"
"27/09/2026";"09:00:12";11;21;"MA";"Maranhão";"09377";"Timon";2112209;"Timon"
"27/09/2026";"09:00:12";11;21;"MA";"Maranhão";"09393";"Tuntum";2112308;"Tuntum"
"27/09/2026";"09:00:12";11;21;"MA";"Maranhão";"09415";"Turiaçu";2112407;"Turiaçu"
"27/09/2026";"09:00:12";11;21;"MA";"Maranhão";"09431";"Tutóia";2112506;"Tutóia"
"27/09/2026";"09:00:12";11;21;"MA";"Maranhão";"09458";"Urbano Santos";2112605;"Urbano Santos"
"27/09/2026";"09:00:12";11;21;"MA";"Maranhão";"09474";"Vargem Grande";2112704;"Vargem Grande"
"27/09/2026";"09:00:12";11;21;"MA";"Maranhão";"09490";"Viana";2112803;"Viana"
"27/09/2026";"09:00:12";11;21;"MA";"Maranhão";"09512";"Vitória Do Mearim";2112902;"Vitória Do Mearim"
"27/09/2026";"09:00:12";11;21;"MA";"Maranhão";"09539";"Vitorino Freire";2113009;"Vitorino Freire"
"27/09/2026";"09:00:12";11;21;"MA";"Maranhão";"09555";"Bom Jardim";2102002;"Bom Jardim"
"27/09/2026";"09:00:12";11;21;"MA";"Maranhão";"09571";"Santa Inês";2109908;"Santa Inês"
"27/09/2026";"09:00:12";11;21;"MA";"Maranhão";"09598";"Paulo Ramos";2108108;"Paulo Ramos"
"27/09/2026";"09:00:12";11;21;"MA";"Maranhão";"09610";"Açailândia";2100055;"Açailândia"
"27/09/2026";"09:00:12";11;21;"MA";"Maranhão";"09636";"Estreito";2104057;"Estreito"
"27/09/2026";"09:00:12";11;21;"MA";"Maranhão";"09652";"Santa Luzia Do Paruá";2110039;"Santa Luzia Do Paruá"
"27/09/2026";"09:00:12";11;21;"MA";"Maranhão";"09679";"Arame";2100956;"Arame"
"27/09/2026";"09:00:12";11;21;"MA";"Maranhão";"09695";"Miranda Do Norte";2106755;"Miranda Do Norte"
"27/09/2026";"09:00:12";11;21;"MA";"Maranhão";"09717";"Zé Doca";2114007;"Zé Doca"
"27/09/2026";"09:00:12";2;31;"MG";"Minas Gerais";"40002";"Alfredo Vasconcelos";3101631;"Alfredo Vasconcelos"
"27/09/2026";"09:00:12";2;31;"MG";"Minas Gerais";"40010";"Abadia Dos Dourados";3100104;"Abadia Dos Dourados"
"27/09/2026";"09:00:12";2;31;"MG";"Minas Gerais";"40029";"Araporã";3103751;"Araporã"
"27/09/2026";"09:00:12";2;31;"MG";"Minas Gerais";"40037";"Abaeté";3100203;"Abaeté"
"27/09/2026";"09:00:12";2;31;"MG";"Minas Gerais";"40045";"Brasilândia De Minas";3108552;"Brasilândia De Minas"
"27/09/2026";"09:00:12";2;31;"MG";"Minas Gerais";"40053";"Abre Campo";3100302;"Abre Campo"
"27/09/2026";"09:00:12";2;31;"MG";"Minas Gerais";"40061";"Capitão Andrade";3112653;"Capitão Andrade"
"27/09/2026";"09:00:12";2;31;"MG";"Minas Gerais";"40070";"Acaiaca";3100401;"Acaiaca"
"27/09/2026";"09:00:12";2;31;"MG";"Minas Gerais";"40088";"Carneirinho";3114550;"Carneirinho"
"27/09/2026";"09:00:12";2;31;"MG";"Minas Gerais";"40096";"Açucena";3100500;"Açucena"
"27/09/2026";"09:00:12";2;31;"MG";"Minas Gerais";"40100";"Catuji";3115458;"Catuji"
"27/09/2026";"09:00:12";2;31;"MG";"Minas Gerais";"40118";"Água Boa";3100609;"Água Boa"
"27/09/2026";"09:00:12";2;31;"MG";"Minas Gerais";"40126";"Divisa Alegre";3122355;"Divisa Alegre"
"27/09/2026";"09:00:12";2;31;"MG";"Minas Gerais";"40134";"Água Comprida";3100708;"Água Comprida"
"27/09/2026";"09:00:12";2;31;"MG";"Minas Gerais";"40142";"Divisópolis";3122454;"Divisópolis"
"27/09/2026";"09:00:12";2;31;"MG";"Minas Gerais";"40150";"Aguanil";3100807;"Aguanil"
"27/09/2026";"09:00:12";2;31;"MG";"Minas Gerais";"40169";"Durandé";3123528;"Durandé"
"27/09/2026";"09:00:12";2;31;"MG";"Minas Gerais";"40177";"Águas Formosas";3100906;"Águas Formosas"
"27/09/2026";"09:00:12";2;31;"MG";"Minas Gerais";"40185";"Entre Folhas";3123858;"Entre Folhas"
"27/09/2026";"09:00:12";2;31;"MG";"Minas Gerais";"40193";"Águas Vermelhas";3101003;"Águas Vermelhas"
"27/09/2026";"09:00:12";2;31;"MG";"Minas Gerais";"40207";"Fervedouro";3125952;"Fervedouro"
"27/09/2026";"09:00:12";2;31;"MG";"Minas Gerais";"40215";"Aimorés";3101102;"Aimorés"
"27/09/2026";"09:00:12";2;31;"MG";"Minas Gerais";"40223";"Franciscópolis";3126752;"Franciscópolis"
"27/09/2026";"09:00:12";2;31;"MG";"Minas Gerais";"40231";"Aiuruoca";3101201;"Aiuruoca"
"27/09/2026";"09:00:12";2;31;"MG";"Minas Gerais";"40240";"Icaraí De Minas";3130051;"Icaraí De Minas"
"27/09/2026";"09:00:12";2;31;"MG";"Minas Gerais";"40258";"Alagoa";3101300;"Alagoa"
"27/09/2026";"09:00:12";2;31;"MG";"Minas Gerais";"40266";"Ipaba";3131158;"Ipaba"
"27/09/2026";"09:00:12";2;31;"MG";"Minas Gerais";"40274";"Albertina";3101409;"Albertina"
"27/09/2026";"09:00:12";2;31;"MG";"Minas Gerais";"40282";"Jaíba";3135050;"Jaíba"
"27/09/2026";"09:00:12";2;31;"MG";"Minas Gerais";"40290";"Além Paraíba";3101508;"Além Paraíba"
"27/09/2026";"09:00:12";2;31;"MG";"Minas Gerais";"40304";"Jampruca";3135076;"Jampruca"
"27/09/2026";"09:00:12";2;31;"MG";"Minas Gerais";"40312";"Alfenas";3101607;"Alfenas"
"27/09/2026";"09:00:12";2;31;"MG";"Minas Gerais";"40320";"Juatuba";3136652;"Juatuba"
"27/09/2026";"09:00:12";2;31;"MG";"Minas Gerais";"40339";"Almenara";3101706;"Almenara"
"27/09/2026";"09:00:12";2;31;"MG";"Minas Gerais";"40347";"Lagoa Grande";3137536;"Lagoa Grande"
"27/09/2026";"09:00:12";2;31;"MG";"Minas Gerais";"40355";"Alpercata";3101805;"Alpercata"
"27/09/2026";"09:00:12";2;31;"MG";"Minas Gerais";"40363";"Limeira Do Oeste";3138625;"Limeira Do Oeste"
"27/09/2026";"09:00:12";2;31;"MG";"Minas Gerais";"40371";"Alpinópolis";3101904;"Alpinópolis"
"27/09/2026";"09:00:12";2;31;"MG";"Minas Gerais";"40380";"Lontra";3138658;"Lontra"
"27/09/2026";"09:00:12";2;31;"MG";"Minas Gerais";"40398";"Alterosa";3102001;"Alterosa"
"27/09/2026";"09:00:12";2;31;"MG";"Minas Gerais";"40401";"Mamonas";3139250;"Mamonas"
"27/09/2026";"09:00:12";2;31;"MG";"Minas Gerais";"40410";"Alto Rio Doce";3102100;"Alto Rio Doce"
"27/09/2026";"09:00:12";2;31;"MG";"Minas Gerais";"40428";"Mata Verde";3140555;"Mata Verde"
"27/09/2026";"09:00:12";2;31;"MG";"Minas Gerais";"40436";"Alvarenga";3102209;"Alvarenga"
"27/09/2026";"09:00:12";2;31;"MG";"Minas Gerais";"40444";"Matias Cardoso";3140852;"Matias Cardoso"
"27/09/2026";"09:00:12";2;31;"MG";"Minas Gerais";"40452";"Alvinópolis";3102308;"Alvinópolis"
"27/09/2026";"09:00:12";2;31;"MG";"Minas Gerais";"40460";"Montezuma";3143450;"Montezuma"
"27/09/2026";"09:00:12";2;31;"MG";"Minas Gerais";"40479";"Alvorada De Minas";3102407;"Alvorada De Minas"
"27/09/2026";"09:00:12";2;31;"MG";"Minas Gerais";"40487";"Naque";3144359;"Naque"
"27/09/2026";"09:00:12";2;31;"MG";"Minas Gerais";"40495";"Amparo Do Serra";3102506;"Amparo Do Serra"
"27/09/2026";"09:00:12";2;31;"MG";"Minas Gerais";"40509";"Novo Oriente De Minas";3145356;"Novo Oriente De Minas"
"27/09/2026";"09:00:12";2;31;"MG";"Minas Gerais";"40517";"Andradas";3102605;"Andradas"
"27/09/2026";"09:00:12";2;31;"MG";"Minas Gerais";"40525";"Palmópolis";3146750;"Palmópolis"
"27/09/2026";"09:00:12";2;31;"MG";"Minas Gerais";"40533";"Cachoeira De Pajeú";3102704;"Cachoeira De Pajeú"
"27/09/2026";"09:00:12";2;31;"MG";"Minas Gerais";"40541";"Pedras De Maria Da Cruz";3149150;"Pedras De Maria Da Cruz"
"27/09/2026";"09:00:12";2;31;"MG";"Minas Gerais";"40550";"Andrelândia";3102803;"Andrelândia"
"27/09/2026";"09:00:12";2;31;"MG";"Minas Gerais";"40568";"Periquito";3149952;"Periquito"
"27/09/2026";"09:00:12";2;31;"MG";"Minas Gerais";"40576";"Antônio Carlos";3102902;"Antônio Carlos"
"27/09/2026";"09:00:12";2;31;"MG";"Minas Gerais";"40584";"Ponto Dos Volantes";3152170;"Ponto Dos Volantes"
"27/09/2026";"09:00:12";2;31;"MG";"Minas Gerais";"40592";"Antônio Dias";3103009;"Antônio Dias"
"27/09/2026";"09:00:12";2;31;"MG";"Minas Gerais";"40606";"Riachinho";3154457;"Riachinho"
"27/09/2026";"09:00:12";2;31;"MG";"Minas Gerais";"40614";"Antônio Prado De Minas";3103108;"Antônio Prado De Minas"
"27/09/2026";"09:00:12";2;31;"MG";"Minas Gerais";"40622";"Rosário Da Limeira";3156452;"Rosário Da Limeira"
"27/09/2026";"09:00:12";2;31;"MG";"Minas Gerais";"40630";"Araçaí";3103207;"Araçaí"
"27/09/2026";"09:00:12";2;31;"MG";"Minas Gerais";"40649";"Santa Bárbara Do Leste";3157252;"Santa Bárbara Do Leste"
"27/09/2026";"09:00:12";2;31;"MG";"Minas Gerais";"40657";"Aracitaba";3103306;"Aracitaba"
"27/09/2026";"09:00:12";2;31;"MG";"Minas Gerais";"40665";"Santa Rita De Minas";3159357;"Santa Rita De Minas"
"27/09/2026";"09:00:12";2;31;"MG";"Minas Gerais";"40673";"Araçuaí";3103405;"Araçuaí"
"27/09/2026";"09:00:12";2;31;"MG";"Minas Gerais";"40681";"Santana Do Paraíso";3158953;"Santana Do Paraíso"
"27/09/2026";"09:00:12";2;31;"MG";"Minas Gerais";"40690";"Araguari";3103504;"Araguari"
"27/09/2026";"09:00:12";2;31;"MG";"Minas Gerais";"40703";"São João Da Lagoa";3162252;"São João Da Lagoa"
"27/09/2026";"09:00:12";2;31;"MG";"Minas Gerais";"40711";"Arantina";3103603;"Arantina"
"27/09/2026";"09:00:12";2;31;"MG";"Minas Gerais";"40720";"São João Do Manhuaçu";3162559;"São João Do Manhuaçu"
"27/09/2026";"09:00:12";2;31;"MG";"Minas Gerais";"40738";"Araponga";3103702;"Araponga"
"27/09/2026";"09:00:12";2;31;"MG";"Minas Gerais";"40746";"São João Do Manteninha";3162575;"São João Do Manteninha"
"27/09/2026";"09:00:12";2;31;"MG";"Minas Gerais";"40754";"Arapuá";3103801;"Arapuá"
"27/09/2026";"09:00:12";2;31;"MG";"Minas Gerais";"40762";"São João Do Pacuí";3162658;"São João Do Pacuí"
"27/09/2026";"09:00:12";2;31;"MG";"Minas Gerais";"40770";"Araújos";3103900;"Araújos"
"27/09/2026";"09:00:12";2;31;"MG";"Minas Gerais";"40789";"São José Da Lapa";3162955;"São José Da Lapa"
"27/09/2026";"09:00:12";2;31;"MG";"Minas Gerais";"40797";"Araxá";3104007;"Araxá"
"27/09/2026";"09:00:12";2;31;"MG";"Minas Gerais";"40800";"Sarzedo";3165537;"Sarzedo"
"27/09/2026";"09:00:12";2;31;"MG";"Minas Gerais";"40819";"Arceburgo";3104106;"Arceburgo"
"27/09/2026";"09:00:12";2;31;"MG";"Minas Gerais";"40827";"Sem Peixe";3165560;"Sem-Peixe"
"27/09/2026";"09:00:12";2;31;"MG";"Minas Gerais";"40835";"Arcos";3104205;"Arcos"
"27/09/2026";"09:00:12";2;31;"MG";"Minas Gerais";"40843";"Senador Amaral";3165578;"Senador Amaral"
"27/09/2026";"09:00:12";2;31;"MG";"Minas Gerais";"40851";"Areado";3104304;"Areado"
"27/09/2026";"09:00:12";2;31;"MG";"Minas Gerais";"40860";"Ubaporanga";3170057;"Ubaporanga"
"27/09/2026";"09:00:12";2;31;"MG";"Minas Gerais";"40878";"Argirita";3104403;"Argirita"
"27/09/2026";"09:00:12";2;31;"MG";"Minas Gerais";"40886";"Urucuia";3170529;"Urucuia"
"27/09/2026";"09:00:12";2;31;"MG";"Minas Gerais";"40894";"Arinos";3104502;"Arinos"
"27/09/2026";"09:00:12";2;31;"MG";"Minas Gerais";"40908";"Vargem Alegre";3170578;"Vargem Alegre"
"27/09/2026";"09:00:12";2;31;"MG";"Minas Gerais";"40916";"Astolfo Dutra";3104601;"Astolfo Dutra"
"27/09/2026";"09:00:12";2;31;"MG";"Minas Gerais";"40924";"Josenópolis";3136579;"Josenópolis"
"27/09/2026";"09:00:12";2;31;"MG";"Minas Gerais";"40932";"Ataléia";3104700;"Ataléia"
"27/09/2026";"09:00:12";2;31;"MG";"Minas Gerais";"40940";"Juvenília";3136959;"Juvenília"
"27/09/2026";"09:00:12";2;31;"MG";"Minas Gerais";"40959";"Augusto De Lima";3104809;"Augusto De Lima"
"27/09/2026";"09:00:12";2;31;"MG";"Minas Gerais";"40967";"Leme Do Prado";3138351;"Leme Do Prado"
"27/09/2026";"09:00:12";2;31;"MG";"Minas Gerais";"40975";"Baependi";3104908;"Baependi"
"27/09/2026";"09:00:12";2;31;"MG";"Minas Gerais";"40983";"Luisburgo";3138674;"Luisburgo"
"27/09/2026";"09:00:12";2;31;"MG";"Minas Gerais";"40991";"Baldim";3105004;"Baldim"
"27/09/2026";"09:00:12";2;31;"MG";"Minas Gerais";"41009";"Luislândia";3138682;"Luislândia"
"27/09/2026";"09:00:12";2;31;"MG";"Minas Gerais";"41017";"Bambuí";3105103;"Bambuí"
"27/09/2026";"09:00:12";2;31;"MG";"Minas Gerais";"41025";"Mário Campos";3140159;"Mário Campos"
"27/09/2026";"09:00:12";2;31;"MG";"Minas Gerais";"41033";"Bandeira";3105202;"Bandeira"
"27/09/2026";"09:00:12";2;31;"MG";"Minas Gerais";"41041";"Martins Soares";3140530;"Martins Soares"
"27/09/2026";"09:00:12";2;31;"MG";"Minas Gerais";"41050";"Bandeira Do Sul";3105301;"Bandeira Do Sul"
"27/09/2026";"09:00:12";2;31;"MG";"Minas Gerais";"41068";"Miravânia";3142254;"Miravânia"
"27/09/2026";"09:00:12";2;31;"MG";"Minas Gerais";"41076";"Barão De Cocais";3105400;"Barão De Cocais"
"27/09/2026";"09:00:12";2;31;"MG";"Minas Gerais";"41084";"Monte Formoso";3143153;"Monte Formoso"
"27/09/2026";"09:00:12";2;31;"MG";"Minas Gerais";"41092";"Barão De Monte Alto";3105509;"Barão De Monte Alto"
"27/09/2026";"09:00:12";2;31;"MG";"Minas Gerais";"41106";"Natalândia";3144375;"Natalândia"
"27/09/2026";"09:00:12";2;31;"MG";"Minas Gerais";"41114";"Barbacena";3105608;"Barbacena"
"27/09/2026";"09:00:12";2;31;"MG";"Minas Gerais";"41122";"Ninheira";3144656;"Ninheira"
"27/09/2026";"09:00:12";2;31;"MG";"Minas Gerais";"41130";"Barra Longa";3105707;"Barra Longa"
"27/09/2026";"09:00:12";2;31;"MG";"Minas Gerais";"41149";"Nova Belém";3144672;"Nova Belém"
"27/09/2026";"09:00:12";2;31;"MG";"Minas Gerais";"41157";"Três Marias";3169356;"Três Marias"
"27/09/2026";"09:00:12";2;31;"MG";"Minas Gerais";"41165";"Nova Porteirinha";3145059;"Nova Porteirinha"
"27/09/2026";"09:00:12";2;31;"MG";"Minas Gerais";"41173";"Barroso";3105905;"Barroso"
"27/09/2026";"09:00:12";2;31;"MG";"Minas Gerais";"41181";"Novorizonte";3145372;"Novorizonte"
"27/09/2026";"09:00:12";2;31;"MG";"Minas Gerais";"41190";"Bela Vista De Minas";3106002;"Bela Vista De Minas"
"27/09/2026";"09:00:12";2;31;"MG";"Minas Gerais";"41203";"Olhos D'Água";3145455;"Olhos-D'Água"
"27/09/2026";"09:00:12";2;31;"MG";"Minas Gerais";"41211";"Belmiro Braga";3106101;"Belmiro Braga"
"27/09/2026";"09:00:12";2;31;"MG";"Minas Gerais";"41220";"Oratórios";3145851;"Oratórios"
"27/09/2026";"09:00:12";2;31;"MG";"Minas Gerais";"41238";"Belo Horizonte";3106200;"Belo Horizonte"
"27/09/2026";"09:00:12";2;31;"MG";"Minas Gerais";"41246";"Orizânia";3145877;"Orizânia"
"27/09/2026";"09:00:12";2;31;"MG";"Minas Gerais";"41254";"Belo Oriente";3106309;"Belo Oriente"
"27/09/2026";"09:00:12";2;31;"MG";"Minas Gerais";"41262";"Padre Carvalho";3146255;"Padre Carvalho"
"27/09/2026";"09:00:12";2;31;"MG";"Minas Gerais";"41270";"Belo Vale";3106408;"Belo Vale"
"27/09/2026";"09:00:12";2;31;"MG";"Minas Gerais";"41289";"Pai Pedro";3146552;"Pai Pedro"
"27/09/2026";"09:00:12";2;31;"MG";"Minas Gerais";"41297";"Berilo";3106507;"Berilo"
"27/09/2026";"09:00:12";2;31;"MG";"Minas Gerais";"41300";"Patis";3147956;"Patis"
"27/09/2026";"09:00:12";2;31;"MG";"Minas Gerais";"41319";"Bertópolis";3106606;"Bertópolis"
"27/09/2026";"09:00:12";2;31;"MG";"Minas Gerais";"41327";"Pedra Bonita";3148756;"Pedra Bonita"
"27/09/2026";"09:00:12";2;31;"MG";"Minas Gerais";"41335";"Betim";3106705;"Betim"
"27/09/2026";"09:00:12";2;31;"MG";"Minas Gerais";"41343";"Piedade De Caratinga";3150158;"Piedade De Caratinga"
"27/09/2026";"09:00:12";2;31;"MG";"Minas Gerais";"41351";"Bias Fortes";3106804;"Bias Fortes"
"27/09/2026";"09:00:12";2;31;"MG";"Minas Gerais";"41360";"Pingo D'Água";3150539;"Pingo-D'Água"
"27/09/2026";"09:00:12";2;31;"MG";"Minas Gerais";"41378";"Bicas";3106903;"Bicas"
"27/09/2026";"09:00:12";2;31;"MG";"Minas Gerais";"41386";"Pintópolis";3150570;"Pintópolis"
"27/09/2026";"09:00:12";2;31;"MG";"Minas Gerais";"41394";"Biquinhas";3107000;"Biquinhas"
"27/09/2026";"09:00:12";2;31;"MG";"Minas Gerais";"41408";"Ponto Chique";3152131;"Ponto Chique"
"27/09/2026";"09:00:12";2;31;"MG";"Minas Gerais";"41416";"Boa Esperança";3107109;"Boa Esperança"
"27/09/2026";"09:00:12";2;31;"MG";"Minas Gerais";"41424";"Reduto";3154150;"Reduto"
"27/09/2026";"09:00:12";2;31;"MG";"Minas Gerais";"41432";"Bocaina De Minas";3107208;"Bocaina De Minas"
"27/09/2026";"09:00:12";2;31;"MG";"Minas Gerais";"41440";"Santa Bárbara Do Monte Verde";3157278;"Santa Bárbara Do Monte Verde"
"27/09/2026";"09:00:12";2;31;"MG";"Minas Gerais";"41459";"Bocaiúva";3107307;"Bocaiúva"
"27/09/2026";"09:00:12";2;31;"MG";"Minas Gerais";"41467";"Santa Cruz De Minas";3157336;"Santa Cruz De Minas"
"27/09/2026";"09:00:12";2;31;"MG";"Minas Gerais";"41475";"Bom Despacho";3107406;"Bom Despacho"
"27/09/2026";"09:00:12";2;31;"MG";"Minas Gerais";"41483";"Santa Cruz De Salinas";3157377;"Santa Cruz De Salinas"
"27/09/2026";"09:00:12";2;31;"MG";"Minas Gerais";"41491";"Bom Jardim De Minas";3107505;"Bom Jardim De Minas"
"27/09/2026";"09:00:12";2;31;"MG";"Minas Gerais";"41505";"Santa Helena De Minas";3157658;"Santa Helena De Minas"
"27/09/2026";"09:00:12";2;31;"MG";"Minas Gerais";"41513";"Bom Jesus Da Penha";3107604;"Bom Jesus Da Penha"
"27/09/2026";"09:00:12";2;31;"MG";"Minas Gerais";"41521";"Santo Antônio Do Retiro";3160454;"Santo Antônio Do Retiro"
"27/09/2026";"09:00:12";2;31;"MG";"Minas Gerais";"41530";"Bom Jesus Do Amparo";3107703;"Bom Jesus Do Amparo"
"27/09/2026";"09:00:12";2;31;"MG";"Minas Gerais";"41548";"São Domingos Das Dores";3160959;"São Domingos Das Dores"
"27/09/2026";"09:00:12";2;31;"MG";"Minas Gerais";"41556";"Bom Jesus Do Galho";3107802;"Bom Jesus Do Galho"
"27/09/2026";"09:00:12";2;31;"MG";"Minas Gerais";"41564";"São Félix De Minas";3161056;"São Félix De Minas"
"27/09/2026";"09:00:12";2;31;"MG";"Minas Gerais";"41572";"Bom Repouso";3107901;"Bom Repouso"
"27/09/2026";"09:00:12";2;31;"MG";"Minas Gerais";"41580";"São Geraldo Do Baixio";3161650;"São Geraldo Do Baixio"
"27/09/2026";"09:00:12";2;31;"MG";"Minas Gerais";"41599";"Bom Sucesso";3108008;"Bom Sucesso"
"27/09/2026";"09:00:12";2;31;"MG";"Minas Gerais";"41602";"São João Das Missões";3162450;"São João Das Missões"
"27/09/2026";"09:00:12";2;31;"MG";"Minas Gerais";"41610";"Bonfim";3108107;"Bonfim"
"27/09/2026";"09:00:12";2;31;"MG";"Minas Gerais";"41629";"São Joaquim De Bicas";3162922;"São Joaquim De Bicas"
"27/09/2026";"09:00:12";2;31;"MG";"Minas Gerais";"41637";"Bonfinópolis De Minas";3108206;"Bonfinópolis De Minas"
"27/09/2026";"09:00:12";2;31;"MG";"Minas Gerais";"41645";"São José Da Barra";3162948;"São José Da Barra"
"27/09/2026";"09:00:12";2;31;"MG";"Minas Gerais";"41653";"Borda Da Mata";3108305;"Borda Da Mata"
"27/09/2026";"09:00:12";2;31;"MG";"Minas Gerais";"41661";"Alto Caparaó";3102050;"Alto Caparaó"
"27/09/2026";"09:00:12";2;31;"MG";"Minas Gerais";"41670";"Botelhos";3108404;"Botelhos"
"27/09/2026";"09:00:12";2;31;"MG";"Minas Gerais";"41688";"Angelândia";3102852;"Angelândia"
"27/09/2026";"09:00:12";2;31;"MG";"Minas Gerais";"41696";"Botumirim";3108503;"Botumirim"
"27/09/2026";"09:00:12";2;31;"MG";"Minas Gerais";"41700";"Aricanduva";3104452;"Aricanduva"
"27/09/2026";"09:00:12";2;31;"MG";"Minas Gerais";"41718";"Brasília De Minas";3108602;"Brasília De Minas"
"27/09/2026";"09:00:12";2;31;"MG";"Minas Gerais";"41726";"Berizal";3106655;"Berizal"
"27/09/2026";"09:00:12";2;31;"MG";"Minas Gerais";"41734";"Brás Pires";3108701;"Brás Pires"
"27/09/2026";"09:00:12";2;31;"MG";"Minas Gerais";"41742";"Bonito De Minas";3108255;"Bonito De Minas"
"27/09/2026";"09:00:12";2;31;"MG";"Minas Gerais";"41750";"Braúnas";3108800;"Braúnas"
"27/09/2026";"09:00:12";2;31;"MG";"Minas Gerais";"41769";"Bugre";3109253;"Bugre"
"27/09/2026";"09:00:12";2;31;"MG";"Minas Gerais";"41777";"Brazópolis";3108909;"Brasópolis"
"27/09/2026";"09:00:12";2;31;"MG";"Minas Gerais";"41785";"Cabeceira Grande";3109451;"Cabeceira Grande"
"27/09/2026";"09:00:12";2;31;"MG";"Minas Gerais";"41793";"Brumadinho";3109006;"Brumadinho"
"27/09/2026";"09:00:12";2;31;"MG";"Minas Gerais";"41807";"Campo Azul";3111150;"Campo Azul"
"27/09/2026";"09:00:12";2;31;"MG";"Minas Gerais";"41815";"Bueno Brandão";3109105;"Bueno Brandão"
"27/09/2026";"09:00:12";2;31;"MG";"Minas Gerais";"41823";"Cantagalo";3112059;"Cantagalo"
"27/09/2026";"09:00:12";2;31;"MG";"Minas Gerais";"41831";"Buenópolis";3109204;"Buenópolis"
"27/09/2026";"09:00:12";2;31;"MG";"Minas Gerais";"41840";"Catas Altas";3115359;"Catas Altas"
"27/09/2026";"09:00:12";2;31;"MG";"Minas Gerais";"41858";"Buritis";3109303;"Buritis"
"27/09/2026";"09:00:12";2;31;"MG";"Minas Gerais";"41866";"Catuti";3115474;"Catuti"
"27/09/2026";"09:00:12";2;31;"MG";"Minas Gerais";"41874";"Buritizeiro";3109402;"Buritizeiro"
"27/09/2026";"09:00:12";2;31;"MG";"Minas Gerais";"41882";"Chapada Gaúcha";3116159;"Chapada Gaúcha"
"27/09/2026";"09:00:12";2;31;"MG";"Minas Gerais";"41890";"Cabo Verde";3109501;"Cabo Verde"
"27/09/2026";"09:00:12";2;31;"MG";"Minas Gerais";"41904";"Cônego Marinho";3117836;"Cônego Marinho"
"27/09/2026";"09:00:12";2;31;"MG";"Minas Gerais";"41912";"Cachoeira Da Prata";3109600;"Cachoeira Da Prata"
"27/09/2026";"09:00:12";2;31;"MG";"Minas Gerais";"41920";"Confins";3117876;"Confins"
"27/09/2026";"09:00:12";2;31;"MG";"Minas Gerais";"41939";"Cachoeira De Minas";3109709;"Cachoeira De Minas"
"27/09/2026";"09:00:12";2;31;"MG";"Minas Gerais";"41947";"Córrego Fundo";3119955;"Córrego Fundo"
"27/09/2026";"09:00:12";2;31;"MG";"Minas Gerais";"41955";"Cachoeira Dourada";3109808;"Cachoeira Dourada"
"27/09/2026";"09:00:12";2;31;"MG";"Minas Gerais";"41963";"Crisólita";3120151;"Crisólita"
"27/09/2026";"09:00:12";2;31;"MG";"Minas Gerais";"41971";"Caetanópolis";3109907;"Caetanópolis"
"27/09/2026";"09:00:12";2;31;"MG";"Minas Gerais";"41980";"Cuparaque";3120839;"Cuparaque"
"27/09/2026";"09:00:12";2;31;"MG";"Minas Gerais";"41998";"Caeté";3110004;"Caeté"
"27/09/2026";"09:00:12";2;31;"MG";"Minas Gerais";"42005";"Curral De Dentro";3120870;"Curral De Dentro"
"27/09/2026";"09:00:12";2;31;"MG";"Minas Gerais";"42013";"Caiana";3110103;"Caiana"
"27/09/2026";"09:00:12";2;31;"MG";"Minas Gerais";"42021";"Delta";3121258;"Delta"
"27/09/2026";"09:00:12";2;31;"MG";"Minas Gerais";"42030";"Cajuri";3110202;"Cajuri"
"27/09/2026";"09:00:12";2;31;"MG";"Minas Gerais";"42048";"Dom Bosco";3122470;"Dom Bosco"
"27/09/2026";"09:00:12";2;31;"MG";"Minas Gerais";"42056";"Caldas";3110301;"Caldas"
"27/09/2026";"09:00:12";2;31;"MG";"Minas Gerais";"42064";"Frei Lagonegro";3126950;"Frei Lagonegro"
"27/09/2026";"09:00:12";2;31;"MG";"Minas Gerais";"42072";"Camacho";3110400;"Camacho"
"27/09/2026";"09:00:12";2;31;"MG";"Minas Gerais";"42080";"Fruta De Leite";3127073;"Fruta De Leite"
"27/09/2026";"09:00:12";2;31;"MG";"Minas Gerais";"42099";"Camanducaia";3110509;"Camanducaia"
"27/09/2026";"09:00:12";2;31;"MG";"Minas Gerais";"42102";"Gameleiras";3127339;"Gameleiras"
"27/09/2026";"09:00:12";2;31;"MG";"Minas Gerais";"42110";"Cambuí";3110608;"Cambuí"
"27/09/2026";"09:00:12";2;31;"MG";"Minas Gerais";"42129";"Glaucilândia";3127354;"Glaucilândia"
"27/09/2026";"09:00:12";2;31;"MG";"Minas Gerais";"42137";"Cambuquira";3110707;"Cambuquira"
"27/09/2026";"09:00:12";2;31;"MG";"Minas Gerais";"42145";"Goiabeira";3127370;"Goiabeira"
"27/09/2026";"09:00:12";2;31;"MG";"Minas Gerais";"42153";"Campanário";3110806;"Campanário"
"27/09/2026";"09:00:12";2;31;"MG";"Minas Gerais";"42161";"Goianá";3127388;"Goianá"
"27/09/2026";"09:00:12";2;31;"MG";"Minas Gerais";"42170";"Campanha";3110905;"Campanha"
"27/09/2026";"09:00:12";2;31;"MG";"Minas Gerais";"42188";"Guaraciama";3128253;"Guaraciama"
"27/09/2026";"09:00:12";2;31;"MG";"Minas Gerais";"42196";"Campestre";3111002;"Campestre"
"27/09/2026";"09:00:12";2;31;"MG";"Minas Gerais";"42200";"Ibiracatu";3129657;"Ibiracatu"
"27/09/2026";"09:00:12";2;31;"MG";"Minas Gerais";"42218";"Campina Verde";3111101;"Campina Verde"
"27/09/2026";"09:00:12";2;31;"MG";"Minas Gerais";"42226";"Imbé De Minas";3130556;"Imbé De Minas"
"27/09/2026";"09:00:12";2;31;"MG";"Minas Gerais";"42234";"Campo Belo";3111200;"Campo Belo"
"27/09/2026";"09:00:12";2;31;"MG";"Minas Gerais";"42242";"Indaiabira";3130655;"Indaiabira"
"27/09/2026";"09:00:12";2;31;"MG";"Minas Gerais";"42250";"Campo Do Meio";3111309;"Campo Do Meio"
"27/09/2026";"09:00:12";2;31;"MG";"Minas Gerais";"42269";"Japonvar";3135357;"Japonvar"
"27/09/2026";"09:00:12";2;31;"MG";"Minas Gerais";"42277";"Campo Florido";3111408;"Campo Florido"
"27/09/2026";"09:00:12";2;31;"MG";"Minas Gerais";"42285";"Jenipapo De Minas";3135456;"Jenipapo De Minas"
"27/09/2026";"09:00:12";2;31;"MG";"Minas Gerais";"42293";"Campos Altos";3111507;"Campos Altos"
"27/09/2026";"09:00:12";2;31;"MG";"Minas Gerais";"42307";"José Gonçalves De Minas";3136520;"José Gonçalves De Minas"
"27/09/2026";"09:00:12";2;31;"MG";"Minas Gerais";"42315";"Campos Gerais";3111606;"Campos Gerais"
"27/09/2026";"09:00:12";2;31;"MG";"Minas Gerais";"42323";"José Raydan";3136553;"José Raydan"
"27/09/2026";"09:00:12";2;31;"MG";"Minas Gerais";"42331";"Canaã";3111705;"Canaã"
"27/09/2026";"09:00:12";2;31;"MG";"Minas Gerais";"42340";"São Sebastião Da Vargem Alegre";3164431;"São Sebastião Da Vargem Alegre"
"27/09/2026";"09:00:12";2;31;"MG";"Minas Gerais";"42358";"Canápolis";3111804;"Canápolis"
"27/09/2026";"09:00:12";2;31;"MG";"Minas Gerais";"42366";"São Sebastião Do Anta";3164472;"São Sebastião Do Anta"
"27/09/2026";"09:00:12";2;31;"MG";"Minas Gerais";"42374";"Cana Verde";3111903;"Cana Verde"
"27/09/2026";"09:00:12";2;31;"MG";"Minas Gerais";"42382";"Serranópolis De Minas";3166956;"Serranópolis De Minas"
"27/09/2026";"09:00:12";2;31;"MG";"Minas Gerais";"42390";"Candeias";3112000;"Candeias"
"27/09/2026";"09:00:12";2;31;"MG";"Minas Gerais";"42404";"Setubinha";3165552;"Setubinha"
"27/09/2026";"09:00:12";2;31;"MG";"Minas Gerais";"42412";"Caparaó";3112109;"Caparaó"
"27/09/2026";"09:00:12";2;31;"MG";"Minas Gerais";"42420";"Taparuba";3168051;"Taparuba"
"27/09/2026";"09:00:12";2;31;"MG";"Minas Gerais";"42439";"Capela Nova";3112208;"Capela Nova"
"27/09/2026";"09:00:12";2;31;"MG";"Minas Gerais";"42447";"União De Minas";3170438;"União De Minas"
"27/09/2026";"09:00:12";2;31;"MG";"Minas Gerais";"42455";"Capelinha";3112307;"Capelinha"
"27/09/2026";"09:00:12";2;31;"MG";"Minas Gerais";"42463";"Uruana De Minas";3170479;"Uruana De Minas"
"27/09/2026";"09:00:12";2;31;"MG";"Minas Gerais";"42471";"Capetinga";3112406;"Capetinga"
"27/09/2026";"09:00:12";2;31;"MG";"Minas Gerais";"42480";"Vargem Grande Do Rio Pardo";3170651;"Vargem Grande Do Rio Pardo"
"27/09/2026";"09:00:12";2;31;"MG";"Minas Gerais";"42498";"Capim Branco";3112505;"Capim Branco"
"27/09/2026";"09:00:12";2;31;"MG";"Minas Gerais";"42501";"Varjão De Minas";3170750;"Varjão De Minas"
"27/09/2026";"09:00:12";2;31;"MG";"Minas Gerais";"42510";"Capinópolis";3112604;"Capinópolis"
"27/09/2026";"09:00:12";2;31;"MG";"Minas Gerais";"42528";"Verdelândia";3171030;"Verdelândia"
"27/09/2026";"09:00:12";2;31;"MG";"Minas Gerais";"42536";"Capitão Enéas";3112703;"Capitão Enéas"
"27/09/2026";"09:00:12";2;31;"MG";"Minas Gerais";"42544";"Veredinha";3171071;"Veredinha"
"27/09/2026";"09:00:12";2;31;"MG";"Minas Gerais";"42552";"Capitólio";3112802;"Capitólio"
"27/09/2026";"09:00:12";2;31;"MG";"Minas Gerais";"42560";"Vermelho Novo";3171154;"Vermelho Novo"
"27/09/2026";"09:00:12";2;31;"MG";"Minas Gerais";"42579";"Caputira";3112901;"Caputira"
"27/09/2026";"09:00:12";2;31;"MG";"Minas Gerais";"42587";"Tocos Do Moji";3169059;"Tocos Do Moji"
"27/09/2026";"09:00:12";2;31;"MG";"Minas Gerais";"42595";"Caraí";3113008;"Caraí"
"27/09/2026";"09:00:12";2;31;"MG";"Minas Gerais";"42617";"Caranaíba";3113107;"Caranaíba"
"27/09/2026";"09:00:12";2;31;"MG";"Minas Gerais";"42633";"Carandaí";3113206;"Carandaí"
"27/09/2026";"09:00:12";2;31;"MG";"Minas Gerais";"42650";"Carangola";3113305;"Carangola"
"27/09/2026";"09:00:12";2;31;"MG";"Minas Gerais";"42676";"Caratinga";3113404;"Caratinga"
"27/09/2026";"09:00:12";2;31;"MG";"Minas Gerais";"42692";"Carbonita";3113503;"Carbonita"
"27/09/2026";"09:00:12";2;31;"MG";"Minas Gerais";"42714";"Careaçu";3113602;"Careaçu"
"27/09/2026";"09:00:12";2;31;"MG";"Minas Gerais";"42730";"Carlos Chagas";3113701;"Carlos Chagas"
"27/09/2026";"09:00:12";2;31;"MG";"Minas Gerais";"42757";"Carmésia";3113800;"Carmésia"
"27/09/2026";"09:00:12";2;31;"MG";"Minas Gerais";"42773";"Carmo Da Cachoeira";3113909;"Carmo Da Cachoeira"
"27/09/2026";"09:00:12";2;31;"MG";"Minas Gerais";"42790";"Carmo Da Mata";3114006;"Carmo Da Mata"
"27/09/2026";"09:00:12";2;31;"MG";"Minas Gerais";"42811";"Carmo De Minas";3114105;"Carmo De Minas"
"27/09/2026";"09:00:12";2;31;"MG";"Minas Gerais";"42838";"Carmo Do Cajuru";3114204;"Carmo Do Cajuru"
"27/09/2026";"09:00:12";2;31;"MG";"Minas Gerais";"42854";"Carmo Do Paranaíba";3114303;"Carmo Do Paranaíba"
"27/09/2026";"09:00:12";2;31;"MG";"Minas Gerais";"42870";"Carmo Do Rio Claro";3114402;"Carmo Do Rio Claro"
"27/09/2026";"09:00:12";2;31;"MG";"Minas Gerais";"42897";"Carmópolis De Minas";3114501;"Carmópolis De Minas"
"27/09/2026";"09:00:12";2;31;"MG";"Minas Gerais";"42919";"Carrancas";3114600;"Carrancas"
"27/09/2026";"09:00:12";2;31;"MG";"Minas Gerais";"42935";"Carvalhópolis";3114709;"Carvalhópolis"
"27/09/2026";"09:00:12";2;31;"MG";"Minas Gerais";"42951";"Carvalhos";3114808;"Carvalhos"
"27/09/2026";"09:00:12";2;31;"MG";"Minas Gerais";"42978";"Casa Grande";3114907;"Casa Grande"
"27/09/2026";"09:00:12";2;31;"MG";"Minas Gerais";"42994";"Cascalho Rico";3115003;"Cascalho Rico"
"27/09/2026";"09:00:12";2;31;"MG";"Minas Gerais";"43010";"Cássia";3115102;"Cássia"
"27/09/2026";"09:00:12";2;31;"MG";"Minas Gerais";"43036";"Conceição Da Barra De Minas";3115201;"Conceição Da Barra De Minas"
"27/09/2026";"09:00:12";2;31;"MG";"Minas Gerais";"43052";"Cataguases";3115300;"Cataguases"
"27/09/2026";"09:00:12";2;31;"MG";"Minas Gerais";"43079";"Catas Altas Da Noruega";3115409;"Catas Altas Da Noruega"
"27/09/2026";"09:00:12";2;31;"MG";"Minas Gerais";"43095";"Caxambu";3115508;"Caxambu"
"27/09/2026";"09:00:12";2;31;"MG";"Minas Gerais";"43117";"Cedro Do Abaeté";3115607;"Cedro Do Abaeté"
"27/09/2026";"09:00:12";2;31;"MG";"Minas Gerais";"43133";"Central De Minas";3115706;"Central De Minas"
"27/09/2026";"09:00:12";2;31;"MG";"Minas Gerais";"43150";"Centralina";3115805;"Centralina"
"27/09/2026";"09:00:12";2;31;"MG";"Minas Gerais";"43176";"Chácara";3115904;"Chácara"
"27/09/2026";"09:00:12";2;31;"MG";"Minas Gerais";"43192";"Chalé";3116001;"Chalé"
"27/09/2026";"09:00:12";2;31;"MG";"Minas Gerais";"43214";"Chapada Do Norte";3116100;"Chapada Do Norte"
"27/09/2026";"09:00:12";2;31;"MG";"Minas Gerais";"43230";"Chiador";3116209;"Chiador"
"27/09/2026";"09:00:12";2;31;"MG";"Minas Gerais";"43257";"Cipotânea";3116308;"Cipotânea"
"27/09/2026";"09:00:12";2;31;"MG";"Minas Gerais";"43273";"Claraval";3116407;"Claraval"
"27/09/2026";"09:00:12";2;31;"MG";"Minas Gerais";"43290";"Claro Dos Poções";3116506;"Claro Dos Poções"
"27/09/2026";"09:00:12";2;31;"MG";"Minas Gerais";"43311";"Cláudio";3116605;"Cláudio"
"27/09/2026";"09:00:12";2;31;"MG";"Minas Gerais";"43338";"Coimbra";3116704;"Coimbra"
"27/09/2026";"09:00:12";2;31;"MG";"Minas Gerais";"43354";"Coluna";3116803;"Coluna"
"27/09/2026";"09:00:12";2;31;"MG";"Minas Gerais";"43370";"Comendador Gomes";3116902;"Comendador Gomes"
"27/09/2026";"09:00:12";2;31;"MG";"Minas Gerais";"43397";"Comercinho";3117009;"Comercinho"
"27/09/2026";"09:00:12";2;31;"MG";"Minas Gerais";"43419";"Conceição Da Aparecida";3117108;"Conceição Da Aparecida"
"27/09/2026";"09:00:12";2;31;"MG";"Minas Gerais";"43435";"Conceição Das Pedras";3117207;"Conceição Das Pedras"
"27/09/2026";"09:00:12";2;31;"MG";"Minas Gerais";"43451";"Conceição Das Alagoas";3117306;"Conceição Das Alagoas"
"27/09/2026";"09:00:12";2;31;"MG";"Minas Gerais";"43478";"Conceição De Ipanema";3117405;"Conceição De Ipanema"
"27/09/2026";"09:00:12";2;31;"MG";"Minas Gerais";"43494";"Conceição Do Mato Dentro";3117504;"Conceição Do Mato Dentro"
"27/09/2026";"09:00:12";2;31;"MG";"Minas Gerais";"43516";"Conceição Do Pará";3117603;"Conceição Do Pará"
"27/09/2026";"09:00:12";2;31;"MG";"Minas Gerais";"43532";"Conceição Do Rio Verde";3117702;"Conceição Do Rio Verde"
"27/09/2026";"09:00:12";2;31;"MG";"Minas Gerais";"43559";"Conceição Dos Ouros";3117801;"Conceição Dos Ouros"
"27/09/2026";"09:00:12";2;31;"MG";"Minas Gerais";"43575";"Congonhal";3117900;"Congonhal"
"27/09/2026";"09:00:12";2;31;"MG";"Minas Gerais";"43591";"Congonhas";3118007;"Congonhas"
"27/09/2026";"09:00:12";2;31;"MG";"Minas Gerais";"43613";"Congonhas Do Norte";3118106;"Congonhas Do Norte"
"27/09/2026";"09:00:12";2;31;"MG";"Minas Gerais";"43630";"Conquista";3118205;"Conquista"
"27/09/2026";"09:00:12";2;31;"MG";"Minas Gerais";"43656";"Conselheiro Lafaiete";3118304;"Conselheiro Lafaiete"
"27/09/2026";"09:00:12";2;31;"MG";"Minas Gerais";"43672";"Conselheiro Pena";3118403;"Conselheiro Pena"
"27/09/2026";"09:00:12";2;31;"MG";"Minas Gerais";"43699";"Consolação";3118502;"Consolação"
"27/09/2026";"09:00:12";2;31;"MG";"Minas Gerais";"43710";"Contagem";3118601;"Contagem"
"27/09/2026";"09:00:12";2;31;"MG";"Minas Gerais";"43737";"Coqueiral";3118700;"Coqueiral"
"27/09/2026";"09:00:12";2;31;"MG";"Minas Gerais";"43753";"Coração De Jesus";3118809;"Coração De Jesus"
"27/09/2026";"09:00:12";2;31;"MG";"Minas Gerais";"43770";"Cordisburgo";3118908;"Cordisburgo"
"27/09/2026";"09:00:12";2;31;"MG";"Minas Gerais";"43796";"Cordislândia";3119005;"Cordislândia"
"27/09/2026";"09:00:12";2;31;"MG";"Minas Gerais";"43818";"Corinto";3119104;"Corinto"
"27/09/2026";"09:00:12";2;31;"MG";"Minas Gerais";"43834";"Coroaci";3119203;"Coroaci"
"27/09/2026";"09:00:12";2;31;"MG";"Minas Gerais";"43850";"Coromandel";3119302;"Coromandel"
"27/09/2026";"09:00:12";2;31;"MG";"Minas Gerais";"43877";"Coronel Fabriciano";3119401;"Coronel Fabriciano"
"27/09/2026";"09:00:12";2;31;"MG";"Minas Gerais";"43893";"Coronel Murta";3119500;"Coronel Murta"
"27/09/2026";"09:00:12";2;31;"MG";"Minas Gerais";"43915";"Coronel Pacheco";3119609;"Coronel Pacheco"
"27/09/2026";"09:00:12";2;31;"MG";"Minas Gerais";"43931";"Coronel Xavier Chaves";3119708;"Coronel Xavier Chaves"
"27/09/2026";"09:00:12";2;31;"MG";"Minas Gerais";"43958";"Córrego Danta";3119807;"Córrego Danta"
"27/09/2026";"09:00:12";2;31;"MG";"Minas Gerais";"43974";"Córrego Do Bom Jesus";3119906;"Córrego Do Bom Jesus"
"27/09/2026";"09:00:12";2;31;"MG";"Minas Gerais";"43990";"Córrego Novo";3120003;"Córrego Novo"
"27/09/2026";"09:00:12";2;31;"MG";"Minas Gerais";"44016";"Couto De Magalhães De Minas";3120102;"Couto De Magalhães De Minas"
"27/09/2026";"09:00:12";2;31;"MG";"Minas Gerais";"44032";"Cristais";3120201;"Cristais"
"27/09/2026";"09:00:12";2;31;"MG";"Minas Gerais";"44059";"Cristália";3120300;"Cristália"
"27/09/2026";"09:00:12";2;31;"MG";"Minas Gerais";"44075";"Cristiano Otoni";3120409;"Cristiano Otoni"
"27/09/2026";"09:00:12";2;31;"MG";"Minas Gerais";"44091";"Cristina";3120508;"Cristina"
"27/09/2026";"09:00:12";2;31;"MG";"Minas Gerais";"44113";"Crucilândia";3120607;"Crucilândia"
"27/09/2026";"09:00:12";2;31;"MG";"Minas Gerais";"44130";"Cruzeiro Da Fortaleza";3120706;"Cruzeiro Da Fortaleza"
"27/09/2026";"09:00:12";2;31;"MG";"Minas Gerais";"44156";"Cruzília";3120805;"Cruzília"
"27/09/2026";"09:00:12";2;31;"MG";"Minas Gerais";"44172";"Curvelo";3120904;"Curvelo"
"27/09/2026";"09:00:12";2;31;"MG";"Minas Gerais";"44199";"Datas";3121001;"Datas"
"27/09/2026";"09:00:12";2;31;"MG";"Minas Gerais";"44210";"Delfim Moreira";3121100;"Delfim Moreira"
"27/09/2026";"09:00:12";2;31;"MG";"Minas Gerais";"44237";"Delfinópolis";3121209;"Delfinópolis"
"27/09/2026";"09:00:12";2;31;"MG";"Minas Gerais";"44253";"Descoberto";3121308;"Descoberto"
"27/09/2026";"09:00:12";2;31;"MG";"Minas Gerais";"44270";"Desterro De Entre Rios";3121407;"Desterro De Entre Rios"
"27/09/2026";"09:00:12";2;31;"MG";"Minas Gerais";"44296";"Desterro Do Melo";3121506;"Desterro Do Melo"
"27/09/2026";"09:00:12";2;31;"MG";"Minas Gerais";"44318";"Diamantina";3121605;"Diamantina"
"27/09/2026";"09:00:12";2;31;"MG";"Minas Gerais";"44334";"Diogo De Vasconcelos";3121704;"Diogo De Vasconcelos"
"27/09/2026";"09:00:12";2;31;"MG";"Minas Gerais";"44350";"Dionísio";3121803;"Dionísio"
"27/09/2026";"09:00:12";2;31;"MG";"Minas Gerais";"44377";"Divinésia";3121902;"Divinésia"
"27/09/2026";"09:00:12";2;31;"MG";"Minas Gerais";"44393";"Divino";3122009;"Divino"
"27/09/2026";"09:00:12";2;31;"MG";"Minas Gerais";"44415";"Divino Das Laranjeiras";3122108;"Divino Das Laranjeiras"
"27/09/2026";"09:00:12";2;31;"MG";"Minas Gerais";"44431";"Divinolândia De Minas";3122207;"Divinolândia De Minas"
"27/09/2026";"09:00:12";2;31;"MG";"Minas Gerais";"44458";"Divinópolis";3122306;"Divinópolis"
"27/09/2026";"09:00:12";2;31;"MG";"Minas Gerais";"44474";"Divisa Nova";3122405;"Divisa Nova"
"27/09/2026";"09:00:12";2;31;"MG";"Minas Gerais";"44490";"Dom Cavati";3122504;"Dom Cavati"
"27/09/2026";"09:00:12";2;31;"MG";"Minas Gerais";"44512";"Dom Joaquim";3122603;"Dom Joaquim"
"27/09/2026";"09:00:12";2;31;"MG";"Minas Gerais";"44539";"Dom Silvério";3122702;"Dom Silvério"
"27/09/2026";"09:00:12";2;31;"MG";"Minas Gerais";"44555";"Dom Viçoso";3122801;"Dom Viçoso"
"27/09/2026";"09:00:12";2;31;"MG";"Minas Gerais";"44571";"Dona Eusébia";3122900;"Dona Eusébia"
"27/09/2026";"09:00:12";2;31;"MG";"Minas Gerais";"44598";"Dores De Campos";3123007;"Dores De Campos"
"27/09/2026";"09:00:12";2;31;"MG";"Minas Gerais";"44610";"Dores De Guanhães";3123106;"Dores De Guanhães"
"27/09/2026";"09:00:12";2;31;"MG";"Minas Gerais";"44636";"Dores Do Indaiá";3123205;"Dores Do Indaiá"
"27/09/2026";"09:00:12";2;31;"MG";"Minas Gerais";"44652";"Dores Do Turvo";3123304;"Dores Do Turvo"
"27/09/2026";"09:00:12";2;31;"MG";"Minas Gerais";"44679";"Doresópolis";3123403;"Doresópolis"
"27/09/2026";"09:00:12";2;31;"MG";"Minas Gerais";"44695";"Douradoquara";3123502;"Douradoquara"
"27/09/2026";"09:00:12";2;31;"MG";"Minas Gerais";"44717";"Elói Mendes";3123601;"Elói Mendes"
"27/09/2026";"09:00:12";2;31;"MG";"Minas Gerais";"44733";"Engenheiro Caldas";3123700;"Engenheiro Caldas"
"27/09/2026";"09:00:12";2;31;"MG";"Minas Gerais";"44750";"Engenheiro Navarro";3123809;"Engenheiro Navarro"
"27/09/2026";"09:00:12";2;31;"MG";"Minas Gerais";"44776";"Entre Rios De Minas";3123908;"Entre Rios De Minas"
"27/09/2026";"09:00:12";2;31;"MG";"Minas Gerais";"44792";"Ervália";3124005;"Ervália"
"27/09/2026";"09:00:12";2;31;"MG";"Minas Gerais";"44814";"Esmeraldas";3124104;"Esmeraldas"
"27/09/2026";"09:00:12";2;31;"MG";"Minas Gerais";"44830";"Espera Feliz";3124203;"Espera Feliz"
"27/09/2026";"09:00:12";2;31;"MG";"Minas Gerais";"44857";"Espinosa";3124302;"Espinosa"
"27/09/2026";"09:00:12";2;31;"MG";"Minas Gerais";"44873";"Espírito Santo Do Dourado";3124401;"Espírito Santo Do Dourado"
"27/09/2026";"09:00:12";2;31;"MG";"Minas Gerais";"44890";"Estiva";3124500;"Estiva"
"27/09/2026";"09:00:12";2;31;"MG";"Minas Gerais";"44911";"Estrela Dalva";3124609;"Estrela Dalva"
"27/09/2026";"09:00:12";2;31;"MG";"Minas Gerais";"44938";"Estrela Do Indaiá";3124708;"Estrela Do Indaiá"
"27/09/2026";"09:00:12";2;31;"MG";"Minas Gerais";"44954";"Estrela Do Sul";3124807;"Estrela Do Sul"
"27/09/2026";"09:00:12";2;31;"MG";"Minas Gerais";"44970";"Eugenópolis";3124906;"Eugenópolis"
"27/09/2026";"09:00:12";2;31;"MG";"Minas Gerais";"44997";"Ewbank Da Câmara";3125002;"Ewbank Da Câmara"
"27/09/2026";"09:00:12";2;31;"MG";"Minas Gerais";"45012";"Extrema";3125101;"Extrema"
"27/09/2026";"09:00:12";2;31;"MG";"Minas Gerais";"45039";"Fama";3125200;"Fama"
"27/09/2026";"09:00:12";2;31;"MG";"Minas Gerais";"45055";"Faria Lemos";3125309;"Faria Lemos"
"27/09/2026";"09:00:12";2;31;"MG";"Minas Gerais";"45071";"Felício Dos Santos";3125408;"Felício Dos Santos"
"27/09/2026";"09:00:12";2;31;"MG";"Minas Gerais";"45098";"São Gonçalo Do Rio Preto";3125507;"São Gonçalo Do Rio Preto"
"27/09/2026";"09:00:12";2;31;"MG";"Minas Gerais";"45110";"Felisburgo";3125606;"Felisburgo"
"27/09/2026";"09:00:12";2;31;"MG";"Minas Gerais";"45136";"Felixlândia";3125705;"Felixlândia"
"27/09/2026";"09:00:12";2;31;"MG";"Minas Gerais";"45152";"Fernandes Tourinho";3125804;"Fernandes Tourinho"
"27/09/2026";"09:00:12";2;31;"MG";"Minas Gerais";"45179";"Ferros";3125903;"Ferros"
"27/09/2026";"09:00:12";2;31;"MG";"Minas Gerais";"45195";"Florestal";3126000;"Florestal"
"27/09/2026";"09:00:12";2;31;"MG";"Minas Gerais";"45217";"Formiga";3126109;"Formiga"
"27/09/2026";"09:00:12";2;31;"MG";"Minas Gerais";"45233";"Formoso";3126208;"Formoso"
"27/09/2026";"09:00:12";2;31;"MG";"Minas Gerais";"45250";"Fortaleza De Minas";3126307;"Fortaleza De Minas"
"27/09/2026";"09:00:12";2;31;"MG";"Minas Gerais";"45276";"Fortuna De Minas";3126406;"Fortuna De Minas"
"27/09/2026";"09:00:12";2;31;"MG";"Minas Gerais";"45292";"Francisco Badaró";3126505;"Francisco Badaró"
"27/09/2026";"09:00:12";2;31;"MG";"Minas Gerais";"45314";"Francisco Dumont";3126604;"Francisco Dumont"
"27/09/2026";"09:00:12";2;31;"MG";"Minas Gerais";"45330";"Francisco Sá";3126703;"Francisco Sá"
"27/09/2026";"09:00:12";2;31;"MG";"Minas Gerais";"45357";"Frei Gaspar";3126802;"Frei Gaspar"
"27/09/2026";"09:00:12";2;31;"MG";"Minas Gerais";"45373";"Frei Inocêncio";3126901;"Frei Inocêncio"
"27/09/2026";"09:00:12";2;31;"MG";"Minas Gerais";"45390";"Fronteira";3127008;"Fronteira"
"27/09/2026";"09:00:12";2;31;"MG";"Minas Gerais";"45411";"Frutal";3127107;"Frutal"
"27/09/2026";"09:00:12";2;31;"MG";"Minas Gerais";"45438";"Funilândia";3127206;"Funilândia"
"27/09/2026";"09:00:12";2;31;"MG";"Minas Gerais";"45454";"Galiléia";3127305;"Galiléia"
"27/09/2026";"09:00:12";2;31;"MG";"Minas Gerais";"45470";"Gonçalves";3127404;"Gonçalves"
"27/09/2026";"09:00:12";2;31;"MG";"Minas Gerais";"45497";"Gonzaga";3127503;"Gonzaga"
"27/09/2026";"09:00:12";2;31;"MG";"Minas Gerais";"45519";"Gouveia";3127602;"Gouveia"
"27/09/2026";"09:00:12";2;31;"MG";"Minas Gerais";"45535";"Governador Valadares";3127701;"Governador Valadares"
"27/09/2026";"09:00:12";2;31;"MG";"Minas Gerais";"45551";"Grão Mogol";3127800;"Grão Mogol"
"27/09/2026";"09:00:12";2;31;"MG";"Minas Gerais";"45578";"Grupiara";3127909;"Grupiara"
"27/09/2026";"09:00:12";2;31;"MG";"Minas Gerais";"45594";"Guanhães";3128006;"Guanhães"
"27/09/2026";"09:00:12";2;31;"MG";"Minas Gerais";"45616";"Guapé";3128105;"Guapé"
"27/09/2026";"09:00:12";2;31;"MG";"Minas Gerais";"45632";"Guaraciaba";3128204;"Guaraciaba"
"27/09/2026";"09:00:12";2;31;"MG";"Minas Gerais";"45659";"Guaranésia";3128303;"Guaranésia"
"27/09/2026";"09:00:12";2;31;"MG";"Minas Gerais";"45675";"Guarani";3128402;"Guarani"
"27/09/2026";"09:00:12";2;31;"MG";"Minas Gerais";"45691";"Guarará";3128501;"Guarará"
"27/09/2026";"09:00:12";2;31;"MG";"Minas Gerais";"45713";"Guarda-Mor";3128600;"Guarda-Mor"
"27/09/2026";"09:00:12";2;31;"MG";"Minas Gerais";"45730";"Guaxupé";3128709;"Guaxupé"
"27/09/2026";"09:00:12";2;31;"MG";"Minas Gerais";"45756";"Guidoval";3128808;"Guidoval"
"27/09/2026";"09:00:12";2;31;"MG";"Minas Gerais";"45772";"Guimarânia";3128907;"Guimarânia"
"27/09/2026";"09:00:12";2;31;"MG";"Minas Gerais";"45799";"Guiricema";3129004;"Guiricema"
"27/09/2026";"09:00:12";2;31;"MG";"Minas Gerais";"45810";"Gurinhatã";3129103;"Gurinhatã"
"27/09/2026";"09:00:12";2;31;"MG";"Minas Gerais";"45837";"Heliodora";3129202;"Heliodora"
"27/09/2026";"09:00:12";2;31;"MG";"Minas Gerais";"45853";"Iapu";3129301;"Iapu"
"27/09/2026";"09:00:12";2;31;"MG";"Minas Gerais";"45870";"Ibertioga";3129400;"Ibertioga"
"27/09/2026";"09:00:12";2;31;"MG";"Minas Gerais";"45896";"Ibiá";3129509;"Ibiá"
"27/09/2026";"09:00:12";2;31;"MG";"Minas Gerais";"45918";"Ibiaí";3129608;"Ibiaí"
"27/09/2026";"09:00:12";2;31;"MG";"Minas Gerais";"45934";"Ibiraci";3129707;"Ibiraci"
"27/09/2026";"09:00:12";2;31;"MG";"Minas Gerais";"45950";"Ibirité";3129806;"Ibirité"
"27/09/2026";"09:00:12";2;31;"MG";"Minas Gerais";"45977";"Ibitiúra De Minas";3129905;"Ibitiúra De Minas"
"27/09/2026";"09:00:12";2;31;"MG";"Minas Gerais";"45993";"Ibituruna";3130002;"Ibituruna"
"27/09/2026";"09:00:12";2;31;"MG";"Minas Gerais";"46019";"Igarapé";3130101;"Igarapé"
"27/09/2026";"09:00:12";2;31;"MG";"Minas Gerais";"46035";"Igaratinga";3130200;"Igaratinga"
"27/09/2026";"09:00:12";2;31;"MG";"Minas Gerais";"46051";"Iguatama";3130309;"Iguatama"
"27/09/2026";"09:00:12";2;31;"MG";"Minas Gerais";"46078";"Ijaci";3130408;"Ijaci"
"27/09/2026";"09:00:12";2;31;"MG";"Minas Gerais";"46094";"Ilicínea";3130507;"Ilicínea"
"27/09/2026";"09:00:12";2;31;"MG";"Minas Gerais";"46116";"Inconfidentes";3130606;"Inconfidentes"
"27/09/2026";"09:00:12";2;31;"MG";"Minas Gerais";"46132";"Indianópolis";3130705;"Indianópolis"
"27/09/2026";"09:00:12";2;31;"MG";"Minas Gerais";"46159";"Ingaí";3130804;"Ingaí"
"27/09/2026";"09:00:12";2;31;"MG";"Minas Gerais";"46175";"Inhapim";3130903;"Inhapim"
"27/09/2026";"09:00:12";2;31;"MG";"Minas Gerais";"46191";"Inhaúma";3131000;"Inhaúma"
"27/09/2026";"09:00:12";2;31;"MG";"Minas Gerais";"46213";"Inimutaba";3131109;"Inimutaba"
"27/09/2026";"09:00:12";2;31;"MG";"Minas Gerais";"46230";"Ipanema";3131208;"Ipanema"
"27/09/2026";"09:00:12";2;31;"MG";"Minas Gerais";"46256";"Ipatinga";3131307;"Ipatinga"
"27/09/2026";"09:00:12";2;31;"MG";"Minas Gerais";"46272";"Ipiaçu";3131406;"Ipiaçu"
"27/09/2026";"09:00:12";2;31;"MG";"Minas Gerais";"46299";"Ipuiúna";3131505;"Ipuiúna"
"27/09/2026";"09:00:12";2;31;"MG";"Minas Gerais";"46310";"Iraí De Minas";3131604;"Iraí De Minas"
"27/09/2026";"09:00:12";2;31;"MG";"Minas Gerais";"46337";"Itabira";3131703;"Itabira"
"27/09/2026";"09:00:12";2;31;"MG";"Minas Gerais";"46353";"Itabirinha";3131802;"Itabirinha"
"27/09/2026";"09:00:12";2;31;"MG";"Minas Gerais";"46370";"Itabirito";3131901;"Itabirito"
"27/09/2026";"09:00:12";2;31;"MG";"Minas Gerais";"46396";"Itacambira";3132008;"Itacambira"
"27/09/2026";"09:00:12";2;31;"MG";"Minas Gerais";"46418";"Itacarambi";3132107;"Itacarambi"
"27/09/2026";"09:00:12";2;31;"MG";"Minas Gerais";"46434";"Itaguara";3132206;"Itaguara"
"27/09/2026";"09:00:12";2;31;"MG";"Minas Gerais";"46450";"Itaipé";3132305;"Itaipé"
"27/09/2026";"09:00:12";2;31;"MG";"Minas Gerais";"46477";"Itajubá";3132404;"Itajubá"
"27/09/2026";"09:00:12";2;31;"MG";"Minas Gerais";"46493";"Itamarandiba";3132503;"Itamarandiba"
"27/09/2026";"09:00:12";2;31;"MG";"Minas Gerais";"46515";"Itamarati De Minas";3132602;"Itamarati De Minas"
"27/09/2026";"09:00:12";2;31;"MG";"Minas Gerais";"46531";"Itambacuri";3132701;"Itambacuri"
"27/09/2026";"09:00:12";2;31;"MG";"Minas Gerais";"46558";"Itambé Do Mato Dentro";3132800;"Itambé Do Mato Dentro"
"27/09/2026";"09:00:12";2;31;"MG";"Minas Gerais";"46574";"Itamogi";3132909;"Itamogi"
"27/09/2026";"09:00:12";2;31;"MG";"Minas Gerais";"46590";"Itamonte";3133006;"Itamonte"
"27/09/2026";"09:00:12";2;31;"MG";"Minas Gerais";"46612";"Itanhandu";3133105;"Itanhandu"
"27/09/2026";"09:00:12";2;31;"MG";"Minas Gerais";"46639";"Itanhomi";3133204;"Itanhomi"
"27/09/2026";"09:00:12";2;31;"MG";"Minas Gerais";"46655";"Itaobim";3133303;"Itaobim"
"27/09/2026";"09:00:12";2;31;"MG";"Minas Gerais";"46671";"Itapagipe";3133402;"Itapagipe"
"27/09/2026";"09:00:12";2;31;"MG";"Minas Gerais";"46698";"Itapecerica";3133501;"Itapecerica"
"27/09/2026";"09:00:12";2;31;"MG";"Minas Gerais";"46710";"Itapeva";3133600;"Itapeva"
"27/09/2026";"09:00:12";2;31;"MG";"Minas Gerais";"46736";"Itatiaiuçu";3133709;"Itatiaiuçu"
"27/09/2026";"09:00:12";2;31;"MG";"Minas Gerais";"46752";"Itaúna";3133808;"Itaúna"
"27/09/2026";"09:00:12";2;31;"MG";"Minas Gerais";"46779";"Itaverava";3133907;"Itaverava"
"27/09/2026";"09:00:12";2;31;"MG";"Minas Gerais";"46795";"Itinga";3134004;"Itinga"
"27/09/2026";"09:00:12";2;31;"MG";"Minas Gerais";"46817";"Itueta";3134103;"Itueta"
"27/09/2026";"09:00:12";2;31;"MG";"Minas Gerais";"46833";"Ituiutaba";3134202;"Ituiutaba"
"27/09/2026";"09:00:12";2;31;"MG";"Minas Gerais";"46850";"Itumirim";3134301;"Itumirim"
"27/09/2026";"09:00:12";2;31;"MG";"Minas Gerais";"46876";"Iturama";3134400;"Iturama"
"27/09/2026";"09:00:12";2;31;"MG";"Minas Gerais";"46892";"Itutinga";3134509;"Itutinga"
"27/09/2026";"09:00:12";2;31;"MG";"Minas Gerais";"46914";"Jaboticatubas";3134608;"Jaboticatubas"
"27/09/2026";"09:00:12";2;31;"MG";"Minas Gerais";"46930";"Jacinto";3134707;"Jacinto"
"27/09/2026";"09:00:12";2;31;"MG";"Minas Gerais";"46957";"Jacuí";3134806;"Jacuí"
"27/09/2026";"09:00:12";2;31;"MG";"Minas Gerais";"46973";"Jacutinga";3134905;"Jacutinga"
"27/09/2026";"09:00:12";2;31;"MG";"Minas Gerais";"46990";"Jaguaraçu";3135001;"Jaguaraçu"
"27/09/2026";"09:00:12";2;31;"MG";"Minas Gerais";"47015";"Janaúba";3135100;"Janaúba"
"27/09/2026";"09:00:12";2;31;"MG";"Minas Gerais";"47031";"Januária";3135209;"Januária"
"27/09/2026";"09:00:12";2;31;"MG";"Minas Gerais";"47058";"Japaraíba";3135308;"Japaraíba"
"27/09/2026";"09:00:12";2;31;"MG";"Minas Gerais";"47074";"Jeceaba";3135407;"Jeceaba"
"27/09/2026";"09:00:12";2;31;"MG";"Minas Gerais";"47090";"Jequeri";3135506;"Jequeri"
"27/09/2026";"09:00:12";2;31;"MG";"Minas Gerais";"47112";"Jequitaí";3135605;"Jequitaí"
"27/09/2026";"09:00:12";2;31;"MG";"Minas Gerais";"47139";"Jequitibá";3135704;"Jequitibá"
"27/09/2026";"09:00:12";2;31;"MG";"Minas Gerais";"47155";"Jequitinhonha";3135803;"Jequitinhonha"
"27/09/2026";"09:00:12";2;31;"MG";"Minas Gerais";"47171";"Jesuânia";3135902;"Jesuânia"
"27/09/2026";"09:00:12";2;31;"MG";"Minas Gerais";"47198";"Joaíma";3136009;"Joaíma"
"27/09/2026";"09:00:12";2;31;"MG";"Minas Gerais";"47210";"Joanésia";3136108;"Joanésia"
"27/09/2026";"09:00:12";2;31;"MG";"Minas Gerais";"47236";"João Monlevade";3136207;"João Monlevade"
"27/09/2026";"09:00:12";2;31;"MG";"Minas Gerais";"47252";"João Pinheiro";3136306;"João Pinheiro"
"27/09/2026";"09:00:12";2;31;"MG";"Minas Gerais";"47279";"Joaquim Felício";3136405;"Joaquim Felício"
"27/09/2026";"09:00:12";2;31;"MG";"Minas Gerais";"47295";"Jordânia";3136504;"Jordânia"
"27/09/2026";"09:00:12";2;31;"MG";"Minas Gerais";"47317";"Nova União";3136603;"Nova União"
"27/09/2026";"09:00:12";2;31;"MG";"Minas Gerais";"47333";"Juiz De Fora";3136702;"Juiz De Fora"
"27/09/2026";"09:00:12";2;31;"MG";"Minas Gerais";"47350";"Juramento";3136801;"Juramento"
"27/09/2026";"09:00:12";2;31;"MG";"Minas Gerais";"47376";"Juruaia";3136900;"Juruaia"
"27/09/2026";"09:00:12";2;31;"MG";"Minas Gerais";"47392";"Ladainha";3137007;"Ladainha"
"27/09/2026";"09:00:12";2;31;"MG";"Minas Gerais";"47414";"Lagamar";3137106;"Lagamar"
"27/09/2026";"09:00:12";2;31;"MG";"Minas Gerais";"47430";"Lagoa Da Prata";3137205;"Lagoa Da Prata"
"27/09/2026";"09:00:12";2;31;"MG";"Minas Gerais";"47457";"Lagoa Dos Patos";3137304;"Lagoa Dos Patos"
"27/09/2026";"09:00:12";2;31;"MG";"Minas Gerais";"47473";"Lagoa Dourada";3137403;"Lagoa Dourada"
"27/09/2026";"09:00:12";2;31;"MG";"Minas Gerais";"47490";"Lagoa Formosa";3137502;"Lagoa Formosa"
"27/09/2026";"09:00:12";2;31;"MG";"Minas Gerais";"47511";"Lagoa Santa";3137601;"Lagoa Santa"
"27/09/2026";"09:00:12";2;31;"MG";"Minas Gerais";"47538";"Lajinha";3137700;"Lajinha"
"27/09/2026";"09:00:12";2;31;"MG";"Minas Gerais";"47554";"Lambari";3137809;"Lambari"
"27/09/2026";"09:00:12";2;31;"MG";"Minas Gerais";"47570";"Lamim";3137908;"Lamim"
"27/09/2026";"09:00:12";2;31;"MG";"Minas Gerais";"47597";"Laranjal";3138005;"Laranjal"
"27/09/2026";"09:00:12";2;31;"MG";"Minas Gerais";"47619";"Lassance";3138104;"Lassance"
"27/09/2026";"09:00:12";2;31;"MG";"Minas Gerais";"47635";"Lavras";3138203;"Lavras"
"27/09/2026";"09:00:12";2;31;"MG";"Minas Gerais";"47651";"Leandro Ferreira";3138302;"Leandro Ferreira"
"27/09/2026";"09:00:12";2;31;"MG";"Minas Gerais";"47678";"Leopoldina";3138401;"Leopoldina"
"27/09/2026";"09:00:12";2;31;"MG";"Minas Gerais";"47694";"Liberdade";3138500;"Liberdade"
"27/09/2026";"09:00:12";2;31;"MG";"Minas Gerais";"47716";"Lima Duarte";3138609;"Lima Duarte"
"27/09/2026";"09:00:12";2;31;"MG";"Minas Gerais";"47732";"Luminárias";3138708;"Luminárias"
"27/09/2026";"09:00:12";2;31;"MG";"Minas Gerais";"47759";"Luz";3138807;"Luz"
"27/09/2026";"09:00:12";2;31;"MG";"Minas Gerais";"47775";"Machacalis";3138906;"Machacalis"
"27/09/2026";"09:00:12";2;31;"MG";"Minas Gerais";"47791";"Machado";3139003;"Machado"
"27/09/2026";"09:00:12";2;31;"MG";"Minas Gerais";"47813";"Madre De Deus De Minas";3139102;"Madre De Deus De Minas"
"27/09/2026";"09:00:12";2;31;"MG";"Minas Gerais";"47830";"Malacacheta";3139201;"Malacacheta"
"27/09/2026";"09:00:12";2;31;"MG";"Minas Gerais";"47856";"Manga";3139300;"Manga"
"27/09/2026";"09:00:12";2;31;"MG";"Minas Gerais";"47872";"Manhuaçu";3139409;"Manhuaçu"
"27/09/2026";"09:00:12";2;31;"MG";"Minas Gerais";"47899";"Manhumirim";3139508;"Manhumirim"
"27/09/2026";"09:00:12";2;31;"MG";"Minas Gerais";"47910";"Mantena";3139607;"Mantena"
"27/09/2026";"09:00:12";2;31;"MG";"Minas Gerais";"47937";"Maravilhas";3139706;"Maravilhas"
"27/09/2026";"09:00:12";2;31;"MG";"Minas Gerais";"47953";"Mar De Espanha";3139805;"Mar De Espanha"
"27/09/2026";"09:00:12";2;31;"MG";"Minas Gerais";"47970";"Maria Da Fé";3139904;"Maria Da Fé"
"27/09/2026";"09:00:12";2;31;"MG";"Minas Gerais";"47996";"Mariana";3140001;"Mariana"
"27/09/2026";"09:00:12";2;31;"MG";"Minas Gerais";"48011";"Marilac";3140100;"Marilac"
"27/09/2026";"09:00:12";2;31;"MG";"Minas Gerais";"48038";"Maripá De Minas";3140209;"Maripá De Minas"
"27/09/2026";"09:00:12";2;31;"MG";"Minas Gerais";"48054";"Marliéria";3140308;"Marliéria"
"27/09/2026";"09:00:12";2;31;"MG";"Minas Gerais";"48070";"Marmelópolis";3140407;"Marmelópolis"
"27/09/2026";"09:00:12";2;31;"MG";"Minas Gerais";"48097";"Martinho Campos";3140506;"Martinho Campos"
"27/09/2026";"09:00:12";2;31;"MG";"Minas Gerais";"48119";"Materlândia";3140605;"Materlândia"
"27/09/2026";"09:00:12";2;31;"MG";"Minas Gerais";"48135";"Mateus Leme";3140704;"Mateus Leme"
"27/09/2026";"09:00:12";2;31;"MG";"Minas Gerais";"48151";"Matias Barbosa";3140803;"Matias Barbosa"
"27/09/2026";"09:00:12";2;31;"MG";"Minas Gerais";"48178";"Matipó";3140902;"Matipó"
"27/09/2026";"09:00:12";2;31;"MG";"Minas Gerais";"48194";"Mato Verde";3141009;"Mato Verde"
"27/09/2026";"09:00:12";2;31;"MG";"Minas Gerais";"48216";"Matozinhos";3141108;"Matozinhos"
"27/09/2026";"09:00:12";2;31;"MG";"Minas Gerais";"48232";"Matutina";3141207;"Matutina"
"27/09/2026";"09:00:12";2;31;"MG";"Minas Gerais";"48259";"Medeiros";3141306;"Medeiros"
"27/09/2026";"09:00:12";2;31;"MG";"Minas Gerais";"48275";"Medina";3141405;"Medina"
"27/09/2026";"09:00:12";2;31;"MG";"Minas Gerais";"48291";"Mendes Pimentel";3141504;"Mendes Pimentel"
"27/09/2026";"09:00:12";2;31;"MG";"Minas Gerais";"48313";"Mercês";3141603;"Mercês"
"27/09/2026";"09:00:12";2;31;"MG";"Minas Gerais";"48330";"Mesquita";3141702;"Mesquita"
"27/09/2026";"09:00:12";2;31;"MG";"Minas Gerais";"48356";"Minas Novas";3141801;"Minas Novas"
"27/09/2026";"09:00:12";2;31;"MG";"Minas Gerais";"48372";"Minduri";3141900;"Minduri"
"27/09/2026";"09:00:12";2;31;"MG";"Minas Gerais";"48399";"Mirabela";3142007;"Mirabela"
"27/09/2026";"09:00:12";2;31;"MG";"Minas Gerais";"48410";"Miradouro";3142106;"Miradouro"
"27/09/2026";"09:00:12";2;31;"MG";"Minas Gerais";"48437";"Miraí";3142205;"Miraí"
"27/09/2026";"09:00:12";2;31;"MG";"Minas Gerais";"48453";"Moeda";3142304;"Moeda"
"27/09/2026";"09:00:12";2;31;"MG";"Minas Gerais";"48470";"Moema";3142403;"Moema"
"27/09/2026";"09:00:12";2;31;"MG";"Minas Gerais";"48496";"Monjolos";3142502;"Monjolos"
"27/09/2026";"09:00:12";2;31;"MG";"Minas Gerais";"48518";"Monsenhor Paulo";3142601;"Monsenhor Paulo"
"27/09/2026";"09:00:12";2;31;"MG";"Minas Gerais";"48534";"Montalvânia";3142700;"Montalvânia"
"27/09/2026";"09:00:12";2;31;"MG";"Minas Gerais";"48550";"Monte Alegre De Minas";3142809;"Monte Alegre De Minas"
"27/09/2026";"09:00:12";2;31;"MG";"Minas Gerais";"48577";"Monte Azul";3142908;"Monte Azul"
"27/09/2026";"09:00:12";2;31;"MG";"Minas Gerais";"48593";"Monte Belo";3143005;"Monte Belo"
"27/09/2026";"09:00:12";2;31;"MG";"Minas Gerais";"48615";"Monte Carmelo";3143104;"Monte Carmelo"
"27/09/2026";"09:00:12";2;31;"MG";"Minas Gerais";"48631";"Monte Santo De Minas";3143203;"Monte Santo De Minas"
"27/09/2026";"09:00:12";2;31;"MG";"Minas Gerais";"48658";"Montes Claros";3143302;"Montes Claros"
"27/09/2026";"09:00:12";2;31;"MG";"Minas Gerais";"48674";"Monte Sião";3143401;"Monte Sião"
"27/09/2026";"09:00:12";2;31;"MG";"Minas Gerais";"48690";"Morada Nova De Minas";3143500;"Morada Nova De Minas"
"27/09/2026";"09:00:12";2;31;"MG";"Minas Gerais";"48712";"Morro Da Garça";3143609;"Morro Da Garça"
"27/09/2026";"09:00:12";2;31;"MG";"Minas Gerais";"48739";"Morro Do Pilar";3143708;"Morro Do Pilar"
"27/09/2026";"09:00:12";2;31;"MG";"Minas Gerais";"48755";"Munhoz";3143807;"Munhoz"
"27/09/2026";"09:00:12";2;31;"MG";"Minas Gerais";"48771";"Muriaé";3143906;"Muriaé"
"27/09/2026";"09:00:12";2;31;"MG";"Minas Gerais";"48798";"Mutum";3144003;"Mutum"
"27/09/2026";"09:00:12";2;31;"MG";"Minas Gerais";"48810";"Muzambinho";3144102;"Muzambinho"
"27/09/2026";"09:00:12";2;31;"MG";"Minas Gerais";"48836";"Nacip Raydan";3144201;"Nacip Raydan"
"27/09/2026";"09:00:12";2;31;"MG";"Minas Gerais";"48852";"Nanuque";3144300;"Nanuque"
"27/09/2026";"09:00:12";2;31;"MG";"Minas Gerais";"48879";"Natércia";3144409;"Natércia"
"27/09/2026";"09:00:12";2;31;"MG";"Minas Gerais";"48895";"Nazareno";3144508;"Nazareno"
"27/09/2026";"09:00:12";2;31;"MG";"Minas Gerais";"48917";"Nepomuceno";3144607;"Nepomuceno"
"27/09/2026";"09:00:12";2;31;"MG";"Minas Gerais";"48933";"Nova Era";3144706;"Nova Era"
"27/09/2026";"09:00:12";2;31;"MG";"Minas Gerais";"48950";"Nova Lima";3144805;"Nova Lima"
"27/09/2026";"09:00:12";2;31;"MG";"Minas Gerais";"48976";"Nova Módica";3144904;"Nova Módica"
"27/09/2026";"09:00:12";2;31;"MG";"Minas Gerais";"48992";"Nova Ponte";3145000;"Nova Ponte"
"27/09/2026";"09:00:12";2;31;"MG";"Minas Gerais";"49018";"Nova Resende";3145109;"Nova Resende"
"27/09/2026";"09:00:12";2;31;"MG";"Minas Gerais";"49034";"Nova Serrana";3145208;"Nova Serrana"
"27/09/2026";"09:00:12";2;31;"MG";"Minas Gerais";"49050";"Novo Cruzeiro";3145307;"Novo Cruzeiro"
"27/09/2026";"09:00:12";2;31;"MG";"Minas Gerais";"49077";"Olaria";3145406;"Olaria"
"27/09/2026";"09:00:12";2;31;"MG";"Minas Gerais";"49093";"Olímpio Noronha";3145505;"Olímpio Noronha"
"27/09/2026";"09:00:12";2;31;"MG";"Minas Gerais";"49115";"Oliveira";3145604;"Oliveira"
"27/09/2026";"09:00:12";2;31;"MG";"Minas Gerais";"49131";"Oliveira Fortes";3145703;"Oliveira Fortes"
"27/09/2026";"09:00:12";2;31;"MG";"Minas Gerais";"49158";"Onça De Pitangui";3145802;"Onça De Pitangui"
"27/09/2026";"09:00:12";2;31;"MG";"Minas Gerais";"49174";"Ouro Branco";3145901;"Ouro Branco"
"27/09/2026";"09:00:12";2;31;"MG";"Minas Gerais";"49190";"Ouro Fino";3146008;"Ouro Fino"
"27/09/2026";"09:00:12";2;31;"MG";"Minas Gerais";"49212";"Ouro Preto";3146107;"Ouro Preto"
"27/09/2026";"09:00:12";2;31;"MG";"Minas Gerais";"49239";"Ouro Verde De Minas";3146206;"Ouro Verde De Minas"
"27/09/2026";"09:00:12";2;31;"MG";"Minas Gerais";"49255";"Padre Paraíso";3146305;"Padre Paraíso"
"27/09/2026";"09:00:12";2;31;"MG";"Minas Gerais";"49271";"Paineiras";3146404;"Paineiras"
"27/09/2026";"09:00:12";2;31;"MG";"Minas Gerais";"49298";"Pains";3146503;"Pains"
"27/09/2026";"09:00:12";2;31;"MG";"Minas Gerais";"49310";"Paiva";3146602;"Paiva"
"27/09/2026";"09:00:12";2;31;"MG";"Minas Gerais";"49336";"Palma";3146701;"Palma"
"27/09/2026";"09:00:12";2;31;"MG";"Minas Gerais";"49352";"Fronteira Dos Vales";3127057;"Fronteira Dos Vales"
"27/09/2026";"09:00:12";2;31;"MG";"Minas Gerais";"49379";"Papagaios";3146909;"Papagaios"
"27/09/2026";"09:00:12";2;31;"MG";"Minas Gerais";"49395";"Paracatu";3147006;"Paracatu"
"27/09/2026";"09:00:12";2;31;"MG";"Minas Gerais";"49417";"Pará De Minas";3147105;"Pará De Minas"
"27/09/2026";"09:00:12";2;31;"MG";"Minas Gerais";"49433";"Paraguaçu";3147204;"Paraguaçu"
"27/09/2026";"09:00:12";2;31;"MG";"Minas Gerais";"49450";"Paraisópolis";3147303;"Paraisópolis"
"27/09/2026";"09:00:12";2;31;"MG";"Minas Gerais";"49476";"Paraopeba";3147402;"Paraopeba"
"27/09/2026";"09:00:12";2;31;"MG";"Minas Gerais";"49492";"Passabém";3147501;"Passabém"
"27/09/2026";"09:00:12";2;31;"MG";"Minas Gerais";"49514";"Passa Quatro";3147600;"Passa Quatro"
"27/09/2026";"09:00:12";2;31;"MG";"Minas Gerais";"49530";"Passa Tempo";3147709;"Passa Tempo"
"27/09/2026";"09:00:12";2;31;"MG";"Minas Gerais";"49557";"Passa Vinte";3147808;"Passa-Vinte"
"27/09/2026";"09:00:12";2;31;"MG";"Minas Gerais";"49573";"Passos";3147907;"Passos"
"27/09/2026";"09:00:12";2;31;"MG";"Minas Gerais";"49590";"Patos De Minas";3148004;"Patos De Minas"
"27/09/2026";"09:00:12";2;31;"MG";"Minas Gerais";"49611";"Patrocínio";3148103;"Patrocínio"
"27/09/2026";"09:00:12";2;31;"MG";"Minas Gerais";"49638";"Patrocínio Do Muriaé";3148202;"Patrocínio Do Muriaé"
"27/09/2026";"09:00:12";2;31;"MG";"Minas Gerais";"49654";"Paula Cândido";3148301;"Paula Cândido"
"27/09/2026";"09:00:12";2;31;"MG";"Minas Gerais";"49670";"Paulistas";3148400;"Paulistas"
"27/09/2026";"09:00:12";2;31;"MG";"Minas Gerais";"49697";"Pavão";3148509;"Pavão"
"27/09/2026";"09:00:12";2;31;"MG";"Minas Gerais";"49719";"Peçanha";3148608;"Peçanha"
"27/09/2026";"09:00:12";2;31;"MG";"Minas Gerais";"49735";"Pedra Azul";3148707;"Pedra Azul"
"27/09/2026";"09:00:12";2;31;"MG";"Minas Gerais";"49751";"Pedra Do Anta";3148806;"Pedra Do Anta"
"27/09/2026";"09:00:12";2;31;"MG";"Minas Gerais";"49778";"Pedra Do Indaiá";3148905;"Pedra Do Indaiá"
"27/09/2026";"09:00:12";2;31;"MG";"Minas Gerais";"49794";"Pedra Dourada";3149002;"Pedra Dourada"
"27/09/2026";"09:00:12";2;31;"MG";"Minas Gerais";"49816";"Pedralva";3149101;"Pedralva"
"27/09/2026";"09:00:12";2;31;"MG";"Minas Gerais";"49832";"Pedrinópolis";3149200;"Pedrinópolis"
"27/09/2026";"09:00:12";2;31;"MG";"Minas Gerais";"49859";"Pedro Leopoldo";3149309;"Pedro Leopoldo"
"27/09/2026";"09:00:12";2;31;"MG";"Minas Gerais";"49875";"Pedro Teixeira";3149408;"Pedro Teixeira"
"27/09/2026";"09:00:12";2;31;"MG";"Minas Gerais";"49891";"Pequeri";3149507;"Pequeri"
"27/09/2026";"09:00:12";2;31;"MG";"Minas Gerais";"49913";"Pequi";3149606;"Pequi"
"27/09/2026";"09:00:12";2;31;"MG";"Minas Gerais";"49930";"Perdigão";3149705;"Perdigão"
"27/09/2026";"09:00:12";2;31;"MG";"Minas Gerais";"49956";"Perdizes";3149804;"Perdizes"
"27/09/2026";"09:00:12";2;31;"MG";"Minas Gerais";"49972";"Perdões";3149903;"Perdões"
"27/09/2026";"09:00:12";2;31;"MG";"Minas Gerais";"49999";"Pescador";3150000;"Pescador"
"27/09/2026";"09:00:12";2;31;"MG";"Minas Gerais";"50016";"Piau";3150109;"Piau"
"27/09/2026";"09:00:12";2;31;"MG";"Minas Gerais";"50032";"Piedade De Ponte Nova";3150208;"Piedade De Ponte Nova"
"27/09/2026";"09:00:12";2;31;"MG";"Minas Gerais";"50059";"Piedade Do Rio Grande";3150307;"Piedade Do Rio Grande"
"27/09/2026";"09:00:12";2;31;"MG";"Minas Gerais";"50075";"Piedade Dos Gerais";3150406;"Piedade Dos Gerais"
"27/09/2026";"09:00:12";2;31;"MG";"Minas Gerais";"50091";"Pimenta";3150505;"Pimenta"
"27/09/2026";"09:00:12";2;31;"MG";"Minas Gerais";"50113";"Piracema";3150604;"Piracema"
"27/09/2026";"09:00:12";2;31;"MG";"Minas Gerais";"50130";"Pirajuba";3150703;"Pirajuba"
"27/09/2026";"09:00:12";2;31;"MG";"Minas Gerais";"50156";"Piranga";3150802;"Piranga"
"27/09/2026";"09:00:12";2;31;"MG";"Minas Gerais";"50172";"Piranguçu";3150901;"Piranguçu"
"27/09/2026";"09:00:12";2;31;"MG";"Minas Gerais";"50199";"Piranguinho";3151008;"Piranguinho"
"27/09/2026";"09:00:12";2;31;"MG";"Minas Gerais";"50210";"Pirapetinga";3151107;"Pirapetinga"
"27/09/2026";"09:00:12";2;31;"MG";"Minas Gerais";"50237";"Pirapora";3151206;"Pirapora"
"27/09/2026";"09:00:12";2;31;"MG";"Minas Gerais";"50253";"Piraúba";3151305;"Piraúba"
"27/09/2026";"09:00:12";2;31;"MG";"Minas Gerais";"50270";"Pitangui";3151404;"Pitangui"
"27/09/2026";"09:00:12";2;31;"MG";"Minas Gerais";"50296";"Piumhi";3151503;"Piumhi"
"27/09/2026";"09:00:12";2;31;"MG";"Minas Gerais";"50318";"Planura";3151602;"Planura"
"27/09/2026";"09:00:12";2;31;"MG";"Minas Gerais";"50334";"Poço Fundo";3151701;"Poço Fundo"
"27/09/2026";"09:00:12";2;31;"MG";"Minas Gerais";"50350";"Poços De Caldas";3151800;"Poços De Caldas"
"27/09/2026";"09:00:12";2;31;"MG";"Minas Gerais";"50377";"Pocrane";3151909;"Pocrane"
"27/09/2026";"09:00:12";2;31;"MG";"Minas Gerais";"50393";"Pompéu";3152006;"Pompéu"
"27/09/2026";"09:00:12";2;31;"MG";"Minas Gerais";"50415";"Ponte Nova";3152105;"Ponte Nova"
"27/09/2026";"09:00:12";2;31;"MG";"Minas Gerais";"50431";"Porteirinha";3152204;"Porteirinha"
"27/09/2026";"09:00:12";2;31;"MG";"Minas Gerais";"50458";"Porto Firme";3152303;"Porto Firme"
"27/09/2026";"09:00:12";2;31;"MG";"Minas Gerais";"50474";"Poté";3152402;"Poté"
"27/09/2026";"09:00:12";2;31;"MG";"Minas Gerais";"50490";"Pouso Alegre";3152501;"Pouso Alegre"
"27/09/2026";"09:00:12";2;31;"MG";"Minas Gerais";"50512";"Pouso Alto";3152600;"Pouso Alto"
"27/09/2026";"09:00:12";2;31;"MG";"Minas Gerais";"50539";"Prados";3152709;"Prados"
"27/09/2026";"09:00:12";2;31;"MG";"Minas Gerais";"50555";"Prata";3152808;"Prata"
"27/09/2026";"09:00:12";2;31;"MG";"Minas Gerais";"50571";"Pratápolis";3152907;"Pratápolis"
"27/09/2026";"09:00:12";2;31;"MG";"Minas Gerais";"50598";"Pratinha";3153004;"Pratinha"
"27/09/2026";"09:00:12";2;31;"MG";"Minas Gerais";"50610";"Presidente Bernardes";3153103;"Presidente Bernardes"
"27/09/2026";"09:00:12";2;31;"MG";"Minas Gerais";"50636";"Presidente Juscelino";3153202;"Presidente Juscelino"
"27/09/2026";"09:00:12";2;31;"MG";"Minas Gerais";"50652";"Presidente Kubitschek";3153301;"Presidente Kubitschek"
"27/09/2026";"09:00:12";2;31;"MG";"Minas Gerais";"50679";"Presidente Olegário";3153400;"Presidente Olegário"
"27/09/2026";"09:00:12";2;31;"MG";"Minas Gerais";"50695";"Alto Jequitibá";3153509;"Alto Jequitibá"
"27/09/2026";"09:00:12";2;31;"MG";"Minas Gerais";"50717";"Prudente De Morais";3153608;"Prudente De Morais"
"27/09/2026";"09:00:12";2;31;"MG";"Minas Gerais";"50733";"Quartel Geral";3153707;"Quartel Geral"
"27/09/2026";"09:00:12";2;31;"MG";"Minas Gerais";"50750";"Queluzito";3153806;"Queluzito"
"27/09/2026";"09:00:12";2;31;"MG";"Minas Gerais";"50776";"Raposos";3153905;"Raposos"
"27/09/2026";"09:00:12";2;31;"MG";"Minas Gerais";"50792";"Raul Soares";3154002;"Raul Soares"
"27/09/2026";"09:00:12";2;31;"MG";"Minas Gerais";"50814";"Recreio";3154101;"Recreio"
"27/09/2026";"09:00:12";2;31;"MG";"Minas Gerais";"50830";"Resende Costa";3154200;"Resende Costa"
"27/09/2026";"09:00:12";2;31;"MG";"Minas Gerais";"50857";"Resplendor";3154309;"Resplendor"
"27/09/2026";"09:00:12";2;31;"MG";"Minas Gerais";"50873";"Ressaquinha";3154408;"Ressaquinha"
"27/09/2026";"09:00:12";2;31;"MG";"Minas Gerais";"50890";"Riacho Dos Machados";3154507;"Riacho Dos Machados"
"27/09/2026";"09:00:12";2;31;"MG";"Minas Gerais";"50911";"Ribeirão Das Neves";3154606;"Ribeirão Das Neves"
"27/09/2026";"09:00:12";2;31;"MG";"Minas Gerais";"50938";"Ribeirão Vermelho";3154705;"Ribeirão Vermelho"
"27/09/2026";"09:00:12";2;31;"MG";"Minas Gerais";"50954";"Rio Acima";3154804;"Rio Acima"
"27/09/2026";"09:00:12";2;31;"MG";"Minas Gerais";"50970";"Rio Casca";3154903;"Rio Casca"
"27/09/2026";"09:00:12";2;31;"MG";"Minas Gerais";"50997";"Rio Doce";3155009;"Rio Doce"
"27/09/2026";"09:00:12";2;31;"MG";"Minas Gerais";"51012";"Rio Do Prado";3155108;"Rio Do Prado"
"27/09/2026";"09:00:12";2;31;"MG";"Minas Gerais";"51039";"Rio Espera";3155207;"Rio Espera"
"27/09/2026";"09:00:12";2;31;"MG";"Minas Gerais";"51055";"Rio Manso";3155306;"Rio Manso"
"27/09/2026";"09:00:12";2;31;"MG";"Minas Gerais";"51071";"Rio Novo";3155405;"Rio Novo"
"27/09/2026";"09:00:12";2;31;"MG";"Minas Gerais";"51098";"Rio Paranaíba";3155504;"Rio Paranaíba"
"27/09/2026";"09:00:12";2;31;"MG";"Minas Gerais";"51110";"Rio Pardo De Minas";3155603;"Rio Pardo De Minas"
"27/09/2026";"09:00:12";2;31;"MG";"Minas Gerais";"51136";"Rio Piracicaba";3155702;"Rio Piracicaba"
"27/09/2026";"09:00:12";2;31;"MG";"Minas Gerais";"51152";"Rio Pomba";3155801;"Rio Pomba"
"27/09/2026";"09:00:12";2;31;"MG";"Minas Gerais";"51179";"Rio Preto";3155900;"Rio Preto"
"27/09/2026";"09:00:12";2;31;"MG";"Minas Gerais";"51195";"Rio Vermelho";3156007;"Rio Vermelho"
"27/09/2026";"09:00:12";2;31;"MG";"Minas Gerais";"51217";"Ritápolis";3156106;"Ritápolis"
"27/09/2026";"09:00:12";2;31;"MG";"Minas Gerais";"51233";"Rochedo De Minas";3156205;"Rochedo De Minas"
"27/09/2026";"09:00:12";2;31;"MG";"Minas Gerais";"51250";"Rodeiro";3156304;"Rodeiro"
"27/09/2026";"09:00:12";2;31;"MG";"Minas Gerais";"51276";"Romaria";3156403;"Romaria"
"27/09/2026";"09:00:12";2;31;"MG";"Minas Gerais";"51292";"Rubelita";3156502;"Rubelita"
"27/09/2026";"09:00:12";2;31;"MG";"Minas Gerais";"51314";"Rubim";3156601;"Rubim"
"27/09/2026";"09:00:12";2;31;"MG";"Minas Gerais";"51330";"Sabará";3156700;"Sabará"
"27/09/2026";"09:00:12";2;31;"MG";"Minas Gerais";"51357";"Sabinópolis";3156809;"Sabinópolis"
"27/09/2026";"09:00:12";2;31;"MG";"Minas Gerais";"51373";"Sacramento";3156908;"Sacramento"
"27/09/2026";"09:00:12";2;31;"MG";"Minas Gerais";"51390";"Salinas";3157005;"Salinas"
"27/09/2026";"09:00:12";2;31;"MG";"Minas Gerais";"51411";"Salto Da Divisa";3157104;"Salto Da Divisa"
"27/09/2026";"09:00:12";2;31;"MG";"Minas Gerais";"51438";"Santa Bárbara";3157203;"Santa Bárbara"
"27/09/2026";"09:00:12";2;31;"MG";"Minas Gerais";"51454";"Santa Bárbara Do Tugúrio";3157302;"Santa Bárbara Do Tugúrio"
"27/09/2026";"09:00:12";2;31;"MG";"Minas Gerais";"51470";"Santa Cruz Do Escalvado";3157401;"Santa Cruz Do Escalvado"
"27/09/2026";"09:00:12";2;31;"MG";"Minas Gerais";"51497";"Santa Efigênia De Minas";3157500;"Santa Efigênia De Minas"
"27/09/2026";"09:00:12";2;31;"MG";"Minas Gerais";"51519";"Santa Fé De Minas";3157609;"Santa Fé De Minas"
"27/09/2026";"09:00:12";2;31;"MG";"Minas Gerais";"51535";"Santa Juliana";3157708;"Santa Juliana"
"27/09/2026";"09:00:12";2;31;"MG";"Minas Gerais";"51551";"Santa Luzia";3157807;"Santa Luzia"
"27/09/2026";"09:00:12";2;31;"MG";"Minas Gerais";"51578";"Santa Margarida";3157906;"Santa Margarida"
"27/09/2026";"09:00:12";2;31;"MG";"Minas Gerais";"51594";"Santa Maria De Itabira";3158003;"Santa Maria De Itabira"
"27/09/2026";"09:00:12";2;31;"MG";"Minas Gerais";"51616";"Santa Maria Do Salto";3158102;"Santa Maria Do Salto"
"27/09/2026";"09:00:12";2;31;"MG";"Minas Gerais";"51632";"Santa Maria Do Suaçuí";3158201;"Santa Maria Do Suaçuí"
"27/09/2026";"09:00:12";2;31;"MG";"Minas Gerais";"51659";"Santana Da Vargem";3158300;"Santana Da Vargem"
"27/09/2026";"09:00:12";2;31;"MG";"Minas Gerais";"51675";"Santana De Cataguases";3158409;"Santana De Cataguases"
"27/09/2026";"09:00:12";2;31;"MG";"Minas Gerais";"51691";"Santana De Pirapama";3158508;"Santana De Pirapama"
"27/09/2026";"09:00:12";2;31;"MG";"Minas Gerais";"51713";"Santana Do Deserto";3158607;"Santana Do Deserto"
"27/09/2026";"09:00:12";2;31;"MG";"Minas Gerais";"51730";"Santana Do Garambéu";3158706;"Santana Do Garambéu"
"27/09/2026";"09:00:12";2;31;"MG";"Minas Gerais";"51756";"Santana Do Jacaré";3158805;"Santana Do Jacaré"
"27/09/2026";"09:00:12";2;31;"MG";"Minas Gerais";"51772";"Santana Do Manhuaçu";3158904;"Santana Do Manhuaçu"
"27/09/2026";"09:00:12";2;31;"MG";"Minas Gerais";"51799";"Santana Do Riacho";3159001;"Santana Do Riacho"
"27/09/2026";"09:00:12";2;31;"MG";"Minas Gerais";"51810";"Santana Dos Montes";3159100;"Santana Dos Montes"
"27/09/2026";"09:00:12";2;31;"MG";"Minas Gerais";"51837";"Santa Rita De Caldas";3159209;"Santa Rita De Caldas"
"27/09/2026";"09:00:12";2;31;"MG";"Minas Gerais";"51853";"Santa Rita De Jacutinga";3159308;"Santa Rita De Jacutinga"
"27/09/2026";"09:00:12";2;31;"MG";"Minas Gerais";"51870";"Santa Rita De Ibitipoca";3159407;"Santa Rita De Ibitipoca"
"27/09/2026";"09:00:12";2;31;"MG";"Minas Gerais";"51896";"Santa Rita Do Itueto";3159506;"Santa Rita Do Itueto"
"27/09/2026";"09:00:12";2;31;"MG";"Minas Gerais";"51918";"Santa Rita Do Sapucaí";3159605;"Santa Rita Do Sapucaí"
"27/09/2026";"09:00:12";2;31;"MG";"Minas Gerais";"51934";"Santa Rosa Da Serra";3159704;"Santa Rosa Da Serra"
"27/09/2026";"09:00:12";2;31;"MG";"Minas Gerais";"51950";"Santa Vitória";3159803;"Santa Vitória"
"27/09/2026";"09:00:12";2;31;"MG";"Minas Gerais";"51977";"Santo Antônio Do Amparo";3159902;"Santo Antônio Do Amparo"
"27/09/2026";"09:00:12";2;31;"MG";"Minas Gerais";"51993";"Santo Antônio Do Aventureiro";3160009;"Santo Antônio Do Aventureiro"
"27/09/2026";"09:00:12";2;31;"MG";"Minas Gerais";"52019";"Santo Antônio Do Grama";3160108;"Santo Antônio Do Grama"
"27/09/2026";"09:00:12";2;31;"MG";"Minas Gerais";"52035";"Santo Antônio Do Itambé";3160207;"Santo Antônio Do Itambé"
"27/09/2026";"09:00:12";2;31;"MG";"Minas Gerais";"52051";"Santo Antônio Do Jacinto";3160306;"Santo Antônio Do Jacinto"
"27/09/2026";"09:00:12";2;31;"MG";"Minas Gerais";"52078";"Santo Antônio Do Monte";3160405;"Santo Antônio Do Monte"
"27/09/2026";"09:00:12";2;31;"MG";"Minas Gerais";"52094";"Santo Antônio Do Rio Abaixo";3160504;"Santo Antônio Do Rio Abaixo"
"27/09/2026";"09:00:12";2;31;"MG";"Minas Gerais";"52116";"Santo Hipólito";3160603;"Santo Hipólito"
"27/09/2026";"09:00:12";2;31;"MG";"Minas Gerais";"52132";"Santos Dumont";3160702;"Santos Dumont"
"27/09/2026";"09:00:12";2;31;"MG";"Minas Gerais";"52159";"São Bento Abade";3160801;"São Bento Abade"
"27/09/2026";"09:00:12";2;31;"MG";"Minas Gerais";"52175";"São Brás Do Suaçuí";3160900;"São Brás Do Suaçuí"
"27/09/2026";"09:00:12";2;31;"MG";"Minas Gerais";"52191";"São Domingos Do Prata";3161007;"São Domingos Do Prata"
"27/09/2026";"09:00:12";2;31;"MG";"Minas Gerais";"52213";"São Francisco";3161106;"São Francisco"
"27/09/2026";"09:00:12";2;31;"MG";"Minas Gerais";"52230";"São Francisco De Paula";3161205;"São Francisco De Paula"
"27/09/2026";"09:00:12";2;31;"MG";"Minas Gerais";"52256";"São Francisco De Sales";3161304;"São Francisco De Sales"
"27/09/2026";"09:00:12";2;31;"MG";"Minas Gerais";"52272";"São Francisco Do Glória";3161403;"São Francisco Do Glória"
"27/09/2026";"09:00:12";2;31;"MG";"Minas Gerais";"52299";"São Geraldo";3161502;"São Geraldo"
"27/09/2026";"09:00:12";2;31;"MG";"Minas Gerais";"52310";"São Geraldo Da Piedade";3161601;"São Geraldo Da Piedade"
"27/09/2026";"09:00:12";2;31;"MG";"Minas Gerais";"52337";"São Gonçalo Do Abaeté";3161700;"São Gonçalo Do Abaeté"
"27/09/2026";"09:00:12";2;31;"MG";"Minas Gerais";"52353";"São Gonçalo Do Pará";3161809;"São Gonçalo Do Pará"
"27/09/2026";"09:00:12";2;31;"MG";"Minas Gerais";"52370";"São Gonçalo Do Rio Abaixo";3161908;"São Gonçalo Do Rio Abaixo"
"27/09/2026";"09:00:12";2;31;"MG";"Minas Gerais";"52396";"São Gonçalo Do Sapucaí";3162005;"São Gonçalo Do Sapucaí"
"27/09/2026";"09:00:12";2;31;"MG";"Minas Gerais";"52418";"São Gotardo";3162104;"São Gotardo"
"27/09/2026";"09:00:12";2;31;"MG";"Minas Gerais";"52434";"São João Batista Do Glória";3162203;"São João Batista Do Glória"
"27/09/2026";"09:00:12";2;31;"MG";"Minas Gerais";"52450";"São João Da Mata";3162302;"São João Da Mata"
"27/09/2026";"09:00:12";2;31;"MG";"Minas Gerais";"52477";"São João Da Ponte";3162401;"São João Da Ponte"
"27/09/2026";"09:00:12";2;31;"MG";"Minas Gerais";"52493";"São João Del Rei";3162500;"São João Del Rei"
"27/09/2026";"09:00:12";2;31;"MG";"Minas Gerais";"52515";"São João Do Oriente";3162609;"São João Do Oriente"
"27/09/2026";"09:00:12";2;31;"MG";"Minas Gerais";"52531";"São João Do Paraíso";3162708;"São João Do Paraíso"
"27/09/2026";"09:00:12";2;31;"MG";"Minas Gerais";"52558";"São João Evangelista";3162807;"São João Evangelista"
"27/09/2026";"09:00:12";2;31;"MG";"Minas Gerais";"52574";"São João Nepomuceno";3162906;"São João Nepomuceno"
"27/09/2026";"09:00:12";2;31;"MG";"Minas Gerais";"52590";"São José Da Safira";3163003;"São José Da Safira"
"27/09/2026";"09:00:12";2;31;"MG";"Minas Gerais";"52612";"São José Da Varginha";3163102;"São José Da Varginha"
"27/09/2026";"09:00:12";2;31;"MG";"Minas Gerais";"52639";"São José Do Alegre";3163201;"São José Do Alegre"
"27/09/2026";"09:00:12";2;31;"MG";"Minas Gerais";"52655";"São José Do Divino";3163300;"São José Do Divino"
"27/09/2026";"09:00:12";2;31;"MG";"Minas Gerais";"52671";"São José Do Goiabal";3163409;"São José Do Goiabal"
"27/09/2026";"09:00:12";2;31;"MG";"Minas Gerais";"52698";"São José Do Jacuri";3163508;"São José Do Jacuri"
"27/09/2026";"09:00:12";2;31;"MG";"Minas Gerais";"52710";"São José Do Mantimento";3163607;"São José Do Mantimento"
"27/09/2026";"09:00:12";2;31;"MG";"Minas Gerais";"52736";"São Lourenço";3163706;"São Lourenço"
"27/09/2026";"09:00:12";2;31;"MG";"Minas Gerais";"52752";"São Miguel Do Anta";3163805;"São Miguel Do Anta"
"27/09/2026";"09:00:12";2;31;"MG";"Minas Gerais";"52779";"São Pedro Da União";3163904;"São Pedro Da União"
"27/09/2026";"09:00:12";2;31;"MG";"Minas Gerais";"52795";"São Pedro Dos Ferros";3164001;"São Pedro Dos Ferros"
"27/09/2026";"09:00:12";2;31;"MG";"Minas Gerais";"52817";"São Pedro Do Suaçuí";3164100;"São Pedro Do Suaçuí"
"27/09/2026";"09:00:12";2;31;"MG";"Minas Gerais";"52833";"São Romão";3164209;"São Romão"
"27/09/2026";"09:00:12";2;31;"MG";"Minas Gerais";"52850";"São Roque De Minas";3164308;"São Roque De Minas"
"27/09/2026";"09:00:12";2;31;"MG";"Minas Gerais";"52876";"São Sebastião Da Bela Vista";3164407;"São Sebastião Da Bela Vista"
"27/09/2026";"09:00:12";2;31;"MG";"Minas Gerais";"52892";"São Sebastião Do Maranhão";3164506;"São Sebastião Do Maranhão"
"27/09/2026";"09:00:12";2;31;"MG";"Minas Gerais";"52914";"São Sebastião Do Oeste";3164605;"São Sebastião Do Oeste"
"27/09/2026";"09:00:12";2;31;"MG";"Minas Gerais";"52930";"São Sebastião Do Paraíso";3164704;"São Sebastião Do Paraíso"
"27/09/2026";"09:00:12";2;31;"MG";"Minas Gerais";"52957";"São Sebastião Do Rio Preto";3164803;"São Sebastião Do Rio Preto"
"27/09/2026";"09:00:12";2;31;"MG";"Minas Gerais";"52973";"São Sebastião Do Rio Verde";3164902;"São Sebastião Do Rio Verde"
"27/09/2026";"09:00:12";2;31;"MG";"Minas Gerais";"52990";"São Tiago";3165008;"São Tiago"
"27/09/2026";"09:00:12";2;31;"MG";"Minas Gerais";"53015";"São Tomás De Aquino";3165107;"São Tomás De Aquino"
"27/09/2026";"09:00:12";2;31;"MG";"Minas Gerais";"53031";"São Thomé Das Letras";3165206;"São Thomé Das Letras"
"27/09/2026";"09:00:12";2;31;"MG";"Minas Gerais";"53058";"São Vicente De Minas";3165305;"São Vicente De Minas"
"27/09/2026";"09:00:12";2;31;"MG";"Minas Gerais";"53074";"Sapucaí-Mirim";3165404;"Sapucaí-Mirim"
"27/09/2026";"09:00:12";2;31;"MG";"Minas Gerais";"53090";"Sardoá";3165503;"Sardoá"
"27/09/2026";"09:00:12";2;31;"MG";"Minas Gerais";"53112";"Senador Cortes";3165602;"Senador Cortes"
"27/09/2026";"09:00:12";2;31;"MG";"Minas Gerais";"53139";"Senador Firmino";3165701;"Senador Firmino"
"27/09/2026";"09:00:12";2;31;"MG";"Minas Gerais";"53155";"Senador José Bento";3165800;"Senador José Bento"
"27/09/2026";"09:00:12";2;31;"MG";"Minas Gerais";"53171";"Senador Modestino Gonçalves";3165909;"Senador Modestino Gonçalves"
"27/09/2026";"09:00:12";2;31;"MG";"Minas Gerais";"53198";"Senhora De Oliveira";3166006;"Senhora De Oliveira"
"27/09/2026";"09:00:12";2;31;"MG";"Minas Gerais";"53210";"Senhora Do Porto";3166105;"Senhora Do Porto"
"27/09/2026";"09:00:12";2;31;"MG";"Minas Gerais";"53236";"Senhora Dos Remédios";3166204;"Senhora Dos Remédios"
"27/09/2026";"09:00:12";2;31;"MG";"Minas Gerais";"53252";"Sericita";3166303;"Sericita"
"27/09/2026";"09:00:12";2;31;"MG";"Minas Gerais";"53279";"Seritinga";3166402;"Seritinga"
"27/09/2026";"09:00:12";2;31;"MG";"Minas Gerais";"53295";"Serra Azul De Minas";3166501;"Serra Azul De Minas"
"27/09/2026";"09:00:12";2;31;"MG";"Minas Gerais";"53317";"Serra Da Saudade";3166600;"Serra Da Saudade"
"27/09/2026";"09:00:12";2;31;"MG";"Minas Gerais";"53333";"Serra Dos Aimorés";3166709;"Serra Dos Aimorés"
"27/09/2026";"09:00:12";2;31;"MG";"Minas Gerais";"53350";"Serra Do Salitre";3166808;"Serra Do Salitre"
"27/09/2026";"09:00:12";2;31;"MG";"Minas Gerais";"53376";"Serrania";3166907;"Serrania"
"27/09/2026";"09:00:12";2;31;"MG";"Minas Gerais";"53392";"Serranos";3167004;"Serranos"
"27/09/2026";"09:00:12";2;31;"MG";"Minas Gerais";"53414";"Serro";3167103;"Serro"
"27/09/2026";"09:00:12";2;31;"MG";"Minas Gerais";"53430";"Sete Lagoas";3167202;"Sete Lagoas"
"27/09/2026";"09:00:12";2;31;"MG";"Minas Gerais";"53457";"Silveirânia";3167301;"Silveirânia"
"27/09/2026";"09:00:12";2;31;"MG";"Minas Gerais";"53473";"Silvianópolis";3167400;"Silvianópolis"
"27/09/2026";"09:00:12";2;31;"MG";"Minas Gerais";"53490";"Simão Pereira";3167509;"Simão Pereira"
"27/09/2026";"09:00:12";2;31;"MG";"Minas Gerais";"53511";"Simonésia";3167608;"Simonésia"
"27/09/2026";"09:00:12";2;31;"MG";"Minas Gerais";"53538";"Sobrália";3167707;"Sobrália"
"27/09/2026";"09:00:12";2;31;"MG";"Minas Gerais";"53554";"Soledade De Minas";3167806;"Soledade De Minas"
"27/09/2026";"09:00:12";2;31;"MG";"Minas Gerais";"53570";"Tabuleiro";3167905;"Tabuleiro"
"27/09/2026";"09:00:12";2;31;"MG";"Minas Gerais";"53597";"Taiobeiras";3168002;"Taiobeiras"
"27/09/2026";"09:00:12";2;31;"MG";"Minas Gerais";"53619";"Tapira";3168101;"Tapira"
"27/09/2026";"09:00:12";2;31;"MG";"Minas Gerais";"53635";"Tapiraí";3168200;"Tapiraí"
"27/09/2026";"09:00:12";2;31;"MG";"Minas Gerais";"53651";"Taquaraçu De Minas";3168309;"Taquaraçu De Minas"
"27/09/2026";"09:00:12";2;31;"MG";"Minas Gerais";"53678";"Tarumirim";3168408;"Tarumirim"
"27/09/2026";"09:00:12";2;31;"MG";"Minas Gerais";"53694";"Teixeiras";3168507;"Teixeiras"
"27/09/2026";"09:00:12";2;31;"MG";"Minas Gerais";"53716";"Teófilo Otoni";3168606;"Teófilo Otoni"
"27/09/2026";"09:00:12";2;31;"MG";"Minas Gerais";"53732";"Timóteo";3168705;"Timóteo"
"27/09/2026";"09:00:12";2;31;"MG";"Minas Gerais";"53759";"Tiradentes";3168804;"Tiradentes"
"27/09/2026";"09:00:12";2;31;"MG";"Minas Gerais";"53775";"Tiros";3168903;"Tiros"
"27/09/2026";"09:00:12";2;31;"MG";"Minas Gerais";"53791";"Tocantins";3169000;"Tocantins"
"27/09/2026";"09:00:12";2;31;"MG";"Minas Gerais";"53813";"Toledo";3169109;"Toledo"
"27/09/2026";"09:00:12";2;31;"MG";"Minas Gerais";"53830";"Tombos";3169208;"Tombos"
"27/09/2026";"09:00:12";2;31;"MG";"Minas Gerais";"53856";"Três Corações";3169307;"Três Corações"
"27/09/2026";"09:00:12";2;31;"MG";"Minas Gerais";"53872";"Três Pontas";3169406;"Três Pontas"
"27/09/2026";"09:00:12";2;31;"MG";"Minas Gerais";"53899";"Tumiritinga";3169505;"Tumiritinga"
"27/09/2026";"09:00:12";2;31;"MG";"Minas Gerais";"53910";"Tupaciguara";3169604;"Tupaciguara"
"27/09/2026";"09:00:12";2;31;"MG";"Minas Gerais";"53937";"Turmalina";3169703;"Turmalina"
"27/09/2026";"09:00:12";2;31;"MG";"Minas Gerais";"53953";"Turvolândia";3169802;"Turvolândia"
"27/09/2026";"09:00:12";2;31;"MG";"Minas Gerais";"53970";"Ubá";3169901;"Ubá"
"27/09/2026";"09:00:12";2;31;"MG";"Minas Gerais";"53996";"Ubaí";3170008;"Ubaí"
"27/09/2026";"09:00:12";2;31;"MG";"Minas Gerais";"54011";"Uberaba";3170107;"Uberaba"
"27/09/2026";"09:00:12";2;31;"MG";"Minas Gerais";"54038";"Uberlândia";3170206;"Uberlândia"
"27/09/2026";"09:00:12";2;31;"MG";"Minas Gerais";"54054";"Umburatiba";3170305;"Umburatiba"
"27/09/2026";"09:00:12";2;31;"MG";"Minas Gerais";"54070";"Unaí";3170404;"Unaí"
"27/09/2026";"09:00:12";2;31;"MG";"Minas Gerais";"54097";"Urucânia";3170503;"Urucânia"
"27/09/2026";"09:00:12";2;31;"MG";"Minas Gerais";"54119";"Vargem Bonita";3170602;"Vargem Bonita"
"27/09/2026";"09:00:12";2;31;"MG";"Minas Gerais";"54135";"Varginha";3170701;"Varginha"
"27/09/2026";"09:00:12";2;31;"MG";"Minas Gerais";"54151";"Várzea Da Palma";3170800;"Várzea Da Palma"
"27/09/2026";"09:00:12";2;31;"MG";"Minas Gerais";"54178";"Varzelândia";3170909;"Varzelândia"
"27/09/2026";"09:00:12";2;31;"MG";"Minas Gerais";"54194";"Vazante";3171006;"Vazante"
"27/09/2026";"09:00:12";2;31;"MG";"Minas Gerais";"54216";"Wenceslau Braz";3172202;"Wenceslau Braz"
"27/09/2026";"09:00:12";2;31;"MG";"Minas Gerais";"54232";"Veríssimo";3171105;"Veríssimo"
"27/09/2026";"09:00:12";2;31;"MG";"Minas Gerais";"54259";"Vespasiano";3171204;"Vespasiano"
"27/09/2026";"09:00:12";2;31;"MG";"Minas Gerais";"54275";"Viçosa";3171303;"Viçosa"
"27/09/2026";"09:00:12";2;31;"MG";"Minas Gerais";"54291";"Vieiras";3171402;"Vieiras"
"27/09/2026";"09:00:12";2;31;"MG";"Minas Gerais";"54313";"Mathias Lobato";3171501;"Mathias Lobato"
"27/09/2026";"09:00:12";2;31;"MG";"Minas Gerais";"54330";"Virgem Da Lapa";3171600;"Virgem Da Lapa"
"27/09/2026";"09:00:12";2;31;"MG";"Minas Gerais";"54356";"Virgínia";3171709;"Virgínia"
"27/09/2026";"09:00:12";2;31;"MG";"Minas Gerais";"54372";"Virginópolis";3171808;"Virginópolis"
"27/09/2026";"09:00:12";2;31;"MG";"Minas Gerais";"54399";"Virgolândia";3171907;"Virgolândia"
"27/09/2026";"09:00:12";2;31;"MG";"Minas Gerais";"54410";"Visconde Do Rio Branco";3172004;"Visconde Do Rio Branco"
"27/09/2026";"09:00:12";2;31;"MG";"Minas Gerais";"54437";"Volta Grande";3172103;"Volta Grande"
"27/09/2026";"09:00:12";2;31;"MG";"Minas Gerais";"54453";"Itaú De Minas";3133758;"Itaú De Minas"
"27/09/2026";"09:00:12";19;50;"MS";"Mato Grosso Do Sul";"55000";"Nova Alvorada Do Sul";5006002;"Nova Alvorada Do Sul"
"27/09/2026";"09:00:12";19;50;"MS";"Mato Grosso Do Sul";"55018";"Alcinópolis";5000252;"Alcinópolis"
"27/09/2026";"09:00:12";19;50;"MS";"Mato Grosso Do Sul";"55026";"Laguna Carapã";5005251;"Laguna Carapã"
"27/09/2026";"09:00:12";19;50;"MS";"Mato Grosso Do Sul";"55034";"Japorã";5004809;"Japorã"
"27/09/2026";"09:00:12";19;50;"MS";"Mato Grosso Do Sul";"55042";"Novo Horizonte Do Sul";5006259;"Novo Horizonte Do Sul"
"27/09/2026";"09:00:12";19;50;"MS";"Mato Grosso Do Sul";"55050";"Paraíso Das Águas";5006275;"Paraíso Das Águas"
"27/09/2026";"09:00:12";19;50;"MS";"Mato Grosso Do Sul";"55069";"Figueirão";5003900;"Figueirão"
"27/09/2026";"09:00:12";19;50;"MS";"Mato Grosso Do Sul";"90034";"Água Clara";5000203;"Água Clara"
"27/09/2026";"09:00:12";19;50;"MS";"Mato Grosso Do Sul";"90115";"Amambai";5000609;"Amambai"
"27/09/2026";"09:00:12";19;50;"MS";"Mato Grosso Do Sul";"90131";"Anastácio";5000708;"Anastácio"
"27/09/2026";"09:00:12";19;50;"MS";"Mato Grosso Do Sul";"90158";"Anaurilândia";5000807;"Anaurilândia"
"27/09/2026";"09:00:12";19;50;"MS";"Mato Grosso Do Sul";"90174";"Antônio João";5000906;"Antônio João"
"27/09/2026";"09:00:12";19;50;"MS";"Mato Grosso Do Sul";"90190";"Aparecida Do Taboado";5001003;"Aparecida Do Taboado"
"27/09/2026";"09:00:12";19;50;"MS";"Mato Grosso Do Sul";"90212";"Aquidauana";5001102;"Aquidauana"
"27/09/2026";"09:00:12";19;50;"MS";"Mato Grosso Do Sul";"90298";"Bandeirantes";5001508;"Bandeirantes"
"27/09/2026";"09:00:12";19;50;"MS";"Mato Grosso Do Sul";"90379";"Bataguassu";5001904;"Bataguassu"
"27/09/2026";"09:00:12";19;50;"MS";"Mato Grosso Do Sul";"90395";"Batayporã";5002001;"Batayporã"
"27/09/2026";"09:00:12";19;50;"MS";"Mato Grosso Do Sul";"90417";"Bela Vista";5002100;"Bela Vista"
"27/09/2026";"09:00:12";19;50;"MS";"Mato Grosso Do Sul";"90433";"Bonito";5002209;"Bonito"
"27/09/2026";"09:00:12";19;50;"MS";"Mato Grosso Do Sul";"90450";"Brasilândia";5002308;"Brasilândia"
"27/09/2026";"09:00:12";19;50;"MS";"Mato Grosso Do Sul";"90492";"Camapuã";5002605;"Camapuã"
"27/09/2026";"09:00:12";19;50;"MS";"Mato Grosso Do Sul";"90514";"Campo Grande";5002704;"Campo Grande"
"27/09/2026";"09:00:12";19;50;"MS";"Mato Grosso Do Sul";"90530";"Caracol";5002803;"Caracol"
"27/09/2026";"09:00:12";19;50;"MS";"Mato Grosso Do Sul";"90557";"Caarapó";5002407;"Caarapó"
"27/09/2026";"09:00:12";19;50;"MS";"Mato Grosso Do Sul";"90573";"Cassilândia";5002902;"Cassilândia"
"27/09/2026";"09:00:12";19;50;"MS";"Mato Grosso Do Sul";"90611";"Corguinho";5003108;"Corguinho"
"27/09/2026";"09:00:12";19;50;"MS";"Mato Grosso Do Sul";"90638";"Corumbá";5003207;"Corumbá"
"27/09/2026";"09:00:12";19;50;"MS";"Mato Grosso Do Sul";"90654";"Coxim";5003306;"Coxim"
"27/09/2026";"09:00:12";19;50;"MS";"Mato Grosso Do Sul";"90735";"Dourados";5003702;"Dourados"
"27/09/2026";"09:00:12";19;50;"MS";"Mato Grosso Do Sul";"90751";"Fátima Do Sul";5003801;"Fátima Do Sul"
"27/09/2026";"09:00:12";19;50;"MS";"Mato Grosso Do Sul";"90794";"Glória De Dourados";5004007;"Glória De Dourados"
"27/09/2026";"09:00:12";19;50;"MS";"Mato Grosso Do Sul";"90816";"Guia Lopes Da Laguna";5004106;"Guia Lopes Da Laguna"
"27/09/2026";"09:00:12";19;50;"MS";"Mato Grosso Do Sul";"90859";"Iguatemi";5004304;"Iguatemi"
"27/09/2026";"09:00:12";19;50;"MS";"Mato Grosso Do Sul";"90875";"Inocência";5004403;"Inocência"
"27/09/2026";"09:00:12";19;50;"MS";"Mato Grosso Do Sul";"90891";"Itaporã";5004502;"Itaporã"
"27/09/2026";"09:00:12";19;50;"MS";"Mato Grosso Do Sul";"90930";"Ivinhema";5004700;"Ivinhema"
"27/09/2026";"09:00:12";19;50;"MS";"Mato Grosso Do Sul";"90972";"Jaraguari";5004908;"Jaraguari"
"27/09/2026";"09:00:12";19;50;"MS";"Mato Grosso Do Sul";"90999";"Jardim";5005004;"Jardim"
"27/09/2026";"09:00:12";19;50;"MS";"Mato Grosso Do Sul";"91014";"Jateí";5005103;"Jateí"
"27/09/2026";"09:00:12";19;50;"MS";"Mato Grosso Do Sul";"91030";"Ladário";5005202;"Ladário"
"27/09/2026";"09:00:12";19;50;"MS";"Mato Grosso Do Sul";"91073";"Maracaju";5005400;"Maracaju"
"27/09/2026";"09:00:12";19;50;"MS";"Mato Grosso Do Sul";"91111";"Miranda";5005608;"Miranda"
"27/09/2026";"09:00:12";19;50;"MS";"Mato Grosso Do Sul";"91138";"Naviraí";5005707;"Naviraí"
"27/09/2026";"09:00:12";19;50;"MS";"Mato Grosso Do Sul";"91154";"Nioaque";5005806;"Nioaque"
"27/09/2026";"09:00:12";19;50;"MS";"Mato Grosso Do Sul";"91235";"Nova Andradina";5006200;"Nova Andradina"
"27/09/2026";"09:00:12";19;50;"MS";"Mato Grosso Do Sul";"91251";"Paranaíba";5006309;"Paranaíba"
"27/09/2026";"09:00:12";19;50;"MS";"Mato Grosso Do Sul";"91278";"Pedro Gomes";5006408;"Pedro Gomes"
"27/09/2026";"09:00:12";19;50;"MS";"Mato Grosso Do Sul";"91316";"Ponta Porã";5006606;"Ponta Porã"
"27/09/2026";"09:00:12";19;50;"MS";"Mato Grosso Do Sul";"91375";"Porto Murtinho";5006903;"Porto Murtinho"
"27/09/2026";"09:00:12";19;50;"MS";"Mato Grosso Do Sul";"91413";"Ribas Do Rio Pardo";5007109;"Ribas Do Rio Pardo"
"27/09/2026";"09:00:12";19;50;"MS";"Mato Grosso Do Sul";"91430";"Rio Brilhante";5007208;"Rio Brilhante"
"27/09/2026";"09:00:12";19;50;"MS";"Mato Grosso Do Sul";"91456";"Rio Negro";5007307;"Rio Negro"
"27/09/2026";"09:00:12";19;50;"MS";"Mato Grosso Do Sul";"91472";"Rio Verde De Mato Grosso";5007406;"Rio Verde De Mato Grosso"
"27/09/2026";"09:00:12";19;50;"MS";"Mato Grosso Do Sul";"91499";"Rochedo";5007505;"Rochedo"
"27/09/2026";"09:00:12";19;50;"MS";"Mato Grosso Do Sul";"91570";"Sidrolândia";5007901;"Sidrolândia"
"27/09/2026";"09:00:12";19;50;"MS";"Mato Grosso Do Sul";"91596";"Terenos";5008008;"Terenos"
"27/09/2026";"09:00:12";19;50;"MS";"Mato Grosso Do Sul";"91650";"Três Lagoas";5008305;"Três Lagoas"
"27/09/2026";"09:00:12";19;50;"MS";"Mato Grosso Do Sul";"91693";"Angélica";5000856;"Angélica"
"27/09/2026";"09:00:12";19;50;"MS";"Mato Grosso Do Sul";"91715";"Aral Moreira";5001243;"Aral Moreira"
"27/09/2026";"09:00:12";19;50;"MS";"Mato Grosso Do Sul";"91731";"Eldorado";5003751;"Eldorado"
"27/09/2026";"09:00:12";19;50;"MS";"Mato Grosso Do Sul";"91758";"Deodápolis";5003454;"Deodápolis"
"27/09/2026";"09:00:12";19;50;"MS";"Mato Grosso Do Sul";"91782";"Chapadão Do Sul";5002951;"Chapadão Do Sul"
"27/09/2026";"09:00:12";19;50;"MS";"Mato Grosso Do Sul";"91790";"Mundo Novo";5005681;"Mundo Novo"
"27/09/2026";"09:00:12";19;50;"MS";"Mato Grosso Do Sul";"91804";"Dois Irmãos Do Buriti";5003488;"Dois Irmãos Do Buriti"
"27/09/2026";"09:00:12";19;50;"MS";"Mato Grosso Do Sul";"91820";"Juti";5005152;"Juti"
"27/09/2026";"09:00:12";19;50;"MS";"Mato Grosso Do Sul";"91847";"Paranhos";5006358;"Paranhos"
"27/09/2026";"09:00:12";19;50;"MS";"Mato Grosso Do Sul";"91863";"Santa Rita Do Pardo";5007554;"Santa Rita Do Pardo"
"27/09/2026";"09:00:12";19;50;"MS";"Mato Grosso Do Sul";"91880";"Sonora";5007935;"Sonora"
"27/09/2026";"09:00:12";19;50;"MS";"Mato Grosso Do Sul";"91901";"Vicentina";5008404;"Vicentina"
"27/09/2026";"09:00:12";19;50;"MS";"Mato Grosso Do Sul";"98019";"Bodoquena";5002159;"Bodoquena"
"27/09/2026";"09:00:12";19;50;"MS";"Mato Grosso Do Sul";"98035";"Costa Rica";5003256;"Costa Rica"
"27/09/2026";"09:00:12";19;50;"MS";"Mato Grosso Do Sul";"98051";"Douradina";5003504;"Douradina"
"27/09/2026";"09:00:12";19;50;"MS";"Mato Grosso Do Sul";"98078";"Itaquiraí";5004601;"Itaquiraí"
"27/09/2026";"09:00:12";19;50;"MS";"Mato Grosso Do Sul";"98094";"São Gabriel Do Oeste";5007695;"São Gabriel Do Oeste"
"27/09/2026";"09:00:12";19;50;"MS";"Mato Grosso Do Sul";"98116";"Selvíria";5007802;"Selvíria"
"27/09/2026";"09:00:12";19;50;"MS";"Mato Grosso Do Sul";"98132";"Sete Quedas";5007703;"Sete Quedas"
"27/09/2026";"09:00:12";19;50;"MS";"Mato Grosso Do Sul";"98159";"Tacuru";5007950;"Tacuru"
"27/09/2026";"09:00:12";19;50;"MS";"Mato Grosso Do Sul";"98175";"Taquarussu";5007976;"Taquarussu"
"27/09/2026";"09:00:12";19;50;"MS";"Mato Grosso Do Sul";"98590";"Coronel Sapucaia";5003157;"Coronel Sapucaia"
"27/09/2026";"09:00:12";18;51;"MT";"Mato Grosso";"73709";"Boa Esperança Do Norte";5101837;"Boa Esperança Do Norte"
"27/09/2026";"09:00:12";18;51;"MT";"Mato Grosso";"89788";"Colniza";5103254;"Colniza"
"27/09/2026";"09:00:12";18;51;"MT";"Mato Grosso";"89796";"Colíder";5103205;"Colíder"
"27/09/2026";"09:00:12";18;51;"MT";"Mato Grosso";"89800";"Curvelândia";5103437;"Curvelândia"
"27/09/2026";"09:00:12";18;51;"MT";"Mato Grosso";"89818";"Nova Brasilândia";5106208;"Nova Brasilândia"
"27/09/2026";"09:00:12";18;51;"MT";"Mato Grosso";"89826";"Nova Santa Helena";5106190;"Nova Santa Helena"
"27/09/2026";"09:00:12";18;51;"MT";"Mato Grosso";"89834";"Paranatinga";5106307;"Paranatinga"
"27/09/2026";"09:00:12";18;51;"MT";"Mato Grosso";"89843";"Santo Antônio Do Leste";5107792;"Santo Antônio Do Leste"
"27/09/2026";"09:00:12";18;51;"MT";"Mato Grosso";"89850";"Sinop";5107909;"Sinop"
"27/09/2026";"09:00:12";18;51;"MT";"Mato Grosso";"89877";"Alta Floresta";5100250;"Alta Floresta"
"27/09/2026";"09:00:12";18;51;"MT";"Mato Grosso";"89893";"Araputanga";5101258;"Araputanga"
"27/09/2026";"09:00:12";18;51;"MT";"Mato Grosso";"89915";"Jauru";5105002;"Jauru"
"27/09/2026";"09:00:12";18;51;"MT";"Mato Grosso";"89931";"São José Dos Quatro Marcos";5107107;"São José Dos Quatro Marcos"
"27/09/2026";"09:00:12";18;51;"MT";"Mato Grosso";"89958";"Rio Branco";5107206;"Rio Branco"
"27/09/2026";"09:00:12";18;51;"MT";"Mato Grosso";"89960";"Rondolândia";5107578;"Rondolândia"
"27/09/2026";"09:00:12";18;51;"MT";"Mato Grosso";"89974";"Salto Do Céu";5107750;"Salto Do Céu"
"27/09/2026";"09:00:12";18;51;"MT";"Mato Grosso";"89990";"Pontes E Lacerda";5106752;"Pontes E Lacerda"
"27/09/2026";"09:00:12";18;51;"MT";"Mato Grosso";"90018";"Acorizal";5100102;"Acorizal"
"27/09/2026";"09:00:12";18;51;"MT";"Mato Grosso";"90026";"São José Do Povo";5107297;"São José Do Povo"
"27/09/2026";"09:00:12";18;51;"MT";"Mato Grosso";"90042";"Alto Boa Vista";5100359;"Alto Boa Vista"
"27/09/2026";"09:00:12";18;51;"MT";"Mato Grosso";"90050";"Alto Araguaia";5100300;"Alto Araguaia"
"27/09/2026";"09:00:12";18;51;"MT";"Mato Grosso";"90069";"Querência";5107065;"Querência"
"27/09/2026";"09:00:12";18;51;"MT";"Mato Grosso";"90077";"Alto Garças";5100409;"Alto Garças"
"27/09/2026";"09:00:12";18;51;"MT";"Mato Grosso";"90085";"Canabrava Do Norte";5102694;"Canabrava Do Norte"
"27/09/2026";"09:00:12";18;51;"MT";"Mato Grosso";"90093";"Alto Paraguai";5100508;"Alto Paraguai"
"27/09/2026";"09:00:12";18;51;"MT";"Mato Grosso";"90107";"Santa Carmem";5107248;"Santa Carmem"
"27/09/2026";"09:00:12";18;51;"MT";"Mato Grosso";"90123";"Nova Maringá";5108907;"Nova Maringá"
"27/09/2026";"09:00:12";18;51;"MT";"Mato Grosso";"90140";"Nova Guarita";5108808;"Nova Guarita"
"27/09/2026";"09:00:12";18;51;"MT";"Mato Grosso";"90166";"Nova Marilândia";5108857;"Nova Marilândia"
"27/09/2026";"09:00:12";18;51;"MT";"Mato Grosso";"90182";"Porto Estrela";5106851;"Porto Estrela"
"27/09/2026";"09:00:12";18;51;"MT";"Mato Grosso";"90204";"Glória D'Oeste";5103957;"Glória D'Oeste"
"27/09/2026";"09:00:12";18;51;"MT";"Mato Grosso";"90220";"Tabaporã";5107941;"Tabaporã"
"27/09/2026";"09:00:12";18;51;"MT";"Mato Grosso";"90239";"Araguainha";5101209;"Araguainha"
"27/09/2026";"09:00:12";18;51;"MT";"Mato Grosso";"90247";"São José Do Xingu";5107354;"São José Do Xingu"
"27/09/2026";"09:00:12";18;51;"MT";"Mato Grosso";"90255";"Arenápolis";5101308;"Arenápolis"
"27/09/2026";"09:00:12";18;51;"MT";"Mato Grosso";"90263";"Apiacás";5100805;"Apiacás"
"27/09/2026";"09:00:12";18;51;"MT";"Mato Grosso";"90271";"Aripuanã";5101407;"Aripuanã"
"27/09/2026";"09:00:12";18;51;"MT";"Mato Grosso";"90280";"Confresa";5103353;"Confresa"
"27/09/2026";"09:00:12";18;51;"MT";"Mato Grosso";"90301";"Lambari D'Oeste";5105234;"Lambari D'Oeste"
"27/09/2026";"09:00:12";18;51;"MT";"Mato Grosso";"90310";"Barão De Melgaço";5101605;"Barão De Melgaço"
"27/09/2026";"09:00:12";18;51;"MT";"Mato Grosso";"90328";"Santo Afonso";5107263;"Santo Afonso"
"27/09/2026";"09:00:12";18;51;"MT";"Mato Grosso";"90336";"Barra Do Bugres";5101704;"Barra Do Bugres"
"27/09/2026";"09:00:12";18;51;"MT";"Mato Grosso";"90344";"Planalto Da Serra";5106455;"Planalto Da Serra"
"27/09/2026";"09:00:12";18;51;"MT";"Mato Grosso";"90352";"Barra Do Garças";5101803;"Barra Do Garças"
"27/09/2026";"09:00:12";18;51;"MT";"Mato Grosso";"90360";"Nova Monte Verde";5108956;"Nova Monte Verde"
"27/09/2026";"09:00:12";18;51;"MT";"Mato Grosso";"90387";"Nova Bandeirantes";5106158;"Nova Bandeirantes"
"27/09/2026";"09:00:12";18;51;"MT";"Mato Grosso";"90409";"São Pedro Da Cipa";5107404;"São Pedro Da Cipa"
"27/09/2026";"09:00:12";18;51;"MT";"Mato Grosso";"90425";"Cotriguaçu";5103379;"Cotriguaçu"
"27/09/2026";"09:00:12";18;51;"MT";"Mato Grosso";"90441";"Ribeirãozinho";5107198;"Ribeirãozinho"
"27/09/2026";"09:00:12";18;51;"MT";"Mato Grosso";"90468";"Brasnorte";5101902;"Brasnorte"
"27/09/2026";"09:00:12";18;51;"MT";"Mato Grosso";"90476";"Cáceres";5102504;"Cáceres"
"27/09/2026";"09:00:12";18;51;"MT";"Mato Grosso";"90484";"Campo Novo Do Parecis";5102637;"Campo Novo Do Parecis"
"27/09/2026";"09:00:12";18;51;"MT";"Mato Grosso";"90506";"Campo Verde";5102678;"Campo Verde"
"27/09/2026";"09:00:12";18;51;"MT";"Mato Grosso";"90522";"Cláudia";5103056;"Cláudia"
"27/09/2026";"09:00:12";18;51;"MT";"Mato Grosso";"90549";"Castanheira";5102850;"Castanheira"
"27/09/2026";"09:00:12";18;51;"MT";"Mato Grosso";"90565";"Jangada";5104906;"Jangada"
"27/09/2026";"09:00:12";18;51;"MT";"Mato Grosso";"90581";"Juruena";5105176;"Juruena"
"27/09/2026";"09:00:12";18;51;"MT";"Mato Grosso";"90590";"Chapada Dos Guimarães";5103007;"Chapada Dos Guimarães"
"27/09/2026";"09:00:12";18;51;"MT";"Mato Grosso";"90603";"Lucas Do Rio Verde";5105259;"Lucas Do Rio Verde"
"27/09/2026";"09:00:12";18;51;"MT";"Mato Grosso";"90620";"Matupá";5105606;"Matupá"
"27/09/2026";"09:00:12";18;51;"MT";"Mato Grosso";"90646";"Nova Mutum";5106224;"Nova Mutum"
"27/09/2026";"09:00:12";18;51;"MT";"Mato Grosso";"90662";"Ribeirão Cascalheira";5107180;"Ribeirão Cascalheira"
"27/09/2026";"09:00:12";18;51;"MT";"Mato Grosso";"90670";"Cuiabá";5103403;"Cuiabá"
"27/09/2026";"09:00:12";18;51;"MT";"Mato Grosso";"90689";"Tapurah";5108006;"Tapurah"
"27/09/2026";"09:00:12";18;51;"MT";"Mato Grosso";"90697";"Diamantino";5103502;"Diamantino"
"27/09/2026";"09:00:12";18;51;"MT";"Mato Grosso";"90700";"Pontal Do Araguaia";5106653;"Pontal Do Araguaia"
"27/09/2026";"09:00:12";18;51;"MT";"Mato Grosso";"90719";"Dom Aquino";5103601;"Dom Aquino"
"27/09/2026";"09:00:12";18;51;"MT";"Mato Grosso";"90727";"Sapezal";5107875;"Sapezal"
"27/09/2026";"09:00:12";18;51;"MT";"Mato Grosso";"90743";"Campos De Júlio";5102686;"Campos De Júlio"
"27/09/2026";"09:00:12";18;51;"MT";"Mato Grosso";"90760";"Carlinda";5102793;"Carlinda"
"27/09/2026";"09:00:12";18;51;"MT";"Mato Grosso";"90778";"General Carneiro";5103908;"General Carneiro"
"27/09/2026";"09:00:12";18;51;"MT";"Mato Grosso";"90786";"Feliz Natal";5103700;"Feliz Natal"
"27/09/2026";"09:00:12";18;51;"MT";"Mato Grosso";"90808";"Novo Mundo";5106265;"Novo Mundo"
"27/09/2026";"09:00:12";18;51;"MT";"Mato Grosso";"90824";"Gaúcha Do Norte";5103858;"Gaúcha Do Norte"
"27/09/2026";"09:00:12";18;51;"MT";"Mato Grosso";"90832";"Guiratinga";5104203;"Guiratinga"
"27/09/2026";"09:00:12";18;51;"MT";"Mato Grosso";"90840";"União Do Sul";5108303;"União Do Sul"
"27/09/2026";"09:00:12";18;51;"MT";"Mato Grosso";"90867";"Nova Lacerda";5106182;"Nova Lacerda"
"27/09/2026";"09:00:12";18;51;"MT";"Mato Grosso";"90883";"Nova Ubiratã";5106240;"Nova Ubiratã"
"27/09/2026";"09:00:12";18;51;"MT";"Mato Grosso";"90905";"Bom Jesus Do Araguaia";5101852;"Bom Jesus Do Araguaia"
"27/09/2026";"09:00:12";18;51;"MT";"Mato Grosso";"90913";"Itiquira";5104609;"Itiquira"
"27/09/2026";"09:00:12";18;51;"MT";"Mato Grosso";"90921";"Serra Nova Dourada";5107883;"Serra Nova Dourada"
"27/09/2026";"09:00:12";18;51;"MT";"Mato Grosso";"90948";"Novo Santo Antônio";5106315;"Novo Santo Antônio"
"27/09/2026";"09:00:12";18;51;"MT";"Mato Grosso";"90956";"Jaciara";5104807;"Jaciara"
"27/09/2026";"09:00:12";18;51;"MT";"Mato Grosso";"90964";"Nova Nazaré";5106174;"Nova Nazaré"
"27/09/2026";"09:00:12";18;51;"MT";"Mato Grosso";"90980";"Santa Cruz Do Xingu";5107743;"Santa Cruz Do Xingu"
"27/09/2026";"09:00:12";18;51;"MT";"Mato Grosso";"91006";"Conquista D'Oeste";5103361;"Conquista D'Oeste"
"27/09/2026";"09:00:12";18;51;"MT";"Mato Grosso";"91022";"Vale De São Domingos";5108352;"Vale De São Domingos"
"27/09/2026";"09:00:12";18;51;"MT";"Mato Grosso";"91049";"Santa Rita Do Trivelato";5107768;"Santa Rita Do Trivelato"
"27/09/2026";"09:00:12";18;51;"MT";"Mato Grosso";"91057";"Luciara";5105309;"Luciara"
"27/09/2026";"09:00:12";18;51;"MT";"Mato Grosso";"91081";"Ipiranga Do Norte";5104526;"Ipiranga Do Norte"
"27/09/2026";"09:00:12";18;51;"MT";"Mato Grosso";"91090";"Vila Bela Da Santíssima Trindade";5105507;"Vila Bela Da Santíssima Trindade"
"27/09/2026";"09:00:12";18;51;"MT";"Mato Grosso";"91103";"Itanhangá";5104542;"Itanhangá"
"27/09/2026";"09:00:12";18;51;"MT";"Mato Grosso";"91170";"Nobres";5105903;"Nobres"
"27/09/2026";"09:00:12";18;51;"MT";"Mato Grosso";"91197";"Nortelândia";5106000;"Nortelândia"
"27/09/2026";"09:00:12";18;51;"MT";"Mato Grosso";"91219";"Nossa Senhora Do Livramento";5106109;"Nossa Senhora Do Livramento"
"27/09/2026";"09:00:12";18;51;"MT";"Mato Grosso";"91294";"Poconé";5106505;"Poconé"
"27/09/2026";"09:00:12";18;51;"MT";"Mato Grosso";"91332";"Ponte Branca";5106703;"Ponte Branca"
"27/09/2026";"09:00:12";18;51;"MT";"Mato Grosso";"91359";"Porto Dos Gaúchos";5106802;"Porto Dos Gaúchos"
"27/09/2026";"09:00:12";18;51;"MT";"Mato Grosso";"91391";"Poxoréu";5107008;"Poxoréo"
"27/09/2026";"09:00:12";18;51;"MT";"Mato Grosso";"91510";"Rondonópolis";5107602;"Rondonópolis"
"27/09/2026";"09:00:12";18;51;"MT";"Mato Grosso";"91537";"Rosário Oeste";5107701;"Rosário Oeste"
"27/09/2026";"09:00:12";18;51;"MT";"Mato Grosso";"91553";"Santo Antônio Do Leverger";5107800;"Santo Antônio Do Leverger"
"27/09/2026";"09:00:12";18;51;"MT";"Mato Grosso";"91618";"Tesouro";5108105;"Tesouro"
"27/09/2026";"09:00:12";18;51;"MT";"Mato Grosso";"91634";"Torixoréu";5108204;"Torixoréu"
"27/09/2026";"09:00:12";18;51;"MT";"Mato Grosso";"91677";"Várzea Grande";5108402;"Várzea Grande"
"27/09/2026";"09:00:12";18;51;"MT";"Mato Grosso";"91774";"Mirassol D'Oeste";5105622;"Mirassol D'Oeste"
"27/09/2026";"09:00:12";18;51;"MT";"Mato Grosso";"91812";"Pedra Preta";5106372;"Pedra Preta"
"27/09/2026";"09:00:12";18;51;"MT";"Mato Grosso";"91839";"São Félix Do Araguaia";5107859;"São Félix Do Araguaia"
"27/09/2026";"09:00:12";18;51;"MT";"Mato Grosso";"91855";"Tangará Da Serra";5107958;"Tangará Da Serra"
"27/09/2026";"09:00:12";18;51;"MT";"Mato Grosso";"91898";"Juscimeira";5105200;"Juscimeira"
"27/09/2026";"09:00:12";18;51;"MT";"Mato Grosso";"91910";"Água Boa";5100201;"Água Boa"
"27/09/2026";"09:00:12";18;51;"MT";"Mato Grosso";"91936";"Canarana";5102702;"Canarana"
"27/09/2026";"09:00:12";18;51;"MT";"Mato Grosso";"91952";"Nova Xavantina";5106257;"Nova Xavantina"
"27/09/2026";"09:00:12";18;51;"MT";"Mato Grosso";"91979";"Santa Terezinha";5107776;"Santa Terezinha"
"27/09/2026";"09:00:12";18;51;"MT";"Mato Grosso";"91995";"São José Do Rio Claro";5107305;"São José Do Rio Claro"
"27/09/2026";"09:00:12";18;51;"MT";"Mato Grosso";"98191";"Juara";5105101;"Juara"
"27/09/2026";"09:00:12";18;51;"MT";"Mato Grosso";"98310";"Juína";5105150;"Juína"
"27/09/2026";"09:00:12";18;51;"MT";"Mato Grosso";"98337";"Denise";5103452;"Denise"
"27/09/2026";"09:00:12";18;51;"MT";"Mato Grosso";"98612";"Alto Taquari";5100607;"Alto Taquari"
"27/09/2026";"09:00:12";18;51;"MT";"Mato Grosso";"98639";"Araguaiana";5101001;"Araguaiana"
"27/09/2026";"09:00:12";18;51;"MT";"Mato Grosso";"98655";"Campinápolis";5102603;"Campinápolis"
"27/09/2026";"09:00:12";18;51;"MT";"Mato Grosso";"98671";"Cocalinho";5103106;"Cocalinho"
"27/09/2026";"09:00:12";18;51;"MT";"Mato Grosso";"98698";"Itaúba";5104559;"Itaúba"
"27/09/2026";"09:00:12";18;51;"MT";"Mato Grosso";"98710";"Marcelândia";5105580;"Marcelândia"
"27/09/2026";"09:00:12";18;51;"MT";"Mato Grosso";"98736";"Nova Olímpia";5106232;"Nova Olímpia"
"27/09/2026";"09:00:12";18;51;"MT";"Mato Grosso";"98752";"Nova Canaã Do Norte";5106216;"Nova Canaã Do Norte"
"27/09/2026";"09:00:12";18;51;"MT";"Mato Grosso";"98779";"Novo São Joaquim";5106281;"Novo São Joaquim"
"27/09/2026";"09:00:12";18;51;"MT";"Mato Grosso";"98795";"Novo Horizonte Do Norte";5106273;"Novo Horizonte Do Norte"
"27/09/2026";"09:00:12";18;51;"MT";"Mato Grosso";"98817";"Peixoto De Azevedo";5106422;"Peixoto De Azevedo"
"27/09/2026";"09:00:12";18;51;"MT";"Mato Grosso";"98833";"Paranaíta";5106299;"Paranaíta"
"27/09/2026";"09:00:12";18;51;"MT";"Mato Grosso";"98850";"Porto Alegre Do Norte";5106778;"Porto Alegre Do Norte"
"27/09/2026";"09:00:12";18;51;"MT";"Mato Grosso";"98876";"Porto Esperidião";5106828;"Porto Esperidião"
"27/09/2026";"09:00:12";18;51;"MT";"Mato Grosso";"98892";"Primavera Do Leste";5107040;"Primavera Do Leste"
"27/09/2026";"09:00:12";18;51;"MT";"Mato Grosso";"98914";"Reserva Do Cabaçal";5107156;"Reserva Do Cabaçal"
"27/09/2026";"09:00:12";18;51;"MT";"Mato Grosso";"98930";"Sorriso";5107925;"Sorriso"
"27/09/2026";"09:00:12";18;51;"MT";"Mato Grosso";"98957";"Terra Nova Do Norte";5108055;"Terra Nova Do Norte"
"27/09/2026";"09:00:12";18;51;"MT";"Mato Grosso";"98973";"Vera";5108501;"Vera"
"27/09/2026";"09:00:12";18;51;"MT";"Mato Grosso";"98990";"Vila Rica";5108600;"Vila Rica"
"27/09/2026";"09:00:12";18;51;"MT";"Mato Grosso";"99015";"Comodoro";5103304;"Comodoro"
"27/09/2026";"09:00:12";18;51;"MT";"Mato Grosso";"99031";"Figueirópolis D'Oeste";5103809;"Figueirópolis D'Oeste"
"27/09/2026";"09:00:12";18;51;"MT";"Mato Grosso";"99058";"Guarantã Do Norte";5104104;"Guarantã Do Norte"
"27/09/2026";"09:00:12";18;51;"MT";"Mato Grosso";"99074";"Indiavaí";5104500;"Indiavaí"
"27/09/2026";"09:00:12";13;15;"PA";"Pará";"04006";"Goianésia Do Pará";1503093;"Goianésia Do Pará"
"27/09/2026";"09:00:12";13;15;"PA";"Pará";"04014";"Abaetetuba";1500107;"Abaetetuba"
"27/09/2026";"09:00:12";13;15;"PA";"Pará";"04022";"Tailândia";1507953;"Tailândia"
"27/09/2026";"09:00:12";13;15;"PA";"Pará";"04030";"Acará";1500206;"Acará"
"27/09/2026";"09:00:12";13;15;"PA";"Pará";"04049";"Bom Jesus Do Tocantins";1501576;"Bom Jesus Do Tocantins"
"27/09/2026";"09:00:12";13;15;"PA";"Pará";"04057";"Afuá";1500305;"Afuá"
"27/09/2026";"09:00:12";13;15;"PA";"Pará";"04065";"São João De Pirabas";1507474;"São João De Pirabas"
"27/09/2026";"09:00:12";13;15;"PA";"Pará";"04073";"Alenquer";1500404;"Alenquer"
"27/09/2026";"09:00:12";13;15;"PA";"Pará";"04081";"Tucumã";1508084;"Tucumã"
"27/09/2026";"09:00:12";13;15;"PA";"Pará";"04090";"Almeirim";1500503;"Almeirim"
"27/09/2026";"09:00:12";13;15;"PA";"Pará";"04103";"Mãe Do Rio";1504059;"Mãe Do Rio"
"27/09/2026";"09:00:12";13;15;"PA";"Pará";"04111";"Altamira";1500602;"Altamira"
"27/09/2026";"09:00:12";13;15;"PA";"Pará";"04120";"Eldorado Dos Carajás";1502954;"Eldorado Dos Carajás"
"27/09/2026";"09:00:12";13;15;"PA";"Pará";"04138";"Anajás";1500701;"Anajás"
"27/09/2026";"09:00:12";13;15;"PA";"Pará";"04146";"Santa Luzia Do Pará";1506559;"Santa Luzia Do Pará"
"27/09/2026";"09:00:12";13;15;"PA";"Pará";"04154";"Ananindeua";1500800;"Ananindeua"
"27/09/2026";"09:00:12";13;15;"PA";"Pará";"04162";"Palestina Do Pará";1505494;"Palestina Do Pará"
"27/09/2026";"09:00:12";13;15;"PA";"Pará";"04170";"Augusto Corrêa";1500909;"Augusto Corrêa"
"27/09/2026";"09:00:12";13;15;"PA";"Pará";"04189";"Ipixuna Do Pará";1503457;"Ipixuna Do Pará"
"27/09/2026";"09:00:12";13;15;"PA";"Pará";"04197";"Aveiro";1501006;"Aveiro"
"27/09/2026";"09:00:12";13;15;"PA";"Pará";"04200";"Jacareacanga";1503754;"Jacareacanga"
"27/09/2026";"09:00:12";13;15;"PA";"Pará";"04219";"Bagre";1501105;"Bagre"
"27/09/2026";"09:00:12";13;15;"PA";"Pará";"04227";"Brasil Novo";1501725;"Brasil Novo"
"27/09/2026";"09:00:12";13;15;"PA";"Pará";"04235";"Baião";1501204;"Baião"
"27/09/2026";"09:00:12";13;15;"PA";"Pará";"04243";"Santa Bárbara Do Pará";1506351;"Santa Bárbara Do Pará"
"27/09/2026";"09:00:12";13;15;"PA";"Pará";"04251";"Barcarena";1501303;"Barcarena"
"27/09/2026";"09:00:12";13;15;"PA";"Pará";"04260";"Água Azul Do Norte";1500347;"Água Azul Do Norte"
"27/09/2026";"09:00:12";13;15;"PA";"Pará";"04278";"Belém";1501402;"Belém"
"27/09/2026";"09:00:12";13;15;"PA";"Pará";"04286";"Trairão";1508050;"Trairão"
"27/09/2026";"09:00:12";13;15;"PA";"Pará";"04294";"Benevides";1501501;"Benevides"
"27/09/2026";"09:00:12";13;15;"PA";"Pará";"04308";"Pau D'Arco";1505551;"Pau D'Arco"
"27/09/2026";"09:00:12";13;15;"PA";"Pará";"04316";"Bonito";1501600;"Bonito"
"27/09/2026";"09:00:12";13;15;"PA";"Pará";"04324";"Ulianópolis";1508126;"Ulianópolis"
"27/09/2026";"09:00:12";13;15;"PA";"Pará";"04332";"Bragança";1501709;"Bragança"
"27/09/2026";"09:00:12";13;15;"PA";"Pará";"04340";"Aurora Do Pará";1500958;"Aurora Do Pará"
"27/09/2026";"09:00:12";13;15;"PA";"Pará";"04359";"Breves";1501808;"Breves"
"27/09/2026";"09:00:12";13;15;"PA";"Pará";"04367";"Terra Santa";1507979;"Terra Santa"
"27/09/2026";"09:00:12";13;15;"PA";"Pará";"04375";"Bujaru";1501907;"Bujaru"
"27/09/2026";"09:00:12";13;15;"PA";"Pará";"04383";"Novo Progresso";1505031;"Novo Progresso"
"27/09/2026";"09:00:12";13;15;"PA";"Pará";"04391";"Cachoeira Do Arari";1502004;"Cachoeira Do Arari"
"27/09/2026";"09:00:12";13;15;"PA";"Pará";"04405";"Vitória Do Xingu";1508357;"Vitória Do Xingu"
"27/09/2026";"09:00:12";13;15;"PA";"Pará";"04413";"Cametá";1502103;"Cametá"
"27/09/2026";"09:00:12";13;15;"PA";"Pará";"04421";"Novo Repartimento";1505064;"Novo Repartimento"
"27/09/2026";"09:00:12";13;15;"PA";"Pará";"04430";"Capanema";1502202;"Capanema"
"27/09/2026";"09:00:12";13;15;"PA";"Pará";"04448";"Breu Branco";1501782;"Breu Branco"
"27/09/2026";"09:00:12";13;15;"PA";"Pará";"04456";"Capitão Poço";1502301;"Capitão Poço"
"27/09/2026";"09:00:12";13;15;"PA";"Pará";"04464";"São Domingos Do Araguaia";1507151;"São Domingos Do Araguaia"
"27/09/2026";"09:00:12";13;15;"PA";"Pará";"04472";"Castanhal";1502400;"Castanhal"
"27/09/2026";"09:00:12";13;15;"PA";"Pará";"04480";"Nova Esperança Do Piriá";1504950;"Nova Esperança Do Piriá"
"27/09/2026";"09:00:12";13;15;"PA";"Pará";"04499";"Chaves";1502509;"Chaves"
"27/09/2026";"09:00:12";13;15;"PA";"Pará";"04502";"Abel Figueiredo";1500131;"Abel Figueiredo"
"27/09/2026";"09:00:12";13;15;"PA";"Pará";"04510";"Colares";1502608;"Colares"
"27/09/2026";"09:00:12";13;15;"PA";"Pará";"04529";"Cumaru Do Norte";1502764;"Cumaru Do Norte"
"27/09/2026";"09:00:12";13;15;"PA";"Pará";"04537";"Conceição Do Araguaia";1502707;"Conceição Do Araguaia"
"27/09/2026";"09:00:12";13;15;"PA";"Pará";"04545";"Terra Alta";1507961;"Terra Alta"
"27/09/2026";"09:00:12";13;15;"PA";"Pará";"04553";"Curralinho";1502806;"Curralinho"
"27/09/2026";"09:00:12";13;15;"PA";"Pará";"04561";"Floresta Do Araguaia";1503044;"Floresta Do Araguaia"
"27/09/2026";"09:00:12";13;15;"PA";"Pará";"04570";"Curuçá";1502905;"Curuçá"
"27/09/2026";"09:00:12";13;15;"PA";"Pará";"04588";"Bannach";1501253;"Bannach"
"27/09/2026";"09:00:12";13;15;"PA";"Pará";"04596";"Faro";1503002;"Faro"
"27/09/2026";"09:00:12";13;15;"PA";"Pará";"04600";"Nova Ipixuna";1504976;"Nova Ipixuna"
"27/09/2026";"09:00:12";13;15;"PA";"Pará";"04618";"Gurupá";1503101;"Gurupá"
"27/09/2026";"09:00:12";13;15;"PA";"Pará";"04626";"Placas";1505650;"Placas"
"27/09/2026";"09:00:12";13;15;"PA";"Pará";"04634";"Igarapé-Açu";1503200;"Igarapé-Açu"
"27/09/2026";"09:00:12";13;15;"PA";"Pará";"04642";"Marituba";1504422;"Marituba"
"27/09/2026";"09:00:12";13;15;"PA";"Pará";"04650";"Igarapé-Miri";1503309;"Igarapé-Miri"
"27/09/2026";"09:00:12";13;15;"PA";"Pará";"04669";"Tracuateua";1508035;"Tracuateua"
"27/09/2026";"09:00:12";13;15;"PA";"Pará";"04677";"Inhangapi";1503408;"Inhangapi"
"27/09/2026";"09:00:12";13;15;"PA";"Pará";"04685";"Quatipuru";1506112;"Quatipuru"
"27/09/2026";"09:00:12";13;15;"PA";"Pará";"04693";"Irituia";1503507;"Irituia"
"27/09/2026";"09:00:12";13;15;"PA";"Pará";"04707";"Canaã Dos Carajás";1502152;"Canaã Dos Carajás"
"27/09/2026";"09:00:12";13;15;"PA";"Pará";"04715";"Itaituba";1503606;"Itaituba"
"27/09/2026";"09:00:12";13;15;"PA";"Pará";"04723";"Anapu";1500859;"Anapu"
"27/09/2026";"09:00:12";13;15;"PA";"Pará";"04731";"Itupiranga";1503705;"Itupiranga"
"27/09/2026";"09:00:12";13;15;"PA";"Pará";"04740";"Curuá";1502855;"Curuá"
"27/09/2026";"09:00:12";13;15;"PA";"Pará";"04758";"Jacundá";1503804;"Jacundá"
"27/09/2026";"09:00:12";13;15;"PA";"Pará";"04766";"Cachoeira Do Piriá";1501956;"Cachoeira Do Piriá"
"27/09/2026";"09:00:12";13;15;"PA";"Pará";"04774";"Juruti";1503903;"Juruti"
"27/09/2026";"09:00:12";13;15;"PA";"Pará";"04782";"Piçarra";1505635;"Piçarra"
"27/09/2026";"09:00:12";13;15;"PA";"Pará";"04790";"Limoeiro Do Ajuru";1504000;"Limoeiro Do Ajuru"
"27/09/2026";"09:00:12";13;15;"PA";"Pará";"04804";"Belterra";1501451;"Belterra"
"27/09/2026";"09:00:12";13;15;"PA";"Pará";"04812";"Magalhães Barata";1504109;"Magalhães Barata"
"27/09/2026";"09:00:12";13;15;"PA";"Pará";"04820";"São João Da Ponta";1507466;"São João Da Ponta"
"27/09/2026";"09:00:12";13;15;"PA";"Pará";"04839";"Marabá";1504208;"Marabá"
"27/09/2026";"09:00:12";13;15;"PA";"Pará";"04847";"Sapucaia";1507755;"Sapucaia"
"27/09/2026";"09:00:12";13;15;"PA";"Pará";"04855";"Maracanã";1504307;"Maracanã"
"27/09/2026";"09:00:12";13;15;"PA";"Pará";"04863";"Mojuí Dos Campos";1504752;"Mojuí Dos Campos"
"27/09/2026";"09:00:12";13;15;"PA";"Pará";"04871";"Marapanim";1504406;"Marapanim"
"27/09/2026";"09:00:12";13;15;"PA";"Pará";"04898";"Melgaço";1504505;"Melgaço"
"27/09/2026";"09:00:12";13;15;"PA";"Pará";"04910";"Mocajuba";1504604;"Mocajuba"
"27/09/2026";"09:00:12";13;15;"PA";"Pará";"04936";"Moju";1504703;"Moju"
"27/09/2026";"09:00:12";13;15;"PA";"Pará";"04952";"Monte Alegre";1504802;"Monte Alegre"
"27/09/2026";"09:00:12";13;15;"PA";"Pará";"04979";"Muaná";1504901;"Muaná"
"27/09/2026";"09:00:12";13;15;"PA";"Pará";"04995";"Nova Timboteua";1505007;"Nova Timboteua"
"27/09/2026";"09:00:12";13;15;"PA";"Pará";"05010";"Óbidos";1505106;"Óbidos"
"27/09/2026";"09:00:12";13;15;"PA";"Pará";"05037";"Oeiras Do Pará";1505205;"Oeiras Do Pará"
"27/09/2026";"09:00:12";13;15;"PA";"Pará";"05053";"Oriximiná";1505304;"Oriximiná"
"27/09/2026";"09:00:12";13;15;"PA";"Pará";"05070";"Ourém";1505403;"Ourém"
"27/09/2026";"09:00:12";13;15;"PA";"Pará";"05096";"Paragominas";1505502;"Paragominas"
"27/09/2026";"09:00:12";13;15;"PA";"Pará";"05118";"Peixe-Boi";1505601;"Peixe-Boi"
"27/09/2026";"09:00:12";13;15;"PA";"Pará";"05134";"Ponta De Pedras";1505700;"Ponta De Pedras"
"27/09/2026";"09:00:12";13;15;"PA";"Pará";"05150";"Portel";1505809;"Portel"
"27/09/2026";"09:00:12";13;15;"PA";"Pará";"05177";"Porto De Moz";1505908;"Porto De Moz"
"27/09/2026";"09:00:12";13;15;"PA";"Pará";"05193";"Prainha";1506005;"Prainha"
"27/09/2026";"09:00:12";13;15;"PA";"Pará";"05215";"Primavera";1506104;"Primavera"
"27/09/2026";"09:00:12";13;15;"PA";"Pará";"05231";"Salinópolis";1506203;"Salinópolis"
"27/09/2026";"09:00:12";13;15;"PA";"Pará";"05258";"Salvaterra";1506302;"Salvaterra"
"27/09/2026";"09:00:12";13;15;"PA";"Pará";"05274";"Santa Cruz Do Arari";1506401;"Santa Cruz Do Arari"
"27/09/2026";"09:00:12";13;15;"PA";"Pará";"05290";"Santa Izabel Do Pará";1506500;"Santa Izabel Do Pará"
"27/09/2026";"09:00:12";13;15;"PA";"Pará";"05312";"Santa Maria Do Pará";1506609;"Santa Maria Do Pará"
"27/09/2026";"09:00:12";13;15;"PA";"Pará";"05339";"Santana Do Araguaia";1506708;"Santana Do Araguaia"
"27/09/2026";"09:00:12";13;15;"PA";"Pará";"05355";"Santarém";1506807;"Santarém"
"27/09/2026";"09:00:12";13;15;"PA";"Pará";"05371";"Santarém Novo";1506906;"Santarém Novo"
"27/09/2026";"09:00:12";13;15;"PA";"Pará";"05398";"Santo Antônio Do Tauá";1507003;"Santo Antônio Do Tauá"
"27/09/2026";"09:00:12";13;15;"PA";"Pará";"05410";"São Caetano De Odivelas";1507102;"São Caetano De Odivelas"
"27/09/2026";"09:00:12";13;15;"PA";"Pará";"05436";"São Domingos Do Capim";1507201;"São Domingos Do Capim"
"27/09/2026";"09:00:12";13;15;"PA";"Pará";"05452";"São Félix Do Xingu";1507300;"São Félix Do Xingu"
"27/09/2026";"09:00:12";13;15;"PA";"Pará";"05479";"São Francisco Do Pará";1507409;"São Francisco Do Pará"
"27/09/2026";"09:00:12";13;15;"PA";"Pará";"05495";"São João Do Araguaia";1507508;"São João Do Araguaia"
"27/09/2026";"09:00:12";13;15;"PA";"Pará";"05517";"São Miguel Do Guamá";1507607;"São Miguel Do Guamá"
"27/09/2026";"09:00:12";13;15;"PA";"Pará";"05533";"São Sebastião Da Boa Vista";1507706;"São Sebastião Da Boa Vista"
"27/09/2026";"09:00:12";13;15;"PA";"Pará";"05550";"Senador José Porfírio";1507805;"Senador José Porfírio"
"27/09/2026";"09:00:12";13;15;"PA";"Pará";"05576";"Soure";1507904;"Soure"
"27/09/2026";"09:00:12";13;15;"PA";"Pará";"05592";"Tomé-Açu";1508001;"Tomé-Açu"
"27/09/2026";"09:00:12";13;15;"PA";"Pará";"05614";"Tucuruí";1508100;"Tucuruí"
"27/09/2026";"09:00:12";13;15;"PA";"Pará";"05630";"Vigia";1508209;"Vigia"
"27/09/2026";"09:00:12";13;15;"PA";"Pará";"05657";"Viseu";1508308;"Viseu"
"27/09/2026";"09:00:12";13;15;"PA";"Pará";"05673";"Redenção";1506138;"Redenção"
"27/09/2026";"09:00:12";13;15;"PA";"Pará";"05690";"Rio Maria";1506161;"Rio Maria"
"27/09/2026";"09:00:12";13;15;"PA";"Pará";"05711";"Xinguara";1508407;"Xinguara"
"27/09/2026";"09:00:12";13;15;"PA";"Pará";"05738";"Rondon Do Pará";1506187;"Rondon Do Pará"
"27/09/2026";"09:00:12";13;15;"PA";"Pará";"05754";"Uruará";1508159;"Uruará"
"27/09/2026";"09:00:12";13;15;"PA";"Pará";"05770";"Medicilândia";1504455;"Medicilândia"
"27/09/2026";"09:00:12";13;15;"PA";"Pará";"05797";"São Geraldo Do Araguaia";1507458;"São Geraldo Do Araguaia"
"27/09/2026";"09:00:12";13;15;"PA";"Pará";"05819";"Concórdia Do Pará";1502756;"Concórdia Do Pará"
"27/09/2026";"09:00:12";13;15;"PA";"Pará";"05835";"Parauapebas";1505536;"Parauapebas"
"27/09/2026";"09:00:12";13;15;"PA";"Pará";"05851";"Curionópolis";1502772;"Curionópolis"
"27/09/2026";"09:00:12";13;15;"PA";"Pará";"05878";"Garrafão Do Norte";1503077;"Garrafão Do Norte"
"27/09/2026";"09:00:12";13;15;"PA";"Pará";"05894";"Rurópolis";1506195;"Rurópolis"
"27/09/2026";"09:00:12";13;15;"PA";"Pará";"05916";"Pacajá";1505486;"Pacajá"
"27/09/2026";"09:00:12";13;15;"PA";"Pará";"05932";"Brejo Grande Do Araguaia";1501758;"Brejo Grande Do Araguaia"
"27/09/2026";"09:00:12";13;15;"PA";"Pará";"05959";"Ourilândia Do Norte";1505437;"Ourilândia Do Norte"
"27/09/2026";"09:00:12";13;15;"PA";"Pará";"05975";"Dom Eliseu";1502939;"Dom Eliseu"
"27/09/2026";"09:00:12";13;15;"PA";"Pará";"05991";"Santa Maria Das Barreiras";1506583;"Santa Maria Das Barreiras"
"27/09/2026";"09:00:12";12;25;"PB";"Paraíba";"19003";"Riachão Do Poço";2512762;"Riachão Do Poço"
"27/09/2026";"09:00:12";12;25;"PB";"Paraíba";"19011";"Água Branca";2500106;"Água Branca"
"27/09/2026";"09:00:12";12;25;"PB";"Paraíba";"19020";"Sobrado";2515971;"Sobrado"
"27/09/2026";"09:00:12";12;25;"PB";"Paraíba";"19038";"Aguiar";2500205;"Aguiar"
"27/09/2026";"09:00:12";12;25;"PB";"Paraíba";"19046";"São José Dos Ramos";2514453;"São José Dos Ramos"
"27/09/2026";"09:00:12";12;25;"PB";"Paraíba";"19054";"Alagoa Grande";2500304;"Alagoa Grande"
"27/09/2026";"09:00:12";12;25;"PB";"Paraíba";"19062";"Capim";2504033;"Capim"
"27/09/2026";"09:00:12";12;25;"PB";"Paraíba";"19070";"Alagoa Nova";2500403;"Alagoa Nova"
"27/09/2026";"09:00:12";12;25;"PB";"Paraíba";"19089";"Cuité De Mamanguape";2505238;"Cuité De Mamanguape"
"27/09/2026";"09:00:12";12;25;"PB";"Paraíba";"19097";"Alagoinha";2500502;"Alagoinha"
"27/09/2026";"09:00:12";12;25;"PB";"Paraíba";"19100";"Curral De Cima";2505279;"Curral De Cima"
"27/09/2026";"09:00:12";12;25;"PB";"Paraíba";"19119";"Alhandra";2500601;"Alhandra"
"27/09/2026";"09:00:12";12;25;"PB";"Paraíba";"19127";"Riachão Do Bacamarte";2512754;"Riachão Do Bacamarte"
"27/09/2026";"09:00:12";12;25;"PB";"Paraíba";"19135";"São João Do Rio Do Peixe";2500700;"São João Do Rio Do Peixe"
"27/09/2026";"09:00:12";12;25;"PB";"Paraíba";"19143";"Matinhas";2509339;"Matinhas"
"27/09/2026";"09:00:12";12;25;"PB";"Paraíba";"19151";"Araçagi";2500809;"Araçagi"
"27/09/2026";"09:00:12";12;25;"PB";"Paraíba";"19160";"Logradouro";2508554;"Logradouro"
"27/09/2026";"09:00:12";12;25;"PB";"Paraíba";"19178";"Arara";2500908;"Arara"
"27/09/2026";"09:00:12";12;25;"PB";"Paraíba";"19186";"Sertãozinho";2515930;"Sertãozinho"
"27/09/2026";"09:00:12";12;25;"PB";"Paraíba";"19194";"Araruna";2501005;"Araruna"
"27/09/2026";"09:00:12";12;25;"PB";"Paraíba";"19208";"Riachão";2512747;"Riachão"
"27/09/2026";"09:00:12";12;25;"PB";"Paraíba";"19216";"Areia";2501104;"Areia"
"27/09/2026";"09:00:12";12;25;"PB";"Paraíba";"19224";"São Domingos Do Cariri";2513943;"São Domingos Do Cariri"
"27/09/2026";"09:00:12";12;25;"PB";"Paraíba";"19232";"Areial";2501203;"Areial"
"27/09/2026";"09:00:12";12;25;"PB";"Paraíba";"19240";"Caraúbas";2504074;"Caraúbas"
"27/09/2026";"09:00:12";12;25;"PB";"Paraíba";"19259";"Aroeiras";2501302;"Aroeiras"
"27/09/2026";"09:00:12";12;25;"PB";"Paraíba";"19267";"Santo André";2513851;"Santo André"
"27/09/2026";"09:00:12";12;25;"PB";"Paraíba";"19275";"Damião";2505352;"Damião"
"27/09/2026";"09:00:12";12;25;"PB";"Paraíba";"19283";"Sossêgo";2516151;"Sossêgo"
"27/09/2026";"09:00:12";12;25;"PB";"Paraíba";"19291";"Baía Da Traição";2501401;"Baía Da Traição"
"27/09/2026";"09:00:12";12;25;"PB";"Paraíba";"19305";"Baraúna";2501534;"Baraúna"
"27/09/2026";"09:00:12";12;25;"PB";"Paraíba";"19313";"Bananeiras";2501500;"Bananeiras"
"27/09/2026";"09:00:12";12;25;"PB";"Paraíba";"19321";"Assunção";2501351;"Assunção"
"27/09/2026";"09:00:12";12;25;"PB";"Paraíba";"19330";"Barra De Santa Rosa";2501609;"Barra De Santa Rosa"
"27/09/2026";"09:00:12";12;25;"PB";"Paraíba";"19348";"Zabelê";2517407;"Zabelê"
"27/09/2026";"09:00:12";12;25;"PB";"Paraíba";"19356";"Barra De São Miguel";2501708;"Barra De São Miguel"
"27/09/2026";"09:00:12";12;25;"PB";"Paraíba";"19364";"Cacimbas";2503555;"Cacimbas"
"27/09/2026";"09:00:12";12;25;"PB";"Paraíba";"19372";"Bayeux";2501807;"Bayeux"
"27/09/2026";"09:00:12";12;25;"PB";"Paraíba";"19380";"Cajazeirinhas";2503753;"Cajazeirinhas"
"27/09/2026";"09:00:12";12;25;"PB";"Paraíba";"19399";"Belém";2501906;"Belém"
"27/09/2026";"09:00:12";12;25;"PB";"Paraíba";"19402";"São Bentinho";2513927;"São Bentinho"
"27/09/2026";"09:00:12";12;25;"PB";"Paraíba";"19410";"Belém Do Brejo Do Cruz";2502003;"Belém Do Brejo Do Cruz"
"27/09/2026";"09:00:12";12;25;"PB";"Paraíba";"19429";"São Domingos";2513968;"São Domingos"
"27/09/2026";"09:00:12";12;25;"PB";"Paraíba";"19437";"Boa Ventura";2502102;"Boa Ventura"
"27/09/2026";"09:00:12";12;25;"PB";"Paraíba";"19445";"São José De Princesa";2514552;"São José De Princesa"
"27/09/2026";"09:00:12";12;25;"PB";"Paraíba";"19453";"Bom Jesus";2502201;"Bom Jesus"
"27/09/2026";"09:00:12";12;25;"PB";"Paraíba";"19461";"Marizópolis";2509156;"Marizópolis"
"27/09/2026";"09:00:12";12;25;"PB";"Paraíba";"19470";"Bom Sucesso";2502300;"Bom Sucesso"
"27/09/2026";"09:00:12";12;25;"PB";"Paraíba";"19488";"Mato Grosso";2509370;"Mato Grosso"
"27/09/2026";"09:00:12";12;25;"PB";"Paraíba";"19496";"Bonito De Santa Fé";2502409;"Bonito De Santa Fé"
"27/09/2026";"09:00:12";12;25;"PB";"Paraíba";"19500";"Bernardino Batista";2502052;"Bernardino Batista"
"27/09/2026";"09:00:12";12;25;"PB";"Paraíba";"19518";"Boqueirão";2502508;"Boqueirão"
"27/09/2026";"09:00:12";12;25;"PB";"Paraíba";"19526";"Poço De José De Moura";2512077;"Poço De José De Moura"
"27/09/2026";"09:00:12";12;25;"PB";"Paraíba";"19534";"Igaracy";2502607;"Igaracy"
"27/09/2026";"09:00:12";12;25;"PB";"Paraíba";"19542";"São José Do Brejo Do Cruz";2514651;"São José Do Brejo Do Cruz"
"27/09/2026";"09:00:12";12;25;"PB";"Paraíba";"19550";"Borborema";2502706;"Borborema"
"27/09/2026";"09:00:12";12;25;"PB";"Paraíba";"19569";"Santa Inês";2513356;"Santa Inês"
"27/09/2026";"09:00:12";12;25;"PB";"Paraíba";"19577";"Brejo Do Cruz";2502805;"Brejo Do Cruz"
"27/09/2026";"09:00:12";12;25;"PB";"Paraíba";"19585";"Amparo";2500734;"Amparo"
"27/09/2026";"09:00:12";12;25;"PB";"Paraíba";"19593";"Brejo Dos Santos";2502904;"Brejo Dos Santos"
"27/09/2026";"09:00:12";12;25;"PB";"Paraíba";"19607";"Casserengue";2504157;"Casserengue"
"27/09/2026";"09:00:12";12;25;"PB";"Paraíba";"19615";"Caaporã";2503001;"Caaporã"
"27/09/2026";"09:00:12";12;25;"PB";"Paraíba";"19623";"Gado Bravo";2506251;"Gado Bravo"
"27/09/2026";"09:00:12";12;25;"PB";"Paraíba";"19631";"Cabaceiras";2503100;"Cabaceiras"
"27/09/2026";"09:00:12";12;25;"PB";"Paraíba";"19640";"Poço Dantas";2512036;"Poço Dantas"
"27/09/2026";"09:00:12";12;25;"PB";"Paraíba";"19658";"Cabedelo";2503209;"Cabedelo"
"27/09/2026";"09:00:12";12;25;"PB";"Paraíba";"19666";"Joca Claudino";2513653;"Joca Claudino"
"27/09/2026";"09:00:12";12;25;"PB";"Paraíba";"19674";"Cachoeira Dos Índios";2503308;"Cachoeira Dos Índios"
"27/09/2026";"09:00:12";12;25;"PB";"Paraíba";"19682";"Tenório";2516755;"Tenório"
"27/09/2026";"09:00:12";12;25;"PB";"Paraíba";"19690";"Cacimba De Areia";2503407;"Cacimba De Areia"
"27/09/2026";"09:00:12";12;25;"PB";"Paraíba";"19704";"Coxixola";2504850;"Coxixola"
"27/09/2026";"09:00:12";12;25;"PB";"Paraíba";"19712";"Cacimba De Dentro";2503506;"Cacimba De Dentro"
"27/09/2026";"09:00:12";12;25;"PB";"Paraíba";"19720";"Parari";2510659;"Parari"
"27/09/2026";"09:00:12";12;25;"PB";"Paraíba";"19739";"Caiçara";2503605;"Caiçara"
"27/09/2026";"09:00:12";12;25;"PB";"Paraíba";"19747";"Pedro Régis";2512721;"Pedro Régis"
"27/09/2026";"09:00:12";12;25;"PB";"Paraíba";"19755";"Cajazeiras";2503704;"Cajazeiras"
"27/09/2026";"09:00:12";12;25;"PB";"Paraíba";"19763";"Alcantil";2500536;"Alcantil"
"27/09/2026";"09:00:12";12;25;"PB";"Paraíba";"19771";"Caldas Brandão";2503803;"Caldas Brandão"
"27/09/2026";"09:00:12";12;25;"PB";"Paraíba";"19780";"Barra De Santana";2501575;"Barra De Santana"
"27/09/2026";"09:00:12";12;25;"PB";"Paraíba";"19798";"Camalaú";2503902;"Camalaú"
"27/09/2026";"09:00:12";12;25;"PB";"Paraíba";"19801";"Caturité";2504355;"Caturité"
"27/09/2026";"09:00:12";12;25;"PB";"Paraíba";"19810";"Campina Grande";2504009;"Campina Grande"
"27/09/2026";"09:00:12";12;25;"PB";"Paraíba";"19828";"Riacho De Santo Antônio";2512788;"Riacho De Santo Antônio"
"27/09/2026";"09:00:12";12;25;"PB";"Paraíba";"19836";"Carrapateira";2504108;"Carrapateira"
"27/09/2026";"09:00:12";12;25;"PB";"Paraíba";"19844";"Aparecida";2500775;"Aparecida"
"27/09/2026";"09:00:12";12;25;"PB";"Paraíba";"19852";"Catingueira";2504207;"Catingueira"
"27/09/2026";"09:00:12";12;25;"PB";"Paraíba";"19860";"São Francisco";2513984;"São Francisco"
"27/09/2026";"09:00:12";12;25;"PB";"Paraíba";"19879";"Catolé Do Rocha";2504306;"Catolé Do Rocha"
"27/09/2026";"09:00:12";12;25;"PB";"Paraíba";"19887";"Vieirópolis";2517209;"Vieirópolis"
"27/09/2026";"09:00:12";12;25;"PB";"Paraíba";"19895";"Conceição";2504405;"Conceição"
"27/09/2026";"09:00:12";12;25;"PB";"Paraíba";"19909";"Areia De Baraúnas";2501153;"Areia De Baraúnas"
"27/09/2026";"09:00:12";12;25;"PB";"Paraíba";"19917";"Condado";2504504;"Condado"
"27/09/2026";"09:00:12";12;25;"PB";"Paraíba";"19925";"Algodão De Jandaíra";2500577;"Algodão De Jandaíra"
"27/09/2026";"09:00:12";12;25;"PB";"Paraíba";"19933";"Conde";2504603;"Conde"
"27/09/2026";"09:00:12";12;25;"PB";"Paraíba";"19941";"Boa Vista";2502151;"Boa Vista"
"27/09/2026";"09:00:12";12;25;"PB";"Paraíba";"19950";"Congo";2504702;"Congo"
"27/09/2026";"09:00:12";12;25;"PB";"Paraíba";"19968";"Marcação";2509057;"Marcação"
"27/09/2026";"09:00:12";12;25;"PB";"Paraíba";"19976";"Coremas";2504801;"Coremas"
"27/09/2026";"09:00:12";12;25;"PB";"Paraíba";"19984";"Maturéia";2509396;"Maturéia"
"27/09/2026";"09:00:12";12;25;"PB";"Paraíba";"19992";"Cruz Do Espírito Santo";2504900;"Cruz Do Espírito Santo"
"27/09/2026";"09:00:12";12;25;"PB";"Paraíba";"20001";"Santa Cecília";2513158;"Santa Cecília"
"27/09/2026";"09:00:12";12;25;"PB";"Paraíba";"20010";"Cubati";2505006;"Cubati"
"27/09/2026";"09:00:12";12;25;"PB";"Paraíba";"20036";"Cuité";2505105;"Cuité"
"27/09/2026";"09:00:12";12;25;"PB";"Paraíba";"20052";"Cuitegi";2505204;"Cuitegi"
"27/09/2026";"09:00:12";12;25;"PB";"Paraíba";"20079";"Curral Velho";2505303;"Curral Velho"
"27/09/2026";"09:00:12";12;25;"PB";"Paraíba";"20095";"Desterro";2505402;"Desterro"
"27/09/2026";"09:00:12";12;25;"PB";"Paraíba";"20117";"Vista Serrana";2505501;"Vista Serrana"
"27/09/2026";"09:00:12";12;25;"PB";"Paraíba";"20133";"Diamante";2505600;"Diamante"
"27/09/2026";"09:00:12";12;25;"PB";"Paraíba";"20150";"Dona Inês";2505709;"Dona Inês"
"27/09/2026";"09:00:12";12;25;"PB";"Paraíba";"20176";"Duas Estradas";2505808;"Duas Estradas"
"27/09/2026";"09:00:12";12;25;"PB";"Paraíba";"20192";"Emas";2505907;"Emas"
"27/09/2026";"09:00:12";12;25;"PB";"Paraíba";"20214";"Esperança";2506004;"Esperança"
"27/09/2026";"09:00:12";12;25;"PB";"Paraíba";"20230";"Fagundes";2506103;"Fagundes"
"27/09/2026";"09:00:12";12;25;"PB";"Paraíba";"20257";"Frei Martinho";2506202;"Frei Martinho"
"27/09/2026";"09:00:12";12;25;"PB";"Paraíba";"20273";"Guarabira";2506301;"Guarabira"
"27/09/2026";"09:00:12";12;25;"PB";"Paraíba";"20290";"Gurinhém";2506400;"Gurinhém"
"27/09/2026";"09:00:12";12;25;"PB";"Paraíba";"20311";"Gurjão";2506509;"Gurjão"
"27/09/2026";"09:00:12";12;25;"PB";"Paraíba";"20338";"Ibiara";2506608;"Ibiara"
"27/09/2026";"09:00:12";12;25;"PB";"Paraíba";"20354";"Imaculada";2506707;"Imaculada"
"27/09/2026";"09:00:12";12;25;"PB";"Paraíba";"20370";"Ingá";2506806;"Ingá"
"27/09/2026";"09:00:12";12;25;"PB";"Paraíba";"20397";"Itabaiana";2506905;"Itabaiana"
"27/09/2026";"09:00:12";12;25;"PB";"Paraíba";"20419";"Itaporanga";2507002;"Itaporanga"
"27/09/2026";"09:00:12";12;25;"PB";"Paraíba";"20435";"Itapororoca";2507101;"Itapororoca"
"27/09/2026";"09:00:12";12;25;"PB";"Paraíba";"20451";"Itatuba";2507200;"Itatuba"
"27/09/2026";"09:00:12";12;25;"PB";"Paraíba";"20478";"Jacaraú";2507309;"Jacaraú"
"27/09/2026";"09:00:12";12;25;"PB";"Paraíba";"20494";"Jericó";2507408;"Jericó"
"27/09/2026";"09:00:12";12;25;"PB";"Paraíba";"20516";"João Pessoa";2507507;"João Pessoa"
"27/09/2026";"09:00:12";12;25;"PB";"Paraíba";"20532";"Juarez Távora";2507606;"Juarez Távora"
"27/09/2026";"09:00:12";12;25;"PB";"Paraíba";"20559";"Juazeirinho";2507705;"Juazeirinho"
"27/09/2026";"09:00:12";12;25;"PB";"Paraíba";"20575";"Junco Do Seridó";2507804;"Junco Do Seridó"
"27/09/2026";"09:00:12";12;25;"PB";"Paraíba";"20591";"Juripiranga";2507903;"Juripiranga"
"27/09/2026";"09:00:12";12;25;"PB";"Paraíba";"20613";"Juru";2508000;"Juru"
"27/09/2026";"09:00:12";12;25;"PB";"Paraíba";"20630";"Lagoa";2508109;"Lagoa"
"27/09/2026";"09:00:12";12;25;"PB";"Paraíba";"20656";"Lagoa De Dentro";2508208;"Lagoa De Dentro"
"27/09/2026";"09:00:12";12;25;"PB";"Paraíba";"20672";"Lagoa Seca";2508307;"Lagoa Seca"
"27/09/2026";"09:00:12";12;25;"PB";"Paraíba";"20699";"Lastro";2508406;"Lastro"
"27/09/2026";"09:00:12";12;25;"PB";"Paraíba";"20710";"Livramento";2508505;"Livramento"
"27/09/2026";"09:00:12";12;25;"PB";"Paraíba";"20737";"Lucena";2508604;"Lucena"
"27/09/2026";"09:00:12";12;25;"PB";"Paraíba";"20753";"Mãe D'Água";2508703;"Mãe D'Água"
"27/09/2026";"09:00:12";12;25;"PB";"Paraíba";"20770";"Malta";2508802;"Malta"
"27/09/2026";"09:00:12";12;25;"PB";"Paraíba";"20796";"Mamanguape";2508901;"Mamanguape"
"27/09/2026";"09:00:12";12;25;"PB";"Paraíba";"20818";"Manaíra";2509008;"Manaíra"
"27/09/2026";"09:00:12";12;25;"PB";"Paraíba";"20834";"Mari";2509107;"Mari"
"27/09/2026";"09:00:12";12;25;"PB";"Paraíba";"20850";"Massaranduba";2509206;"Massaranduba"
"27/09/2026";"09:00:12";12;25;"PB";"Paraíba";"20877";"Mataraca";2509305;"Mataraca"
"27/09/2026";"09:00:12";12;25;"PB";"Paraíba";"20893";"Mogeiro";2509404;"Mogeiro"
"27/09/2026";"09:00:12";12;25;"PB";"Paraíba";"20915";"Montadas";2509503;"Montadas"
"27/09/2026";"09:00:12";12;25;"PB";"Paraíba";"20931";"Monte Horebe";2509602;"Monte Horebe"
"27/09/2026";"09:00:12";12;25;"PB";"Paraíba";"20958";"Monteiro";2509701;"Monteiro"
"27/09/2026";"09:00:12";12;25;"PB";"Paraíba";"20974";"Mulungu";2509800;"Mulungu"
"27/09/2026";"09:00:12";12;25;"PB";"Paraíba";"20990";"Natuba";2509909;"Natuba"
"27/09/2026";"09:00:12";12;25;"PB";"Paraíba";"21016";"Nazarezinho";2510006;"Nazarezinho"
"27/09/2026";"09:00:12";12;25;"PB";"Paraíba";"21032";"Nova Floresta";2510105;"Nova Floresta"
"27/09/2026";"09:00:12";12;25;"PB";"Paraíba";"21059";"Nova Olinda";2510204;"Nova Olinda"
"27/09/2026";"09:00:12";12;25;"PB";"Paraíba";"21075";"Nova Palmeira";2510303;"Nova Palmeira"
"27/09/2026";"09:00:12";12;25;"PB";"Paraíba";"21091";"Olho D'Água";2510402;"Olho D'Água"
"27/09/2026";"09:00:12";12;25;"PB";"Paraíba";"21113";"Olivedos";2510501;"Olivedos"
"27/09/2026";"09:00:12";12;25;"PB";"Paraíba";"21130";"Ouro Velho";2510600;"Ouro Velho"
"27/09/2026";"09:00:12";12;25;"PB";"Paraíba";"21156";"Passagem";2510709;"Passagem"
"27/09/2026";"09:00:12";12;25;"PB";"Paraíba";"21172";"Patos";2510808;"Patos"
"27/09/2026";"09:00:12";12;25;"PB";"Paraíba";"21199";"Paulista";2510907;"Paulista"
"27/09/2026";"09:00:12";12;25;"PB";"Paraíba";"21210";"Pedra Branca";2511004;"Pedra Branca"
"27/09/2026";"09:00:12";12;25;"PB";"Paraíba";"21237";"Pedra Lavrada";2511103;"Pedra Lavrada"
"27/09/2026";"09:00:12";12;25;"PB";"Paraíba";"21253";"Pedras De Fogo";2511202;"Pedras De Fogo"
"27/09/2026";"09:00:12";12;25;"PB";"Paraíba";"21270";"Piancó";2511301;"Piancó"
"27/09/2026";"09:00:12";12;25;"PB";"Paraíba";"21296";"Picuí";2511400;"Picuí"
"27/09/2026";"09:00:12";12;25;"PB";"Paraíba";"21318";"Pilar";2511509;"Pilar"
"27/09/2026";"09:00:12";12;25;"PB";"Paraíba";"21334";"Pilões";2511608;"Pilões"
"27/09/2026";"09:00:12";12;25;"PB";"Paraíba";"21350";"Pilõezinhos";2511707;"Pilõezinhos"
"27/09/2026";"09:00:12";12;25;"PB";"Paraíba";"21377";"Pirpirituba";2511806;"Pirpirituba"
"27/09/2026";"09:00:12";12;25;"PB";"Paraíba";"21393";"Pitimbu";2511905;"Pitimbu"
"27/09/2026";"09:00:12";12;25;"PB";"Paraíba";"21415";"Pocinhos";2512002;"Pocinhos"
"27/09/2026";"09:00:12";12;25;"PB";"Paraíba";"21431";"Pombal";2512101;"Pombal"
"27/09/2026";"09:00:12";12;25;"PB";"Paraíba";"21458";"Prata";2512200;"Prata"
"27/09/2026";"09:00:12";12;25;"PB";"Paraíba";"21474";"Princesa Isabel";2512309;"Princesa Isabel"
"27/09/2026";"09:00:12";12;25;"PB";"Paraíba";"21490";"Puxinanã";2512408;"Puxinanã"
"27/09/2026";"09:00:12";12;25;"PB";"Paraíba";"21512";"Queimadas";2512507;"Queimadas"
"27/09/2026";"09:00:12";12;25;"PB";"Paraíba";"21539";"Quixaba";2512606;"Quixabá"
"27/09/2026";"09:00:12";12;25;"PB";"Paraíba";"21555";"Remígio";2512705;"Remígio"
"27/09/2026";"09:00:12";12;25;"PB";"Paraíba";"21571";"Riacho Dos Cavalos";2512804;"Riacho Dos Cavalos"
"27/09/2026";"09:00:12";12;25;"PB";"Paraíba";"21598";"Rio Tinto";2512903;"Rio Tinto"
"27/09/2026";"09:00:12";12;25;"PB";"Paraíba";"21610";"Salgadinho";2513000;"Salgadinho"
"27/09/2026";"09:00:12";12;25;"PB";"Paraíba";"21636";"Salgado De São Félix";2513109;"Salgado De São Félix"
"27/09/2026";"09:00:12";12;25;"PB";"Paraíba";"21652";"Santa Cruz";2513208;"Santa Cruz"
"27/09/2026";"09:00:12";12;25;"PB";"Paraíba";"21679";"Santa Helena";2513307;"Santa Helena"
"27/09/2026";"09:00:12";12;25;"PB";"Paraíba";"21695";"Santa Luzia";2513406;"Santa Luzia"
"27/09/2026";"09:00:12";12;25;"PB";"Paraíba";"21717";"Santana De Mangueira";2513505;"Santana De Mangueira"
"27/09/2026";"09:00:12";12;25;"PB";"Paraíba";"21733";"Santana Dos Garrotes";2513604;"Santana Dos Garrotes"
"27/09/2026";"09:00:12";12;25;"PB";"Paraíba";"21750";"Santa Rita";2513703;"Santa Rita"
"27/09/2026";"09:00:12";12;25;"PB";"Paraíba";"21776";"Santa Teresinha";2513802;"Santa Teresinha"
"27/09/2026";"09:00:12";12;25;"PB";"Paraíba";"21792";"São Bento";2513901;"São Bento"
"27/09/2026";"09:00:12";12;25;"PB";"Paraíba";"21814";"São João Do Cariri";2514008;"São João Do Cariri"
"27/09/2026";"09:00:12";12;25;"PB";"Paraíba";"21830";"São João Do Tigre";2514107;"São João Do Tigre"
"27/09/2026";"09:00:12";12;25;"PB";"Paraíba";"21857";"São José Da Lagoa Tapada";2514206;"São José Da Lagoa Tapada"
"27/09/2026";"09:00:12";12;25;"PB";"Paraíba";"21873";"São José De Caiana";2514305;"São José De Caiana"
"27/09/2026";"09:00:12";12;25;"PB";"Paraíba";"21890";"São José De Espinharas";2514404;"São José De Espinharas"
"27/09/2026";"09:00:12";12;25;"PB";"Paraíba";"21911";"São José De Piranhas";2514503;"São José De Piranhas"
"27/09/2026";"09:00:12";12;25;"PB";"Paraíba";"21938";"São José Do Bonfim";2514602;"São José Do Bonfim"
"27/09/2026";"09:00:12";12;25;"PB";"Paraíba";"21954";"São José Do Sabugi";2514701;"São José Do Sabugi"
"27/09/2026";"09:00:12";12;25;"PB";"Paraíba";"21970";"São José Dos Cordeiros";2514800;"São José Dos Cordeiros"
"27/09/2026";"09:00:12";12;25;"PB";"Paraíba";"21997";"São Mamede";2514909;"São Mamede"
"27/09/2026";"09:00:12";12;25;"PB";"Paraíba";"22012";"São Miguel De Taipu";2515005;"São Miguel De Taipu"
"27/09/2026";"09:00:12";12;25;"PB";"Paraíba";"22039";"São Sebastião De Lagoa De Roça";2515104;"São Sebastião De Lagoa De Roça"
"27/09/2026";"09:00:12";12;25;"PB";"Paraíba";"22055";"São Sebastião Do Umbuzeiro";2515203;"São Sebastião Do Umbuzeiro"
"27/09/2026";"09:00:12";12;25;"PB";"Paraíba";"22071";"Sapé";2515302;"Sapé"
"27/09/2026";"09:00:12";12;25;"PB";"Paraíba";"22098";"São Vicente Do Seridó";2515401;"Seridó"
"27/09/2026";"09:00:12";12;25;"PB";"Paraíba";"22110";"Serra Branca";2515500;"Serra Branca"
"27/09/2026";"09:00:12";12;25;"PB";"Paraíba";"22136";"Serra Da Raiz";2515609;"Serra Da Raiz"
"27/09/2026";"09:00:12";12;25;"PB";"Paraíba";"22152";"Serra Grande";2515708;"Serra Grande"
"27/09/2026";"09:00:12";12;25;"PB";"Paraíba";"22179";"Serra Redonda";2515807;"Serra Redonda"
"27/09/2026";"09:00:12";12;25;"PB";"Paraíba";"22195";"Serraria";2515906;"Serraria"
"27/09/2026";"09:00:12";12;25;"PB";"Paraíba";"22217";"Solânea";2516003;"Solânea"
"27/09/2026";"09:00:12";12;25;"PB";"Paraíba";"22233";"Soledade";2516102;"Soledade"
"27/09/2026";"09:00:12";12;25;"PB";"Paraíba";"22250";"Sousa";2516201;"Sousa"
"27/09/2026";"09:00:12";12;25;"PB";"Paraíba";"22276";"Sumé";2516300;"Sumé"
"27/09/2026";"09:00:12";12;25;"PB";"Paraíba";"22292";"Tacima";2516409;"Campo De Santana"
"27/09/2026";"09:00:12";12;25;"PB";"Paraíba";"22314";"Taperoá";2516508;"Taperoá"
"27/09/2026";"09:00:12";12;25;"PB";"Paraíba";"22330";"Tavares";2516607;"Tavares"
"27/09/2026";"09:00:12";12;25;"PB";"Paraíba";"22357";"Teixeira";2516706;"Teixeira"
"27/09/2026";"09:00:12";12;25;"PB";"Paraíba";"22373";"Triunfo";2516805;"Triunfo"
"27/09/2026";"09:00:12";12;25;"PB";"Paraíba";"22390";"Uiraúna";2516904;"Uiraúna"
"27/09/2026";"09:00:12";12;25;"PB";"Paraíba";"22411";"Umbuzeiro";2517001;"Umbuzeiro"
"27/09/2026";"09:00:12";12;25;"PB";"Paraíba";"22438";"Várzea";2517100;"Várzea"
"27/09/2026";"09:00:12";8;26;"PE";"Pernambuco";"23000";"Quixaba";2611533;"Quixaba"
"27/09/2026";"09:00:12";8;26;"PE";"Pernambuco";"23019";"Afogados Da Ingazeira";2600104;"Afogados Da Ingazeira"
"27/09/2026";"09:00:12";8;26;"PE";"Pernambuco";"23027";"Lagoa Do Carro";2608453;"Lagoa Do Carro"
"27/09/2026";"09:00:12";8;26;"PE";"Pernambuco";"23035";"Afrânio";2600203;"Afrânio"
"27/09/2026";"09:00:12";8;26;"PE";"Pernambuco";"23043";"Santa Cruz Da Baixa Verde";2612471;"Santa Cruz Da Baixa Verde"
"27/09/2026";"09:00:12";8;26;"PE";"Pernambuco";"23051";"Agrestina";2600302;"Agrestina"
"27/09/2026";"09:00:12";8;26;"PE";"Pernambuco";"23060";"Xexéu";2616506;"Xexéu"
"27/09/2026";"09:00:12";8;26;"PE";"Pernambuco";"23078";"Água Preta";2600401;"Água Preta"
"27/09/2026";"09:00:12";8;26;"PE";"Pernambuco";"23086";"Vertente Do Lério";2616183;"Vertente Do Lério"
"27/09/2026";"09:00:12";8;26;"PE";"Pernambuco";"23094";"Águas Belas";2600500;"Águas Belas"
"27/09/2026";"09:00:12";8;26;"PE";"Pernambuco";"23108";"Santa Cruz";2612455;"Santa Cruz"
"27/09/2026";"09:00:12";8;26;"PE";"Pernambuco";"23116";"Alagoinha";2600609;"Alagoinha"
"27/09/2026";"09:00:12";8;26;"PE";"Pernambuco";"23124";"Jucati";2608255;"Jucati"
"27/09/2026";"09:00:12";8;26;"PE";"Pernambuco";"23132";"Aliança";2600708;"Aliança"
"27/09/2026";"09:00:12";8;26;"PE";"Pernambuco";"23140";"Dormentes";2605152;"Dormentes"
"27/09/2026";"09:00:12";8;26;"PE";"Pernambuco";"23159";"Altinho";2600807;"Altinho"
"27/09/2026";"09:00:12";8;26;"PE";"Pernambuco";"23167";"Carnaubeira Da Penha";2603926;"Carnaubeira Da Penha"
"27/09/2026";"09:00:12";8;26;"PE";"Pernambuco";"23175";"Amaraji";2600906;"Amaraji"
"27/09/2026";"09:00:12";8;26;"PE";"Pernambuco";"23183";"Lagoa Grande";2608750;"Lagoa Grande"
"27/09/2026";"09:00:12";8;26;"PE";"Pernambuco";"23191";"Angelim";2601003;"Angelim"
"27/09/2026";"09:00:12";8;26;"PE";"Pernambuco";"23205";"Araçoiaba";2601052;"Araçoiaba"
"27/09/2026";"09:00:12";8;26;"PE";"Pernambuco";"23213";"Araripina";2601102;"Araripina"
"27/09/2026";"09:00:12";8;26;"PE";"Pernambuco";"23221";"Casinhas";2604155;"Casinhas"
"27/09/2026";"09:00:12";8;26;"PE";"Pernambuco";"23230";"Arcoverde";2601201;"Arcoverde"
"27/09/2026";"09:00:12";8;26;"PE";"Pernambuco";"23248";"Manari";2609154;"Manari"
"27/09/2026";"09:00:12";8;26;"PE";"Pernambuco";"23256";"Barra De Guabiraba";2601300;"Barra De Guabiraba"
"27/09/2026";"09:00:12";8;26;"PE";"Pernambuco";"23264";"Jatobá";2608057;"Jatobá"
"27/09/2026";"09:00:12";8;26;"PE";"Pernambuco";"23272";"Barreiros";2601409;"Barreiros"
"27/09/2026";"09:00:12";8;26;"PE";"Pernambuco";"23280";"Tamandaré";2614857;"Tamandaré"
"27/09/2026";"09:00:12";8;26;"PE";"Pernambuco";"23299";"Belém De Maria";2601508;"Belém De Maria"
"27/09/2026";"09:00:12";8;26;"PE";"Pernambuco";"23302";"Jaqueira";2607950;"Jaqueira"
"27/09/2026";"09:00:12";8;26;"PE";"Pernambuco";"23310";"Belém Do São Francisco";2601607;"Belém Do São Francisco"
"27/09/2026";"09:00:12";8;26;"PE";"Pernambuco";"23329";"Santa Filomena";2612554;"Santa Filomena"
"27/09/2026";"09:00:12";8;26;"PE";"Pernambuco";"23337";"Belo Jardim";2601706;"Belo Jardim"
"27/09/2026";"09:00:12";8;26;"PE";"Pernambuco";"23353";"Betânia";2601805;"Betânia"
"27/09/2026";"09:00:12";8;26;"PE";"Pernambuco";"23370";"Bezerros";2601904;"Bezerros"
"27/09/2026";"09:00:12";8;26;"PE";"Pernambuco";"23396";"Bodocó";2602001;"Bodocó"
"27/09/2026";"09:00:12";8;26;"PE";"Pernambuco";"23418";"Bom Conselho";2602100;"Bom Conselho"
"27/09/2026";"09:00:12";8;26;"PE";"Pernambuco";"23434";"Bom Jardim";2602209;"Bom Jardim"
"27/09/2026";"09:00:12";8;26;"PE";"Pernambuco";"23450";"Bonito";2602308;"Bonito"
"27/09/2026";"09:00:12";8;26;"PE";"Pernambuco";"23477";"Brejão";2602407;"Brejão"
"27/09/2026";"09:00:12";8;26;"PE";"Pernambuco";"23493";"Brejinho";2602506;"Brejinho"
"27/09/2026";"09:00:12";8;26;"PE";"Pernambuco";"23515";"Brejo Da Madre De Deus";2602605;"Brejo Da Madre De Deus"
"27/09/2026";"09:00:12";8;26;"PE";"Pernambuco";"23531";"Buenos Aires";2602704;"Buenos Aires"
"27/09/2026";"09:00:12";8;26;"PE";"Pernambuco";"23558";"Buíque";2602803;"Buíque"
"27/09/2026";"09:00:12";8;26;"PE";"Pernambuco";"23574";"Cabo De Santo Agostinho";2602902;"Cabo De Santo Agostinho"
"27/09/2026";"09:00:12";8;26;"PE";"Pernambuco";"23590";"Cabrobó";2603009;"Cabrobó"
"27/09/2026";"09:00:12";8;26;"PE";"Pernambuco";"23612";"Cachoeirinha";2603108;"Cachoeirinha"
"27/09/2026";"09:00:12";8;26;"PE";"Pernambuco";"23639";"Caetés";2603207;"Caetés"
"27/09/2026";"09:00:12";8;26;"PE";"Pernambuco";"23655";"Calçado";2603306;"Calçado"
"27/09/2026";"09:00:12";8;26;"PE";"Pernambuco";"23671";"Calumbi";2603405;"Calumbi"
"27/09/2026";"09:00:12";8;26;"PE";"Pernambuco";"23698";"Camocim De São Félix";2603504;"Camocim De São Félix"
"27/09/2026";"09:00:12";8;26;"PE";"Pernambuco";"23710";"Camutanga";2603603;"Camutanga"
"27/09/2026";"09:00:12";8;26;"PE";"Pernambuco";"23736";"Canhotinho";2603702;"Canhotinho"
"27/09/2026";"09:00:12";8;26;"PE";"Pernambuco";"23752";"Capoeiras";2603801;"Capoeiras"
"27/09/2026";"09:00:12";8;26;"PE";"Pernambuco";"23779";"Carnaíba";2603900;"Carnaíba"
"27/09/2026";"09:00:12";8;26;"PE";"Pernambuco";"23795";"Carpina";2604007;"Carpina"
"27/09/2026";"09:00:12";8;26;"PE";"Pernambuco";"23817";"Caruaru";2604106;"Caruaru"
"27/09/2026";"09:00:12";8;26;"PE";"Pernambuco";"23833";"Catende";2604205;"Catende"
"27/09/2026";"09:00:12";8;26;"PE";"Pernambuco";"23850";"Cedro";2604304;"Cedro"
"27/09/2026";"09:00:12";8;26;"PE";"Pernambuco";"23876";"Chã De Alegria";2604403;"Chã De Alegria"
"27/09/2026";"09:00:12";8;26;"PE";"Pernambuco";"23892";"Chã Grande";2604502;"Chã Grande"
"27/09/2026";"09:00:12";8;26;"PE";"Pernambuco";"23914";"Condado";2604601;"Condado"
"27/09/2026";"09:00:12";8;26;"PE";"Pernambuco";"23930";"Correntes";2604700;"Correntes"
"27/09/2026";"09:00:12";8;26;"PE";"Pernambuco";"23957";"Cortês";2604809;"Cortês"
"27/09/2026";"09:00:12";8;26;"PE";"Pernambuco";"23973";"Cumaru";2604908;"Cumaru"
"27/09/2026";"09:00:12";8;26;"PE";"Pernambuco";"23990";"Cupira";2605004;"Cupira"
"27/09/2026";"09:00:12";8;26;"PE";"Pernambuco";"24015";"Custódia";2605103;"Custódia"
"27/09/2026";"09:00:12";8;26;"PE";"Pernambuco";"24031";"Escada";2605202;"Escada"
"27/09/2026";"09:00:12";8;26;"PE";"Pernambuco";"24058";"Exu";2605301;"Exu"
"27/09/2026";"09:00:12";8;26;"PE";"Pernambuco";"24074";"Feira Nova";2605400;"Feira Nova"
"27/09/2026";"09:00:12";8;26;"PE";"Pernambuco";"24090";"Ferreiros";2605509;"Ferreiros"
"27/09/2026";"09:00:12";8;26;"PE";"Pernambuco";"24112";"Flores";2605608;"Flores"
"27/09/2026";"09:00:12";8;26;"PE";"Pernambuco";"24139";"Floresta";2605707;"Floresta"
"27/09/2026";"09:00:12";8;26;"PE";"Pernambuco";"24155";"Frei Miguelinho";2605806;"Frei Miguelinho"
"27/09/2026";"09:00:12";8;26;"PE";"Pernambuco";"24171";"Gameleira";2605905;"Gameleira"
"27/09/2026";"09:00:12";8;26;"PE";"Pernambuco";"24198";"Garanhuns";2606002;"Garanhuns"
"27/09/2026";"09:00:12";8;26;"PE";"Pernambuco";"24210";"Glória Do Goitá";2606101;"Glória Do Goitá"
"27/09/2026";"09:00:12";8;26;"PE";"Pernambuco";"24236";"Goiana";2606200;"Goiana"
"27/09/2026";"09:00:12";8;26;"PE";"Pernambuco";"24252";"Granito";2606309;"Granito"
"27/09/2026";"09:00:12";8;26;"PE";"Pernambuco";"24279";"Gravatá";2606408;"Gravatá"
"27/09/2026";"09:00:12";8;26;"PE";"Pernambuco";"24295";"Iati";2606507;"Iati"
"27/09/2026";"09:00:12";8;26;"PE";"Pernambuco";"24317";"Ibimirim";2606606;"Ibimirim"
"27/09/2026";"09:00:12";8;26;"PE";"Pernambuco";"24333";"Ibirajuba";2606705;"Ibirajuba"
"27/09/2026";"09:00:12";8;26;"PE";"Pernambuco";"24350";"Igarassu";2606804;"Igarassu"
"27/09/2026";"09:00:12";8;26;"PE";"Pernambuco";"24376";"Iguaracy";2606903;"Iguaracy"
"27/09/2026";"09:00:12";8;26;"PE";"Pernambuco";"24392";"Inajá";2607000;"Inajá"
"27/09/2026";"09:00:12";8;26;"PE";"Pernambuco";"24414";"Ingazeira";2607109;"Ingazeira"
"27/09/2026";"09:00:12";8;26;"PE";"Pernambuco";"24430";"Ipojuca";2607208;"Ipojuca"
"27/09/2026";"09:00:12";8;26;"PE";"Pernambuco";"24457";"Ipubi";2607307;"Ipubi"
"27/09/2026";"09:00:12";8;26;"PE";"Pernambuco";"24473";"Itacuruba";2607406;"Itacuruba"
"27/09/2026";"09:00:12";8;26;"PE";"Pernambuco";"24490";"Itaíba";2607505;"Itaíba"
"27/09/2026";"09:00:12";8;26;"PE";"Pernambuco";"24511";"Ilha De Itamaracá";2607604;"Ilha De Itamaracá"
"27/09/2026";"09:00:12";8;26;"PE";"Pernambuco";"24538";"Itapetim";2607703;"Itapetim"
"27/09/2026";"09:00:12";8;26;"PE";"Pernambuco";"24554";"Itaquitinga";2607802;"Itaquitinga"
"27/09/2026";"09:00:12";8;26;"PE";"Pernambuco";"24570";"Jaboatão Dos Guararapes";2607901;"Jaboatão Dos Guararapes"
"27/09/2026";"09:00:12";8;26;"PE";"Pernambuco";"24597";"Jataúba";2608008;"Jataúba"
"27/09/2026";"09:00:12";8;26;"PE";"Pernambuco";"24619";"João Alfredo";2608107;"João Alfredo"
"27/09/2026";"09:00:12";8;26;"PE";"Pernambuco";"24635";"Joaquim Nabuco";2608206;"Joaquim Nabuco"
"27/09/2026";"09:00:12";8;26;"PE";"Pernambuco";"24651";"Jupi";2608305;"Jupi"
"27/09/2026";"09:00:12";8;26;"PE";"Pernambuco";"24678";"Jurema";2608404;"Jurema"
"27/09/2026";"09:00:12";8;26;"PE";"Pernambuco";"24694";"Lagoa De Itaenga";2608503;"Lagoa Do Itaenga"
"27/09/2026";"09:00:12";8;26;"PE";"Pernambuco";"24716";"Lagoa Do Ouro";2608602;"Lagoa Do Ouro"
"27/09/2026";"09:00:12";8;26;"PE";"Pernambuco";"24732";"Lagoa Dos Gatos";2608701;"Lagoa Dos Gatos"
"27/09/2026";"09:00:12";8;26;"PE";"Pernambuco";"24759";"Lajedo";2608800;"Lajedo"
"27/09/2026";"09:00:12";8;26;"PE";"Pernambuco";"24775";"Limoeiro";2608909;"Limoeiro"
"27/09/2026";"09:00:12";8;26;"PE";"Pernambuco";"24791";"Macaparana";2609006;"Macaparana"
"27/09/2026";"09:00:12";8;26;"PE";"Pernambuco";"24813";"Machados";2609105;"Machados"
"27/09/2026";"09:00:12";8;26;"PE";"Pernambuco";"24830";"Maraial";2609204;"Maraial"
"27/09/2026";"09:00:12";8;26;"PE";"Pernambuco";"24856";"Mirandiba";2609303;"Mirandiba"
"27/09/2026";"09:00:12";8;26;"PE";"Pernambuco";"24872";"Moreno";2609402;"Moreno"
"27/09/2026";"09:00:12";8;26;"PE";"Pernambuco";"24899";"Nazaré Da Mata";2609501;"Nazaré Da Mata"
"27/09/2026";"09:00:12";8;26;"PE";"Pernambuco";"24910";"Olinda";2609600;"Olinda"
"27/09/2026";"09:00:12";8;26;"PE";"Pernambuco";"24937";"Orobó";2609709;"Orobó"
"27/09/2026";"09:00:12";8;26;"PE";"Pernambuco";"24953";"Orocó";2609808;"Orocó"
"27/09/2026";"09:00:12";8;26;"PE";"Pernambuco";"24970";"Ouricuri";2609907;"Ouricuri"
"27/09/2026";"09:00:12";8;26;"PE";"Pernambuco";"24996";"Palmares";2610004;"Palmares"
"27/09/2026";"09:00:12";8;26;"PE";"Pernambuco";"25011";"Palmeirina";2610103;"Palmeirina"
"27/09/2026";"09:00:12";8;26;"PE";"Pernambuco";"25038";"Panelas";2610202;"Panelas"
"27/09/2026";"09:00:12";8;26;"PE";"Pernambuco";"25054";"Paranatama";2610301;"Paranatama"
"27/09/2026";"09:00:12";8;26;"PE";"Pernambuco";"25070";"Parnamirim";2610400;"Parnamirim"
"27/09/2026";"09:00:12";8;26;"PE";"Pernambuco";"25097";"Passira";2610509;"Passira"
"27/09/2026";"09:00:12";8;26;"PE";"Pernambuco";"25119";"Paudalho";2610608;"Paudalho"
"27/09/2026";"09:00:12";8;26;"PE";"Pernambuco";"25135";"Paulista";2610707;"Paulista"
"27/09/2026";"09:00:12";8;26;"PE";"Pernambuco";"25151";"Pedra";2610806;"Pedra"
"27/09/2026";"09:00:12";8;26;"PE";"Pernambuco";"25178";"Pesqueira";2610905;"Pesqueira"
"27/09/2026";"09:00:12";8;26;"PE";"Pernambuco";"25194";"Petrolândia";2611002;"Petrolândia"
"27/09/2026";"09:00:12";8;26;"PE";"Pernambuco";"25216";"Petrolina";2611101;"Petrolina"
"27/09/2026";"09:00:12";8;26;"PE";"Pernambuco";"25232";"Poção";2611200;"Poção"
"27/09/2026";"09:00:12";8;26;"PE";"Pernambuco";"25259";"Pombos";2611309;"Pombos"
"27/09/2026";"09:00:12";8;26;"PE";"Pernambuco";"25275";"Primavera";2611408;"Primavera"
"27/09/2026";"09:00:12";8;26;"PE";"Pernambuco";"25291";"Quipapá";2611507;"Quipapá"
"27/09/2026";"09:00:12";8;26;"PE";"Pernambuco";"25313";"Recife";2611606;"Recife"
"27/09/2026";"09:00:12";8;26;"PE";"Pernambuco";"25330";"Riacho Das Almas";2611705;"Riacho Das Almas"
"27/09/2026";"09:00:12";8;26;"PE";"Pernambuco";"25356";"Ribeirão";2611804;"Ribeirão"
"27/09/2026";"09:00:12";8;26;"PE";"Pernambuco";"25372";"Rio Formoso";2611903;"Rio Formoso"
"27/09/2026";"09:00:12";8;26;"PE";"Pernambuco";"25399";"Sairé";2612000;"Sairé"
"27/09/2026";"09:00:12";8;26;"PE";"Pernambuco";"25410";"Salgadinho";2612109;"Salgadinho"
"27/09/2026";"09:00:12";8;26;"PE";"Pernambuco";"25437";"Salgueiro";2612208;"Salgueiro"
"27/09/2026";"09:00:12";8;26;"PE";"Pernambuco";"25453";"Saloá";2612307;"Saloá"
"27/09/2026";"09:00:12";8;26;"PE";"Pernambuco";"25470";"Sanharó";2612406;"Sanharó"
"27/09/2026";"09:00:12";8;26;"PE";"Pernambuco";"25496";"Santa Cruz Do Capibaribe";2612505;"Santa Cruz Do Capibaribe"
"27/09/2026";"09:00:12";8;26;"PE";"Pernambuco";"25518";"Santa Maria Da Boa Vista";2612604;"Santa Maria Da Boa Vista"
"27/09/2026";"09:00:12";8;26;"PE";"Pernambuco";"25534";"Santa Maria Do Cambucá";2612703;"Santa Maria Do Cambucá"
"27/09/2026";"09:00:12";8;26;"PE";"Pernambuco";"25550";"Santa Terezinha";2612802;"Santa Terezinha"
"27/09/2026";"09:00:12";8;26;"PE";"Pernambuco";"25577";"São Benedito Do Sul";2612901;"São Benedito Do Sul"
"27/09/2026";"09:00:12";8;26;"PE";"Pernambuco";"25593";"São Bento Do Una";2613008;"São Bento Do Una"
"27/09/2026";"09:00:12";8;26;"PE";"Pernambuco";"25615";"São Caitano";2613107;"São Caitano"
"27/09/2026";"09:00:12";8;26;"PE";"Pernambuco";"25631";"São João";2613206;"São João"
"27/09/2026";"09:00:12";8;26;"PE";"Pernambuco";"25658";"São Joaquim Do Monte";2613305;"São Joaquim Do Monte"
"27/09/2026";"09:00:12";8;26;"PE";"Pernambuco";"25674";"São José Da Coroa Grande";2613404;"São José Da Coroa Grande"
"27/09/2026";"09:00:12";8;26;"PE";"Pernambuco";"25690";"São José Do Belmonte";2613503;"São José Do Belmonte"
"27/09/2026";"09:00:12";8;26;"PE";"Pernambuco";"25712";"São José Do Egito";2613602;"São José Do Egito"
"27/09/2026";"09:00:12";8;26;"PE";"Pernambuco";"25739";"São Lourenço Da Mata";2613701;"São Lourenço Da Mata"
"27/09/2026";"09:00:12";8;26;"PE";"Pernambuco";"25755";"São Vicente Férrer";2613800;"São Vicente Ferrer"
"27/09/2026";"09:00:12";8;26;"PE";"Pernambuco";"25771";"Serra Talhada";2613909;"Serra Talhada"
"27/09/2026";"09:00:12";8;26;"PE";"Pernambuco";"25798";"Serrita";2614006;"Serrita"
"27/09/2026";"09:00:12";8;26;"PE";"Pernambuco";"25810";"Sertânia";2614105;"Sertânia"
"27/09/2026";"09:00:12";8;26;"PE";"Pernambuco";"25836";"Sirinhaém";2614204;"Sirinhaém"
"27/09/2026";"09:00:12";8;26;"PE";"Pernambuco";"25852";"Moreilândia";2614303;"Moreilândia"
"27/09/2026";"09:00:12";8;26;"PE";"Pernambuco";"25879";"Solidão";2614402;"Solidão"
"27/09/2026";"09:00:12";8;26;"PE";"Pernambuco";"25895";"Surubim";2614501;"Surubim"
"27/09/2026";"09:00:12";8;26;"PE";"Pernambuco";"25917";"Tabira";2614600;"Tabira"
"27/09/2026";"09:00:12";8;26;"PE";"Pernambuco";"25933";"Tacaimbó";2614709;"Tacaimbó"
"27/09/2026";"09:00:12";8;26;"PE";"Pernambuco";"25950";"Tacaratu";2614808;"Tacaratu"
"27/09/2026";"09:00:12";8;26;"PE";"Pernambuco";"25976";"Itambé";2607653;"Itambé"
"27/09/2026";"09:00:12";8;26;"PE";"Pernambuco";"25992";"Taquaritinga Do Norte";2615003;"Taquaritinga Do Norte"
"27/09/2026";"09:00:12";8;26;"PE";"Pernambuco";"26018";"Terezinha";2615102;"Terezinha"
"27/09/2026";"09:00:12";8;26;"PE";"Pernambuco";"26034";"Terra Nova";2615201;"Terra Nova"
"27/09/2026";"09:00:12";8;26;"PE";"Pernambuco";"26050";"Timbaúba";2615300;"Timbaúba"
"27/09/2026";"09:00:12";8;26;"PE";"Pernambuco";"26077";"Toritama";2615409;"Toritama"
"27/09/2026";"09:00:12";8;26;"PE";"Pernambuco";"26093";"Tracunhaém";2615508;"Tracunhaém"
"27/09/2026";"09:00:12";8;26;"PE";"Pernambuco";"26115";"Trindade";2615607;"Trindade"
"27/09/2026";"09:00:12";8;26;"PE";"Pernambuco";"26131";"Triunfo";2615706;"Triunfo"
"27/09/2026";"09:00:12";8;26;"PE";"Pernambuco";"26158";"Tupanatinga";2615805;"Tupanatinga"
"27/09/2026";"09:00:12";8;26;"PE";"Pernambuco";"26174";"Tuparetama";2615904;"Tuparetama"
"27/09/2026";"09:00:12";8;26;"PE";"Pernambuco";"26190";"Venturosa";2616001;"Venturosa"
"27/09/2026";"09:00:12";8;26;"PE";"Pernambuco";"26212";"Verdejante";2616100;"Verdejante"
"27/09/2026";"09:00:12";8;26;"PE";"Pernambuco";"26239";"Vertentes";2616209;"Vertentes"
"27/09/2026";"09:00:12";8;26;"PE";"Pernambuco";"26255";"Vicência";2616308;"Vicência"
"27/09/2026";"09:00:12";8;26;"PE";"Pernambuco";"26271";"Vitória De Santo Antão";2616407;"Vitória De Santo Antão"
"27/09/2026";"09:00:12";8;26;"PE";"Pernambuco";"26298";"Camaragibe";2603454;"Camaragibe"
"27/09/2026";"09:00:12";8;26;"PE";"Pernambuco";"26310";"Abreu E Lima";2600054;"Abreu E Lima"
"27/09/2026";"09:00:12";8;26;"PE";"Pernambuco";"26336";"Itapissuma";2607752;"Itapissuma"
"27/09/2026";"09:00:12";8;26;"PE";"Pernambuco";"30015";"Fernando De Noronha";2605459;"Fernando De Noronha"
"27/09/2026";"09:00:12";15;22;"PI";"Piauí";"10006";"Brasileira";2201960;"Brasileira"
"27/09/2026";"09:00:12";15;22;"PI";"Piauí";"10014";"Agricolândia";2200103;"Agricolândia"
"27/09/2026";"09:00:12";15;22;"PI";"Piauí";"10022";"Alegrete Do Piauí";2200277;"Alegrete Do Piauí"
"27/09/2026";"09:00:12";15;22;"PI";"Piauí";"10030";"Água Branca";2200202;"Água Branca"
"27/09/2026";"09:00:12";15;22;"PI";"Piauí";"10049";"Baixa Grande Do Ribeiro";2201150;"Baixa Grande Do Ribeiro"
"27/09/2026";"09:00:12";15;22;"PI";"Piauí";"10057";"Alto Longá";2200301;"Alto Longá"
"27/09/2026";"09:00:12";15;22;"PI";"Piauí";"10065";"Bom Princípio Do Piauí";2201919;"Bom Princípio Do Piauí"
"27/09/2026";"09:00:12";15;22;"PI";"Piauí";"10073";"Altos";2200400;"Altos"
"27/09/2026";"09:00:12";15;22;"PI";"Piauí";"10081";"Bonfim Do Piauí";2201929;"Bonfim Do Piauí"
"27/09/2026";"09:00:12";15;22;"PI";"Piauí";"10090";"Amarante";2200509;"Amarante"
"27/09/2026";"09:00:12";15;22;"PI";"Piauí";"10103";"Buriti Dos Montes";2202026;"Buriti Dos Montes"
"27/09/2026";"09:00:12";15;22;"PI";"Piauí";"10111";"Angical Do Piauí";2200608;"Angical Do Piauí"
"27/09/2026";"09:00:12";15;22;"PI";"Piauí";"10120";"Cabeceiras Do Piauí";2202059;"Cabeceiras Do Piauí"
"27/09/2026";"09:00:12";15;22;"PI";"Piauí";"10138";"Anísio De Abreu";2200707;"Anísio De Abreu"
"27/09/2026";"09:00:12";15;22;"PI";"Piauí";"10146";"Caldeirão Grande Do Piauí";2202091;"Caldeirão Grande Do Piauí"
"27/09/2026";"09:00:12";15;22;"PI";"Piauí";"10154";"Antônio Almeida";2200806;"Antônio Almeida"
"27/09/2026";"09:00:12";15;22;"PI";"Piauí";"10162";"Canavieira";2202251;"Canavieira"
"27/09/2026";"09:00:12";15;22;"PI";"Piauí";"10170";"Aroazes";2200905;"Aroazes"
"27/09/2026";"09:00:12";15;22;"PI";"Piauí";"10189";"Coivaras";2202737;"Coivaras"
"27/09/2026";"09:00:12";15;22;"PI";"Piauí";"10197";"Arraial";2201002;"Arraial"
"27/09/2026";"09:00:12";15;22;"PI";"Piauí";"10200";"Colônia Do Gurguéia";2202752;"Colônia Do Gurguéia"
"27/09/2026";"09:00:12";15;22;"PI";"Piauí";"10219";"Avelino Lopes";2201101;"Avelino Lopes"
"27/09/2026";"09:00:12";15;22;"PI";"Piauí";"10227";"Colônia Do Piauí";2202778;"Colônia Do Piauí"
"27/09/2026";"09:00:12";15;22;"PI";"Piauí";"10235";"Barras";2201200;"Barras"
"27/09/2026";"09:00:12";15;22;"PI";"Piauí";"10243";"Coronel José Dias";2202851;"Coronel José Dias"
"27/09/2026";"09:00:12";15;22;"PI";"Piauí";"10251";"Barreiras Do Piauí";2201309;"Barreiras Do Piauí"
"27/09/2026";"09:00:12";15;22;"PI";"Piauí";"10260";"Fartura Do Piauí";2203750;"Fartura Do Piauí"
"27/09/2026";"09:00:12";15;22;"PI";"Piauí";"10278";"Barro Duro";2201408;"Barro Duro"
"27/09/2026";"09:00:12";15;22;"PI";"Piauí";"10286";"Jacobina Do Piauí";2205151;"Jacobina Do Piauí"
"27/09/2026";"09:00:12";15;22;"PI";"Piauí";"10294";"Batalha";2201507;"Batalha"
"27/09/2026";"09:00:12";15;22;"PI";"Piauí";"10308";"Jardim Do Mulato";2205250;"Jardim Do Mulato"
"27/09/2026";"09:00:12";15;22;"PI";"Piauí";"10316";"Beneditinos";2201606;"Beneditinos"
"27/09/2026";"09:00:12";15;22;"PI";"Piauí";"10324";"Lagoa Alegre";2205557;"Lagoa Alegre"
"27/09/2026";"09:00:12";15;22;"PI";"Piauí";"10332";"Bertolínia";2201705;"Bertolínia"
"27/09/2026";"09:00:12";15;22;"PI";"Piauí";"10340";"Lagoa Do Barro Do Piauí";2205565;"Lagoa Do Barro Do Piauí"
"27/09/2026";"09:00:12";15;22;"PI";"Piauí";"10359";"Bocaina";2201804;"Bocaina"
"27/09/2026";"09:00:12";15;22;"PI";"Piauí";"10367";"Marcolândia";2205953;"Marcolândia"
"27/09/2026";"09:00:12";15;22;"PI";"Piauí";"10375";"Bom Jesus";2201903;"Bom Jesus"
"27/09/2026";"09:00:12";15;22;"PI";"Piauí";"10383";"Patos Do Piauí";2207777;"Patos Do Piauí"
"27/09/2026";"09:00:12";15;22;"PI";"Piauí";"10391";"Buriti Dos Lopes";2202000;"Buriti Dos Lopes"
"27/09/2026";"09:00:12";15;22;"PI";"Piauí";"10405";"Passagem Franca Do Piauí";2207751;"Passagem Franca Do Piauí"
"27/09/2026";"09:00:12";15;22;"PI";"Piauí";"10413";"Campinas Do Piauí";2202109;"Campinas Do Piauí"
"27/09/2026";"09:00:12";15;22;"PI";"Piauí";"10421";"Queimada Nova";2208650;"Queimada Nova"
"27/09/2026";"09:00:12";15;22;"PI";"Piauí";"10430";"Campo Maior";2202208;"Campo Maior"
"27/09/2026";"09:00:12";15;22;"PI";"Piauí";"10448";"Santa Cruz Dos Milagres";2209153;"Santa Cruz Dos Milagres"
"27/09/2026";"09:00:12";15;22;"PI";"Piauí";"10456";"Canto Do Buriti";2202307;"Canto Do Buriti"
"27/09/2026";"09:00:12";15;22;"PI";"Piauí";"10464";"Santa Rosa Do Piauí";2209377;"Santa Rosa Do Piauí"
"27/09/2026";"09:00:12";15;22;"PI";"Piauí";"10472";"Capitão De Campos";2202406;"Capitão De Campos"
"27/09/2026";"09:00:12";15;22;"PI";"Piauí";"10480";"Santana Do Piauí";2209351;"Santana Do Piauí"
"27/09/2026";"09:00:12";15;22;"PI";"Piauí";"10499";"Caracol";2202505;"Caracol"
"27/09/2026";"09:00:12";15;22;"PI";"Piauí";"10502";"São Braz Do Piauí";2209559;"São Braz Do Piauí"
"27/09/2026";"09:00:12";15;22;"PI";"Piauí";"10510";"Castelo Do Piauí";2202604;"Castelo Do Piauí"
"27/09/2026";"09:00:12";15;22;"PI";"Piauí";"10529";"São José Do Divino";2210052;"São José Do Divino"
"27/09/2026";"09:00:12";15;22;"PI";"Piauí";"10537";"Cocal";2202703;"Cocal"
"27/09/2026";"09:00:12";15;22;"PI";"Piauí";"10545";"Sigefredo Pacheco";2210656;"Sigefredo Pacheco"
"27/09/2026";"09:00:12";15;22;"PI";"Piauí";"10553";"Conceição Do Canindé";2202802;"Conceição Do Canindé"
"27/09/2026";"09:00:12";15;22;"PI";"Piauí";"10561";"São Lourenço Do Piauí";2210359;"São Lourenço Do Piauí"
"27/09/2026";"09:00:12";15;22;"PI";"Piauí";"10570";"Corrente";2202901;"Corrente"
"27/09/2026";"09:00:12";15;22;"PI";"Piauí";"10588";"Várzea Branca";2211357;"Várzea Branca"
"27/09/2026";"09:00:12";15;22;"PI";"Piauí";"10596";"Cristalândia Do Piauí";2203008;"Cristalândia Do Piauí"
"27/09/2026";"09:00:12";15;22;"PI";"Piauí";"10600";"Barra D'Alcântara";2201176;"Barra D'Alcântara"
"27/09/2026";"09:00:12";15;22;"PI";"Piauí";"10618";"Cristino Castro";2203107;"Cristino Castro"
"27/09/2026";"09:00:12";15;22;"PI";"Piauí";"10626";"Bela Vista Do Piauí";2201556;"Bela Vista Do Piauí"
"27/09/2026";"09:00:12";15;22;"PI";"Piauí";"10634";"Curimatá";2203206;"Curimatá"
"27/09/2026";"09:00:12";15;22;"PI";"Piauí";"10642";"Brejo Do Piauí";2201988;"Brejo Do Piauí"
"27/09/2026";"09:00:12";15;22;"PI";"Piauí";"10650";"Demerval Lobão";2203305;"Demerval Lobão"
"27/09/2026";"09:00:12";15;22;"PI";"Piauí";"10669";"Boa Hora";2201770;"Boa Hora"
"27/09/2026";"09:00:12";15;22;"PI";"Piauí";"10677";"Dom Expedito Lopes";2203404;"Dom Expedito Lopes"
"27/09/2026";"09:00:12";15;22;"PI";"Piauí";"10685";"Dom Inocêncio";2203453;"Dom Inocêncio"
"27/09/2026";"09:00:12";15;22;"PI";"Piauí";"10693";"Elesbão Veloso";2203503;"Elesbão Veloso"
"27/09/2026";"09:00:12";15;22;"PI";"Piauí";"10707";"Capitão Gervásio Oliveira";2202455;"Capitão Gervásio Oliveira"
"27/09/2026";"09:00:12";15;22;"PI";"Piauí";"10715";"Eliseu Martins";2203602;"Eliseu Martins"
"27/09/2026";"09:00:12";15;22;"PI";"Piauí";"10723";"Campo Grande Do Piauí";2202133;"Campo Grande Do Piauí"
"27/09/2026";"09:00:12";15;22;"PI";"Piauí";"10731";"Esperantina";2203701;"Esperantina"
"27/09/2026";"09:00:12";15;22;"PI";"Piauí";"10740";"Campo Largo Do Piauí";2202174;"Campo Largo Do Piauí"
"27/09/2026";"09:00:12";15;22;"PI";"Piauí";"10758";"Flores Do Piauí";2203800;"Flores Do Piauí"
"27/09/2026";"09:00:12";15;22;"PI";"Piauí";"10766";"Currais";2203230;"Currais"
"27/09/2026";"09:00:12";15;22;"PI";"Piauí";"10774";"Floriano";2203909;"Floriano"
"27/09/2026";"09:00:12";15;22;"PI";"Piauí";"10782";"Geminiano";2204352;"Geminiano"
"27/09/2026";"09:00:12";15;22;"PI";"Piauí";"10790";"Francinópolis";2204006;"Francinópolis"
"27/09/2026";"09:00:12";15;22;"PI";"Piauí";"10804";"Guaribas";2204550;"Guaribas"
"27/09/2026";"09:00:12";15;22;"PI";"Piauí";"10812";"Francisco Ayres";2204105;"Francisco Ayres"
"27/09/2026";"09:00:12";15;22;"PI";"Piauí";"10820";"Ilha Grande";2204659;"Ilha Grande"
"27/09/2026";"09:00:12";15;22;"PI";"Piauí";"10839";"Francisco Santos";2204204;"Francisco Santos"
"27/09/2026";"09:00:12";15;22;"PI";"Piauí";"10847";"Jurema";2205532;"Jurema"
"27/09/2026";"09:00:12";15;22;"PI";"Piauí";"10855";"Fronteiras";2204303;"Fronteiras"
"27/09/2026";"09:00:12";15;22;"PI";"Piauí";"10863";"Lagoa De São Francisco";2205573;"Lagoa De São Francisco"
"27/09/2026";"09:00:12";15;22;"PI";"Piauí";"10871";"Gilbués";2204402;"Gilbués"
"27/09/2026";"09:00:12";15;22;"PI";"Piauí";"10880";"Morro Cabeça No Tempo";2206654;"Morro Cabeça No Tempo"
"27/09/2026";"09:00:12";15;22;"PI";"Piauí";"10898";"Guadalupe";2204501;"Guadalupe"
"27/09/2026";"09:00:12";15;22;"PI";"Piauí";"10901";"Novo Santo Antônio";2206951;"Novo Santo Antônio"
"27/09/2026";"09:00:12";15;22;"PI";"Piauí";"10910";"Hugo Napoleão";2204600;"Hugo Napoleão"
"27/09/2026";"09:00:12";15;22;"PI";"Piauí";"10928";"Nossa Senhora De Nazaré";2206753;"Nossa Senhora De Nazaré"
"27/09/2026";"09:00:12";15;22;"PI";"Piauí";"10936";"Inhuma";2204709;"Inhuma"
"27/09/2026";"09:00:12";15;22;"PI";"Piauí";"10944";"Paquetá";2207553;"Paquetá"
"27/09/2026";"09:00:12";15;22;"PI";"Piauí";"10952";"Ipiranga Do Piauí";2204808;"Ipiranga Do Piauí"
"27/09/2026";"09:00:12";15;22;"PI";"Piauí";"10960";"Nova Santa Rita";2207959;"Nova Santa Rita"
"27/09/2026";"09:00:12";15;22;"PI";"Piauí";"10979";"Isaías Coelho";2204907;"Isaías Coelho"
"27/09/2026";"09:00:12";15;22;"PI";"Piauí";"10987";"São João Do Arraial";2209971;"São João Do Arraial"
"27/09/2026";"09:00:12";15;22;"PI";"Piauí";"10995";"Itainópolis";2205003;"Itainópolis"
"27/09/2026";"09:00:12";15;22;"PI";"Piauí";"11010";"Itaueira";2205102;"Itaueira"
"27/09/2026";"09:00:12";15;22;"PI";"Piauí";"11037";"Jaicós";2205201;"Jaicós"
"27/09/2026";"09:00:12";15;22;"PI";"Piauí";"11053";"Jerumenha";2205300;"Jerumenha"
"27/09/2026";"09:00:12";15;22;"PI";"Piauí";"11070";"Joaquim Pires";2205409;"Joaquim Pires"
"27/09/2026";"09:00:12";15;22;"PI";"Piauí";"11088";"São João Da Canabrava";2209856;"São João Da Canabrava"
"27/09/2026";"09:00:12";15;22;"PI";"Piauí";"11096";"José De Freitas";2205508;"José De Freitas"
"27/09/2026";"09:00:12";15;22;"PI";"Piauí";"11118";"Landri Sales";2205607;"Landri Sales"
"27/09/2026";"09:00:12";15;22;"PI";"Piauí";"11134";"Luis Correia";2205706;"Luís Correia"
"27/09/2026";"09:00:12";15;22;"PI";"Piauí";"11150";"Luzilândia";2205805;"Luzilândia"
"27/09/2026";"09:00:12";15;22;"PI";"Piauí";"11177";"Manoel Emídio";2205904;"Manoel Emídio"
"27/09/2026";"09:00:12";15;22;"PI";"Piauí";"11193";"Marcos Parente";2206001;"Marcos Parente"
"27/09/2026";"09:00:12";15;22;"PI";"Piauí";"11215";"Matias Olímpio";2206100;"Matias Olímpio"
"27/09/2026";"09:00:12";15;22;"PI";"Piauí";"11231";"Miguel Alves";2206209;"Miguel Alves"
"27/09/2026";"09:00:12";15;22;"PI";"Piauí";"11258";"Miguel Leão";2206308;"Miguel Leão"
"27/09/2026";"09:00:12";15;22;"PI";"Piauí";"11274";"Monsenhor Gil";2206407;"Monsenhor Gil"
"27/09/2026";"09:00:12";15;22;"PI";"Piauí";"11290";"Monsenhor Hipólito";2206506;"Monsenhor Hipólito"
"27/09/2026";"09:00:12";15;22;"PI";"Piauí";"11312";"Monte Alegre Do Piauí";2206605;"Monte Alegre Do Piauí"
"27/09/2026";"09:00:12";15;22;"PI";"Piauí";"11339";"Nazaré Do Piauí";2206704;"Nazaré Do Piauí"
"27/09/2026";"09:00:12";15;22;"PI";"Piauí";"11355";"Nossa Senhora Dos Remédios";2206803;"Nossa Senhora Dos Remédios"
"27/09/2026";"09:00:12";15;22;"PI";"Piauí";"11371";"Novo Oriente Do Piauí";2206902;"Novo Oriente Do Piauí"
"27/09/2026";"09:00:12";15;22;"PI";"Piauí";"11398";"Oeiras";2207009;"Oeiras"
"27/09/2026";"09:00:12";15;22;"PI";"Piauí";"11410";"Domingos Mourão";2203420;"Domingos Mourão"
"27/09/2026";"09:00:12";15;22;"PI";"Piauí";"11436";"Padre Marcos";2207207;"Padre Marcos"
"27/09/2026";"09:00:12";15;22;"PI";"Piauí";"11452";"Paes Landim";2207306;"Paes Landim"
"27/09/2026";"09:00:12";15;22;"PI";"Piauí";"11479";"Palmeira Do Piauí";2207405;"Palmeira Do Piauí"
"27/09/2026";"09:00:12";15;22;"PI";"Piauí";"11495";"Palmeirais";2207504;"Palmeirais"
"27/09/2026";"09:00:12";15;22;"PI";"Piauí";"11517";"Parnaguá";2207603;"Parnaguá"
"27/09/2026";"09:00:12";15;22;"PI";"Piauí";"11533";"Parnaíba";2207702;"Parnaíba"
"27/09/2026";"09:00:12";15;22;"PI";"Piauí";"11550";"Paulistana";2207801;"Paulistana"
"27/09/2026";"09:00:12";15;22;"PI";"Piauí";"11576";"Pedro Ii";2207900;"Pedro Ii"
"27/09/2026";"09:00:12";15;22;"PI";"Piauí";"11592";"Picos";2208007;"Picos"
"27/09/2026";"09:00:12";15;22;"PI";"Piauí";"11614";"Pimenteiras";2208106;"Pimenteiras"
"27/09/2026";"09:00:12";15;22;"PI";"Piauí";"11630";"Pio Ix";2208205;"Pio Ix"
"27/09/2026";"09:00:12";15;22;"PI";"Piauí";"11657";"Piracuruca";2208304;"Piracuruca"
"27/09/2026";"09:00:12";15;22;"PI";"Piauí";"11673";"Piripiri";2208403;"Piripiri"
"27/09/2026";"09:00:12";15;22;"PI";"Piauí";"11690";"Porto";2208502;"Porto"
"27/09/2026";"09:00:12";15;22;"PI";"Piauí";"11711";"Prata Do Piauí";2208601;"Prata Do Piauí"
"27/09/2026";"09:00:12";15;22;"PI";"Piauí";"11738";"Redenção Do Gurguéia";2208700;"Redenção Do Gurguéia"
"27/09/2026";"09:00:12";15;22;"PI";"Piauí";"11754";"Regeneração";2208809;"Regeneração"
"27/09/2026";"09:00:12";15;22;"PI";"Piauí";"11770";"Ribeiro Gonçalves";2208908;"Ribeiro Gonçalves"
"27/09/2026";"09:00:12";15;22;"PI";"Piauí";"11797";"Rio Grande Do Piauí";2209005;"Rio Grande Do Piauí"
"27/09/2026";"09:00:12";15;22;"PI";"Piauí";"11819";"Santa Cruz Do Piauí";2209104;"Santa Cruz Do Piauí"
"27/09/2026";"09:00:12";15;22;"PI";"Piauí";"11835";"Santa Filomena";2209203;"Santa Filomena"
"27/09/2026";"09:00:12";15;22;"PI";"Piauí";"11851";"Santa Luz";2209302;"Santa Luz"
"27/09/2026";"09:00:12";15;22;"PI";"Piauí";"11878";"Santo Antônio De Lisboa";2209401;"Santo Antônio De Lisboa"
"27/09/2026";"09:00:12";15;22;"PI";"Piauí";"11894";"Santo Inácio Do Piauí";2209500;"Santo Inácio Do Piauí"
"27/09/2026";"09:00:12";15;22;"PI";"Piauí";"11916";"São Félix Do Piauí";2209609;"São Félix Do Piauí"
"27/09/2026";"09:00:12";15;22;"PI";"Piauí";"11932";"São Francisco Do Piauí";2209708;"São Francisco Do Piauí"
"27/09/2026";"09:00:12";15;22;"PI";"Piauí";"11959";"São Gonçalo Do Piauí";2209807;"São Gonçalo Do Piauí"
"27/09/2026";"09:00:12";15;22;"PI";"Piauí";"11975";"São João Da Serra";2209906;"São João Da Serra"
"27/09/2026";"09:00:12";15;22;"PI";"Piauí";"11991";"São João Do Piauí";2210003;"São João Do Piauí"
"27/09/2026";"09:00:12";15;22;"PI";"Piauí";"12009";"São João Da Fronteira";2209872;"São João Da Fronteira"
"27/09/2026";"09:00:12";15;22;"PI";"Piauí";"12017";"São José Do Peixe";2210102;"São José Do Peixe"
"27/09/2026";"09:00:12";15;22;"PI";"Piauí";"12025";"São João Da Varjota";2209955;"São João Da Varjota"
"27/09/2026";"09:00:12";15;22;"PI";"Piauí";"12033";"São José Do Piauí";2210201;"São José Do Piauí"
"27/09/2026";"09:00:12";15;22;"PI";"Piauí";"12041";"Sebastião Barros";2210623;"Sebastião Barros"
"27/09/2026";"09:00:12";15;22;"PI";"Piauí";"12050";"São Julião";2210300;"São Julião"
"27/09/2026";"09:00:12";15;22;"PI";"Piauí";"12068";"Sebastião Leal";2210631;"Sebastião Leal"
"27/09/2026";"09:00:12";15;22;"PI";"Piauí";"12076";"São Miguel Do Tapuio";2210409;"São Miguel Do Tapuio"
"27/09/2026";"09:00:12";15;22;"PI";"Piauí";"12084";"Alvorada Do Gurguéia";2200459;"Alvorada Do Gurguéia"
"27/09/2026";"09:00:12";15;22;"PI";"Piauí";"12092";"São Pedro Do Piauí";2210508;"São Pedro Do Piauí"
"27/09/2026";"09:00:12";15;22;"PI";"Piauí";"12106";"Assunção Do Piauí";2201051;"Assunção Do Piauí"
"27/09/2026";"09:00:12";15;22;"PI";"Piauí";"12114";"São Raimundo Nonato";2210607;"São Raimundo Nonato"
"27/09/2026";"09:00:12";15;22;"PI";"Piauí";"12122";"Betânia Do Piauí";2201739;"Betânia Do Piauí"
"27/09/2026";"09:00:12";15;22;"PI";"Piauí";"12130";"Simões";2210706;"Simões"
"27/09/2026";"09:00:12";15;22;"PI";"Piauí";"12149";"Boqueirão Do Piauí";2201945;"Boqueirão Do Piauí"
"27/09/2026";"09:00:12";15;22;"PI";"Piauí";"12157";"Simplício Mendes";2210805;"Simplício Mendes"
"27/09/2026";"09:00:12";15;22;"PI";"Piauí";"12165";"Caridade Do Piauí";2202554;"Caridade Do Piauí"
"27/09/2026";"09:00:12";15;22;"PI";"Piauí";"12173";"Socorro Do Piauí";2210904;"Socorro Do Piauí"
"27/09/2026";"09:00:12";15;22;"PI";"Piauí";"12181";"Curral Novo Do Piauí";2203271;"Curral Novo Do Piauí"
"27/09/2026";"09:00:12";15;22;"PI";"Piauí";"12190";"Teresina";2211001;"Teresina"
"27/09/2026";"09:00:12";15;22;"PI";"Piauí";"12203";"Júlio Borges";2205524;"Júlio Borges"
"27/09/2026";"09:00:12";15;22;"PI";"Piauí";"12211";"União";2211100;"União"
"27/09/2026";"09:00:12";15;22;"PI";"Piauí";"12220";"Lagoa Do Sítio";2205599;"Lagoa Do Sítio"
"27/09/2026";"09:00:12";15;22;"PI";"Piauí";"12238";"Uruçuí";2211209;"Uruçuí"
"27/09/2026";"09:00:12";15;22;"PI";"Piauí";"12246";"Milton Brandão";2206357;"Milton Brandão"
"27/09/2026";"09:00:12";15;22;"PI";"Piauí";"12254";"Valença Do Piauí";2211308;"Valença Do Piauí"
"27/09/2026";"09:00:12";15;22;"PI";"Piauí";"12262";"Pajeú Do Piauí";2207355;"Pajeú Do Piauí"
"27/09/2026";"09:00:12";15;22;"PI";"Piauí";"12270";"Várzea Grande";2211407;"Várzea Grande"
"27/09/2026";"09:00:12";15;22;"PI";"Piauí";"12289";"Pavussu";2207850;"Pavussu"
"27/09/2026";"09:00:12";15;22;"PI";"Piauí";"12297";"Dirceu Arcoverde";2203354;"Dirceu Arcoverde"
"27/09/2026";"09:00:12";15;22;"PI";"Piauí";"12300";"Riacho Frio";2208858;"Riacho Frio"
"27/09/2026";"09:00:12";15;22;"PI";"Piauí";"12319";"Alagoinha Do Piauí";2200251;"Alagoinha Do Piauí"
"27/09/2026";"09:00:12";15;22;"PI";"Piauí";"12327";"Acauã";2200053;"Acauã"
"27/09/2026";"09:00:12";15;22;"PI";"Piauí";"12335";"Belém Do Piauí";2201572;"Belém Do Piauí"
"27/09/2026";"09:00:12";15;22;"PI";"Piauí";"12343";"Cajazeiras Do Piauí";2202075;"Cajazeiras Do Piauí"
"27/09/2026";"09:00:12";15;22;"PI";"Piauí";"12351";"Campo Alegre Do Fidalgo";2202117;"Campo Alegre Do Fidalgo"
"27/09/2026";"09:00:12";15;22;"PI";"Piauí";"12360";"Cocal De Telha";2202711;"Cocal De Telha"
"27/09/2026";"09:00:12";15;22;"PI";"Piauí";"12378";"Francisco Macedo";2204154;"Francisco Macedo"
"27/09/2026";"09:00:12";15;22;"PI";"Piauí";"12386";"João Costa";2205359;"João Costa"
"27/09/2026";"09:00:12";15;22;"PI";"Piauí";"12394";"Jatobá Do Piauí";2205276;"Jatobá Do Piauí"
"27/09/2026";"09:00:12";15;22;"PI";"Piauí";"12408";"Joca Marques";2205458;"Joca Marques"
"27/09/2026";"09:00:12";15;22;"PI";"Piauí";"12416";"Juazeiro Do Piauí";2205516;"Juazeiro Do Piauí"
"27/09/2026";"09:00:12";15;22;"PI";"Piauí";"12424";"Lagoa Do Piauí";2205581;"Lagoa Do Piauí"
"27/09/2026";"09:00:12";15;22;"PI";"Piauí";"12432";"Lagoinha Do Piauí";2205540;"Lagoinha Do Piauí"
"27/09/2026";"09:00:12";15;22;"PI";"Piauí";"12440";"Madeiro";2205854;"Madeiro"
"27/09/2026";"09:00:12";15;22;"PI";"Piauí";"12459";"Morro Do Chapéu Do Piauí";2206670;"Morro Do Chapéu Do Piauí"
"27/09/2026";"09:00:12";15;22;"PI";"Piauí";"12467";"Massapê Do Piauí";2206050;"Massapê Do Piauí"
"27/09/2026";"09:00:12";15;22;"PI";"Piauí";"12475";"Murici Dos Portelas";2206696;"Murici Dos Portelas"
"27/09/2026";"09:00:12";15;22;"PI";"Piauí";"12483";"Olho D'Água Do Piauí";2207108;"Olho D'Água Do Piauí"
"27/09/2026";"09:00:12";15;22;"PI";"Piauí";"12491";"Pedro Laurentino";2207934;"Pedro Laurentino"
"27/09/2026";"09:00:12";15;22;"PI";"Piauí";"12505";"São Francisco De Assis Do Piauí";2209658;"São Francisco De Assis Do Piauí"
"27/09/2026";"09:00:12";15;22;"PI";"Piauí";"12513";"Sussuapara";2210938;"Sussuapara"
"27/09/2026";"09:00:12";15;22;"PI";"Piauí";"12521";"Tanque Do Piauí";2210979;"Tanque Do Piauí"
"27/09/2026";"09:00:12";15;22;"PI";"Piauí";"12530";"Tamboril Do Piauí";2210953;"Tamboril Do Piauí"
"27/09/2026";"09:00:12";15;22;"PI";"Piauí";"12548";"Vila Nova Do Piauí";2211605;"Vila Nova Do Piauí"
"27/09/2026";"09:00:12";15;22;"PI";"Piauí";"12556";"Vera Mendes";2211506;"Vera Mendes"
"27/09/2026";"09:00:12";15;22;"PI";"Piauí";"12564";"Wall Ferraz";2211704;"Wall Ferraz"
"27/09/2026";"09:00:12";15;22;"PI";"Piauí";"12572";"Cajueiro Da Praia";2202083;"Cajueiro Da Praia"
"27/09/2026";"09:00:12";15;22;"PI";"Piauí";"12580";"Curralinhos";2203255;"Curralinhos"
"27/09/2026";"09:00:12";15;22;"PI";"Piauí";"12599";"Porto Alegre Do Piauí";2208551;"Porto Alegre Do Piauí"
"27/09/2026";"09:00:12";15;22;"PI";"Piauí";"12602";"Ribeira Do Piauí";2208874;"Ribeira Do Piauí"
"27/09/2026";"09:00:12";15;22;"PI";"Piauí";"12610";"São Gonçalo Do Gurguéia";2209757;"São Gonçalo Do Gurguéia"
"27/09/2026";"09:00:12";15;22;"PI";"Piauí";"12629";"São Luis Do Piauí";2210375;"São Luis Do Piauí"
"27/09/2026";"09:00:12";15;22;"PI";"Piauí";"12637";"Floresta Do Piauí";2203859;"Floresta Do Piauí"
"27/09/2026";"09:00:12";15;22;"PI";"Piauí";"12653";"Santo Antônio Dos Milagres";2209450;"Santo Antônio Dos Milagres"
"27/09/2026";"09:00:12";15;22;"PI";"Piauí";"12661";"São Miguel Da Baixa Grande";2210383;"São Miguel Da Baixa Grande"
"27/09/2026";"09:00:12";15;22;"PI";"Piauí";"12670";"Caraúbas Do Piauí";2202539;"Caraúbas Do Piauí"
"27/09/2026";"09:00:12";15;22;"PI";"Piauí";"12688";"Caxingó";2202653;"Caxingó"
"27/09/2026";"09:00:12";15;22;"PI";"Piauí";"12696";"Cocal Dos Alves";2202729;"Cocal Dos Alves"
"27/09/2026";"09:00:12";15;22;"PI";"Piauí";"12700";"São Miguel Do Fidalgo";2210391;"São Miguel Do Fidalgo"
"27/09/2026";"09:00:12";15;22;"PI";"Piauí";"12718";"Pau D'Arco Do Piauí";2207793;"Pau D'Arco Do Piauí"
"27/09/2026";"09:00:12";15;22;"PI";"Piauí";"12726";"Nazária";2206720;"Nazária"
"27/09/2026";"09:00:12";15;22;"PI";"Piauí";"12734";"Aroeiras Do Itaim";2200954;"Aroeiras Do Itaim"
"27/09/2026";"09:00:12";6;41;"PR";"Paraná";"74004";"Godoy Moreira";4108551;"Godoy Moreira"
"27/09/2026";"09:00:12";6;41;"PR";"Paraná";"74012";"Abatiá";4100103;"Abatiá"
"27/09/2026";"09:00:12";6;41;"PR";"Paraná";"74020";"Ibema";4109757;"Ibema"
"27/09/2026";"09:00:12";6;41;"PR";"Paraná";"74039";"Adrianópolis";4100202;"Adrianópolis"
"27/09/2026";"09:00:12";6;41;"PR";"Paraná";"74047";"Lindoeste";4113452;"Lindoeste"
"27/09/2026";"09:00:12";6;41;"PR";"Paraná";"74055";"Agudos Do Sul";4100301;"Agudos Do Sul"
"27/09/2026";"09:00:12";6;41;"PR";"Paraná";"74063";"Ouro Verde Do Oeste";4117453;"Ouro Verde Do Oeste"
"27/09/2026";"09:00:12";6;41;"PR";"Paraná";"74071";"Almirante Tamandaré";4100400;"Almirante Tamandaré"
"27/09/2026";"09:00:12";6;41;"PR";"Paraná";"74080";"Santa Tereza Do Oeste";4124020;"Santa Tereza Do Oeste"
"27/09/2026";"09:00:12";6;41;"PR";"Paraná";"74098";"Alto Paraná";4100608;"Alto Paraná"
"27/09/2026";"09:00:12";6;41;"PR";"Paraná";"74101";"Anahy";4101051;"Anahy"
"27/09/2026";"09:00:12";6;41;"PR";"Paraná";"74110";"Alto Piquiri";4100707;"Alto Piquiri"
"27/09/2026";"09:00:12";6;41;"PR";"Paraná";"74128";"Ângulo";4101150;"Ângulo"
"27/09/2026";"09:00:12";6;41;"PR";"Paraná";"74136";"Alvorada Do Sul";4100806;"Alvorada Do Sul"
"27/09/2026";"09:00:12";6;41;"PR";"Paraná";"74144";"Boa Esperança Do Iguaçu";4103024;"Boa Esperança Do Iguaçu"
"27/09/2026";"09:00:12";6;41;"PR";"Paraná";"74152";"Amaporã";4100905;"Amaporã"
"27/09/2026";"09:00:12";6;41;"PR";"Paraná";"74160";"Bom Sucesso Do Sul";4103222;"Bom Sucesso Do Sul"
"27/09/2026";"09:00:12";6;41;"PR";"Paraná";"74179";"Ampére";4101002;"Ampére"
"27/09/2026";"09:00:12";6;41;"PR";"Paraná";"74187";"Brasilândia Do Sul";4103370;"Brasilândia Do Sul"
"27/09/2026";"09:00:12";6;41;"PR";"Paraná";"74195";"Andirá";4101101;"Andirá"
"27/09/2026";"09:00:12";6;41;"PR";"Paraná";"74209";"Cafezal Do Sul";4103479;"Cafezal Do Sul"
"27/09/2026";"09:00:12";6;41;"PR";"Paraná";"74217";"Antonina";4101200;"Antonina"
"27/09/2026";"09:00:12";6;41;"PR";"Paraná";"74225";"Candói";4104428;"Candói"
"27/09/2026";"09:00:12";6;41;"PR";"Paraná";"74233";"Antônio Olinto";4101309;"Antônio Olinto"
"27/09/2026";"09:00:12";6;41;"PR";"Paraná";"74241";"Cruzeiro Do Iguaçu";4106571;"Cruzeiro Do Iguaçu"
"27/09/2026";"09:00:12";6;41;"PR";"Paraná";"74250";"Apucarana";4101408;"Apucarana"
"27/09/2026";"09:00:12";6;41;"PR";"Paraná";"74268";"Diamante Do Sul";4107124;"Diamante Do Sul"
"27/09/2026";"09:00:12";6;41;"PR";"Paraná";"74276";"Arapongas";4101507;"Arapongas"
"27/09/2026";"09:00:12";6;41;"PR";"Paraná";"74284";"Entre Rios Do Oeste";4107538;"Entre Rios Do Oeste"
"27/09/2026";"09:00:12";6;41;"PR";"Paraná";"74292";"Arapoti";4101606;"Arapoti"
"27/09/2026";"09:00:12";6;41;"PR";"Paraná";"74306";"Farol";4107553;"Farol"
"27/09/2026";"09:00:12";6;41;"PR";"Paraná";"74314";"Araruna";4101705;"Araruna"
"27/09/2026";"09:00:12";6;41;"PR";"Paraná";"74322";"Fazenda Rio Grande";4107652;"Fazenda Rio Grande"
"27/09/2026";"09:00:12";6;41;"PR";"Paraná";"74330";"Marilândia Do Sul";4114906;"Marilândia Do Sul"
"27/09/2026";"09:00:12";6;41;"PR";"Paraná";"74349";"Flor Da Serra Do Sul";4107850;"Flor Da Serra Do Sul"
"27/09/2026";"09:00:12";6;41;"PR";"Paraná";"74357";"Araucária";4101804;"Araucária"
"27/09/2026";"09:00:12";6;41;"PR";"Paraná";"74365";"Honório Serpa";4109658;"Honório Serpa"
"27/09/2026";"09:00:12";6;41;"PR";"Paraná";"74373";"Assaí";4101903;"Assaí"
"27/09/2026";"09:00:12";6;41;"PR";"Paraná";"74381";"Iguatu";4110052;"Iguatu"
"27/09/2026";"09:00:12";6;41;"PR";"Paraná";"74390";"Astorga";4102109;"Astorga"
"27/09/2026";"09:00:12";6;41;"PR";"Paraná";"74403";"Iracema Do Oeste";4110656;"Iracema Do Oeste"
"27/09/2026";"09:00:12";6;41;"PR";"Paraná";"74411";"Atalaia";4102208;"Atalaia"
"27/09/2026";"09:00:12";6;41;"PR";"Paraná";"74420";"Novo Itacolomi";4117297;"Novo Itacolomi"
"27/09/2026";"09:00:12";6;41;"PR";"Paraná";"74438";"Balsa Nova";4102307;"Balsa Nova"
"27/09/2026";"09:00:12";6;41;"PR";"Paraná";"74446";"Itaperuçu";4111258;"Itaperuçu"
"27/09/2026";"09:00:12";6;41;"PR";"Paraná";"74454";"Bandeirantes";4102406;"Bandeirantes"
"27/09/2026";"09:00:12";6;41;"PR";"Paraná";"74462";"Ivaté";4111555;"Ivaté"
"27/09/2026";"09:00:12";6;41;"PR";"Paraná";"74470";"Barbosa Ferraz";4102505;"Barbosa Ferraz"
"27/09/2026";"09:00:12";6;41;"PR";"Paraná";"74489";"Lidianópolis";4113429;"Lidianópolis"
"27/09/2026";"09:00:12";6;41;"PR";"Paraná";"74497";"Barracão";4102604;"Barracão"
"27/09/2026";"09:00:12";6;41;"PR";"Paraná";"74500";"Maripá";4115358;"Maripá"
"27/09/2026";"09:00:12";6;41;"PR";"Paraná";"74519";"Barra Do Jacaré";4102703;"Barra Do Jacaré"
"27/09/2026";"09:00:12";6;41;"PR";"Paraná";"74527";"Mato Rico";4115739;"Mato Rico"
"27/09/2026";"09:00:12";6;41;"PR";"Paraná";"74535";"Bela Vista Do Paraíso";4102802;"Bela Vista Do Paraíso"
"27/09/2026";"09:00:12";6;41;"PR";"Paraná";"74543";"Mauá Da Serra";4115754;"Mauá Da Serra"
"27/09/2026";"09:00:12";6;41;"PR";"Paraná";"74551";"Bituruna";4102901;"Bituruna"
"27/09/2026";"09:00:12";6;41;"PR";"Paraná";"74560";"Mercedes";4115853;"Mercedes"
"27/09/2026";"09:00:12";6;41;"PR";"Paraná";"74578";"Boa Esperança";4103008;"Boa Esperança"
"27/09/2026";"09:00:12";6;41;"PR";"Paraná";"74586";"Nova Laranjeiras";4117057;"Nova Laranjeiras"
"27/09/2026";"09:00:12";6;41;"PR";"Paraná";"74594";"Bocaiúva Do Sul";4103107;"Bocaiúva Do Sul"
"27/09/2026";"09:00:12";6;41;"PR";"Paraná";"74608";"Nova Santa Bárbara";4117214;"Nova Santa Bárbara"
"27/09/2026";"09:00:12";6;41;"PR";"Paraná";"74616";"Bom Sucesso";4103206;"Bom Sucesso"
"27/09/2026";"09:00:12";6;41;"PR";"Paraná";"74624";"Pato Bragado";4118451;"Pato Bragado"
"27/09/2026";"09:00:12";6;41;"PR";"Paraná";"74632";"Borrazópolis";4103305;"Borrazópolis"
"27/09/2026";"09:00:12";6;41;"PR";"Paraná";"74640";"Pinhal De São Bento";4119251;"Pinhal De São Bento"
"27/09/2026";"09:00:12";6;41;"PR";"Paraná";"74659";"Cafeara";4103404;"Cafeara"
"27/09/2026";"09:00:12";6;41;"PR";"Paraná";"74667";"Pitangueiras";4119657;"Pitangueiras"
"27/09/2026";"09:00:12";6;41;"PR";"Paraná";"74675";"Califórnia";4103503;"Califórnia"
"27/09/2026";"09:00:12";6;41;"PR";"Paraná";"74683";"Quatro Pontes";4120853;"Quatro Pontes"
"27/09/2026";"09:00:12";6;41;"PR";"Paraná";"74691";"Cambará";4103602;"Cambará"
"27/09/2026";"09:00:12";6;41;"PR";"Paraná";"74705";"Ramilândia";4121257;"Ramilândia"
"27/09/2026";"09:00:12";6;41;"PR";"Paraná";"74713";"Cambé";4103701;"Cambé"
"27/09/2026";"09:00:12";6;41;"PR";"Paraná";"74721";"Rancho Alegre D'Oeste";4121356;"Rancho Alegre D'Oeste"
"27/09/2026";"09:00:12";6;41;"PR";"Paraná";"74730";"Cambira";4103800;"Cambira"
"27/09/2026";"09:00:12";6;41;"PR";"Paraná";"74748";"Rio Bonito Do Iguaçu";4122156;"Rio Bonito Do Iguaçu"
"27/09/2026";"09:00:12";6;41;"PR";"Paraná";"74756";"Campina Da Lagoa";4103909;"Campina Da Lagoa"
"27/09/2026";"09:00:12";6;41;"PR";"Paraná";"74764";"Santa Lúcia";4123824;"Santa Lúcia"
"27/09/2026";"09:00:12";6;41;"PR";"Paraná";"74772";"Campina Grande Do Sul";4104006;"Campina Grande Do Sul"
"27/09/2026";"09:00:12";6;41;"PR";"Paraná";"74780";"Campo Bonito";4104055;"Campo Bonito"
"27/09/2026";"09:00:12";6;41;"PR";"Paraná";"74799";"Campo Do Tenente";4104105;"Campo Do Tenente"
"27/09/2026";"09:00:12";6;41;"PR";"Paraná";"74802";"Santa Maria Do Oeste";4123857;"Santa Maria Do Oeste"
"27/09/2026";"09:00:12";6;41;"PR";"Paraná";"74810";"Campo Largo";4104204;"Campo Largo"
"27/09/2026";"09:00:12";6;41;"PR";"Paraná";"74829";"Santa Mônica";4123956;"Santa Mônica"
"27/09/2026";"09:00:12";6;41;"PR";"Paraná";"74837";"Campo Mourão";4104303;"Campo Mourão"
"27/09/2026";"09:00:12";6;41;"PR";"Paraná";"74845";"São Manoel Do Paraná";4125555;"São Manoel Do Paraná"
"27/09/2026";"09:00:12";6;41;"PR";"Paraná";"74853";"Cândido De Abreu";4104402;"Cândido De Abreu"
"27/09/2026";"09:00:12";6;41;"PR";"Paraná";"74861";"São Pedro Do Iguaçu";4125753;"São Pedro Do Iguaçu"
"27/09/2026";"09:00:12";6;41;"PR";"Paraná";"74870";"Capanema";4104501;"Capanema"
"27/09/2026";"09:00:12";6;41;"PR";"Paraná";"74888";"Tunas Do Paraná";4127882;"Tunas Do Paraná"
"27/09/2026";"09:00:12";6;41;"PR";"Paraná";"74896";"Capitão Leônidas Marques";4104600;"Capitão Leônidas Marques"
"27/09/2026";"09:00:12";6;41;"PR";"Paraná";"74900";"Ventania";4128534;"Ventania"
"27/09/2026";"09:00:12";6;41;"PR";"Paraná";"74918";"Carlópolis";4104709;"Carlópolis"
"27/09/2026";"09:00:12";6;41;"PR";"Paraná";"74926";"Alto Paraíso";4128625;"Alto Paraíso"
"27/09/2026";"09:00:12";6;41;"PR";"Paraná";"74934";"Cascavel";4104808;"Cascavel"
"27/09/2026";"09:00:12";6;41;"PR";"Paraná";"74942";"Doutor Ulysses";4128633;"Doutor Ulysses"
"27/09/2026";"09:00:12";6;41;"PR";"Paraná";"74950";"Castro";4104907;"Castro"
"27/09/2026";"09:00:12";6;41;"PR";"Paraná";"74969";"Virmond";4128658;"Virmond"
"27/09/2026";"09:00:12";6;41;"PR";"Paraná";"74977";"Catanduvas";4105003;"Catanduvas"
"27/09/2026";"09:00:12";6;41;"PR";"Paraná";"74985";"Laranjal";4113254;"Laranjal"
"27/09/2026";"09:00:12";6;41;"PR";"Paraná";"74993";"Centenário Do Sul";4105102;"Centenário Do Sul"
"27/09/2026";"09:00:12";6;41;"PR";"Paraná";"75000";"Itaipulândia";4110953;"Itaipulândia"
"27/09/2026";"09:00:12";6;41;"PR";"Paraná";"75019";"Cerro Azul";4105201;"Cerro Azul"
"27/09/2026";"09:00:12";6;41;"PR";"Paraná";"75027";"Nova Esperança Do Sudoeste";4116950;"Nova Esperança Do Sudoeste"
"27/09/2026";"09:00:12";6;41;"PR";"Paraná";"75035";"Chopinzinho";4105409;"Chopinzinho"
"27/09/2026";"09:00:12";6;41;"PR";"Paraná";"75043";"Pinhais";4119152;"Pinhais"
"27/09/2026";"09:00:12";6;41;"PR";"Paraná";"75051";"Cianorte";4105508;"Cianorte"
"27/09/2026";"09:00:12";6;41;"PR";"Paraná";"75060";"Saudade Do Iguaçu";4126272;"Saudade Do Iguaçu"
"27/09/2026";"09:00:12";6;41;"PR";"Paraná";"75078";"Cidade Gaúcha";4105607;"Cidade Gaúcha"
"27/09/2026";"09:00:12";6;41;"PR";"Paraná";"75086";"Ariranha Do Ivaí";4101853;"Ariranha Do Ivaí"
"27/09/2026";"09:00:12";6;41;"PR";"Paraná";"75094";"Clevelândia";4105706;"Clevelândia"
"27/09/2026";"09:00:12";6;41;"PR";"Paraná";"75108";"Arapuã";4101655;"Arapuã"
"27/09/2026";"09:00:12";6;41;"PR";"Paraná";"75116";"Mangueirinha";4114401;"Mangueirinha"
"27/09/2026";"09:00:12";6;41;"PR";"Paraná";"75124";"Bela Vista Da Caroba";4102752;"Bela Vista Da Caroba"
"27/09/2026";"09:00:12";6;41;"PR";"Paraná";"75132";"Colombo";4105805;"Colombo"
"27/09/2026";"09:00:12";6;41;"PR";"Paraná";"75140";"Boa Ventura De São Roque";4103040;"Boa Ventura De São Roque"
"27/09/2026";"09:00:12";6;41;"PR";"Paraná";"75159";"Colorado";4105904;"Colorado"
"27/09/2026";"09:00:12";6;41;"PR";"Paraná";"75167";"Bom Jesus Do Sul";4103156;"Bom Jesus Do Sul"
"27/09/2026";"09:00:12";6;41;"PR";"Paraná";"75175";"Congonhinhas";4106001;"Congonhinhas"
"27/09/2026";"09:00:12";6;41;"PR";"Paraná";"75183";"Campina Do Simão";4103958;"Campina Do Simão"
"27/09/2026";"09:00:12";6;41;"PR";"Paraná";"75191";"Conselheiro Mairinck";4106100;"Conselheiro Mairinck"
"27/09/2026";"09:00:12";6;41;"PR";"Paraná";"75205";"Campo Magro";4104253;"Campo Magro"
"27/09/2026";"09:00:12";6;41;"PR";"Paraná";"75213";"Contenda";4106209;"Contenda"
"27/09/2026";"09:00:12";6;41;"PR";"Paraná";"75221";"Carambeí";4104659;"Carambeí"
"27/09/2026";"09:00:12";6;41;"PR";"Paraná";"75230";"Corbélia";4106308;"Corbélia"
"27/09/2026";"09:00:12";6;41;"PR";"Paraná";"75248";"Coronel Domingos Soares";4106456;"Coronel Domingos Soares"
"27/09/2026";"09:00:12";6;41;"PR";"Paraná";"75256";"Cornélio Procópio";4106407;"Cornélio Procópio"
"27/09/2026";"09:00:12";6;41;"PR";"Paraná";"75264";"Cruzmaltina";4106852;"Cruzmaltina"
"27/09/2026";"09:00:12";6;41;"PR";"Paraná";"75272";"Coronel Vivida";4106506;"Coronel Vivida"
"27/09/2026";"09:00:12";6;41;"PR";"Paraná";"75280";"Corumbataí Do Sul";4106555;"Corumbataí Do Sul"
"27/09/2026";"09:00:12";6;41;"PR";"Paraná";"75299";"Cruzeiro Do Oeste";4106605;"Cruzeiro Do Oeste"
"27/09/2026";"09:00:12";6;41;"PR";"Paraná";"75302";"Esperança Nova";4107520;"Esperança Nova"
"27/09/2026";"09:00:12";6;41;"PR";"Paraná";"75310";"Cruzeiro Do Sul";4106704;"Cruzeiro Do Sul"
"27/09/2026";"09:00:12";6;41;"PR";"Paraná";"75329";"Espigão Alto Do Iguaçu";4107546;"Espigão Alto Do Iguaçu"
"27/09/2026";"09:00:12";6;41;"PR";"Paraná";"75337";"Cruz Machado";4106803;"Cruz Machado"
"27/09/2026";"09:00:12";6;41;"PR";"Paraná";"75345";"Fernandes Pinheiro";4107736;"Fernandes Pinheiro"
"27/09/2026";"09:00:12";6;41;"PR";"Paraná";"75353";"Curitiba";4106902;"Curitiba"
"27/09/2026";"09:00:12";6;41;"PR";"Paraná";"75361";"Foz Do Jordão";4108452;"Foz Do Jordão"
"27/09/2026";"09:00:12";6;41;"PR";"Paraná";"75370";"Curiúva";4107009;"Curiúva"
"27/09/2026";"09:00:12";6;41;"PR";"Paraná";"75388";"Goioxim";4108650;"Goioxim"
"27/09/2026";"09:00:12";6;41;"PR";"Paraná";"75396";"Diamante Do Norte";4107108;"Diamante Do Norte"
"27/09/2026";"09:00:12";6;41;"PR";"Paraná";"75400";"Diamante D'Oeste";4107157;"Diamante D'Oeste"
"27/09/2026";"09:00:12";6;41;"PR";"Paraná";"75418";"Dois Vizinhos";4107207;"Dois Vizinhos"
"27/09/2026";"09:00:12";6;41;"PR";"Paraná";"75426";"Guamiranga";4108957;"Guamiranga"
"27/09/2026";"09:00:12";6;41;"PR";"Paraná";"75434";"Doutor Camargo";4107306;"Doutor Camargo"
"27/09/2026";"09:00:12";6;41;"PR";"Paraná";"75442";"Imbaú";4110078;"Imbaú"
"27/09/2026";"09:00:12";6;41;"PR";"Paraná";"75450";"Enéas Marques";4107405;"Enéas Marques"
"27/09/2026";"09:00:12";6;41;"PR";"Paraná";"75469";"Manfrinópolis";4114351;"Manfrinópolis"
"27/09/2026";"09:00:12";6;41;"PR";"Paraná";"75477";"Engenheiro Beltrão";4107504;"Engenheiro Beltrão"
"27/09/2026";"09:00:12";6;41;"PR";"Paraná";"75485";"Marquinho";4115457;"Marquinho"
"27/09/2026";"09:00:12";6;41;"PR";"Paraná";"75493";"Faxinal";4107603;"Faxinal"
"27/09/2026";"09:00:12";6;41;"PR";"Paraná";"75507";"Perobal";4118857;"Perobal"
"27/09/2026";"09:00:12";6;41;"PR";"Paraná";"75515";"Fênix";4107702;"Fênix"
"27/09/2026";"09:00:12";6;41;"PR";"Paraná";"75523";"Pontal Do Paraná";4119954;"Pontal Do Paraná"
"27/09/2026";"09:00:12";6;41;"PR";"Paraná";"75531";"Floraí";4107801;"Floraí"
"27/09/2026";"09:00:12";6;41;"PR";"Paraná";"75540";"Porto Barreiro";4120150;"Porto Barreiro"
"27/09/2026";"09:00:12";6;41;"PR";"Paraná";"75558";"Floresta";4107900;"Floresta"
"27/09/2026";"09:00:12";6;41;"PR";"Paraná";"75566";"Prado Ferreira";4120333;"Prado Ferreira"
"27/09/2026";"09:00:12";6;41;"PR";"Paraná";"75574";"Florestópolis";4108007;"Florestópolis"
"27/09/2026";"09:00:12";6;41;"PR";"Paraná";"75582";"Quarto Centenário";4120655;"Quarto Centenário"
"27/09/2026";"09:00:12";6;41;"PR";"Paraná";"75590";"Flórida";4108106;"Flórida"
"27/09/2026";"09:00:12";6;41;"PR";"Paraná";"75604";"Reserva Do Iguaçu";4121752;"Reserva Do Iguaçu"
"27/09/2026";"09:00:12";6;41;"PR";"Paraná";"75612";"Formosa Do Oeste";4108205;"Formosa Do Oeste"
"27/09/2026";"09:00:12";6;41;"PR";"Paraná";"75620";"Rio Branco Do Ivaí";4122172;"Rio Branco Do Ivaí"
"27/09/2026";"09:00:12";6;41;"PR";"Paraná";"75639";"Foz Do Iguaçu";4108304;"Foz Do Iguaçu"
"27/09/2026";"09:00:12";6;41;"PR";"Paraná";"75647";"Serranópolis Do Iguaçu";4126355;"Serranópolis Do Iguaçu"
"27/09/2026";"09:00:12";6;41;"PR";"Paraná";"75655";"Francisco Beltrão";4108403;"Francisco Beltrão"
"27/09/2026";"09:00:12";6;41;"PR";"Paraná";"75663";"Tamarana";4126678;"Tamarana"
"27/09/2026";"09:00:12";6;41;"PR";"Paraná";"75671";"General Carneiro";4108502;"General Carneiro"
"27/09/2026";"09:00:12";6;41;"PR";"Paraná";"75698";"Goioerê";4108601;"Goioerê"
"27/09/2026";"09:00:12";6;41;"PR";"Paraná";"75710";"Guaíra";4108809;"Guaíra"
"27/09/2026";"09:00:12";6;41;"PR";"Paraná";"75736";"Guairaçá";4108908;"Guairaçá"
"27/09/2026";"09:00:12";6;41;"PR";"Paraná";"75744";"Rosário Do Ivaí";4122651;"Rosário Do Ivaí"
"27/09/2026";"09:00:12";6;41;"PR";"Paraná";"75752";"Guapirama";4109005;"Guapirama"
"27/09/2026";"09:00:12";6;41;"PR";"Paraná";"75760";"Nova Tebas";4117271;"Nova Tebas"
"27/09/2026";"09:00:12";6;41;"PR";"Paraná";"75779";"Guaporema";4109104;"Guaporema"
"27/09/2026";"09:00:12";6;41;"PR";"Paraná";"75787";"Sulina";4126652;"Sulina"
"27/09/2026";"09:00:12";6;41;"PR";"Paraná";"75795";"Guaraci";4109203;"Guaraci"
"27/09/2026";"09:00:12";6;41;"PR";"Paraná";"75809";"Luiziana";4113734;"Luiziana"
"27/09/2026";"09:00:12";6;41;"PR";"Paraná";"75817";"Guaraniaçu";4109302;"Guaraniaçu"
"27/09/2026";"09:00:12";6;41;"PR";"Paraná";"75833";"Guarapuava";4109401;"Guarapuava"
"27/09/2026";"09:00:12";6;41;"PR";"Paraná";"75850";"Guaraqueçaba";4109500;"Guaraqueçaba"
"27/09/2026";"09:00:12";6;41;"PR";"Paraná";"75876";"Guaratuba";4109609;"Guaratuba"
"27/09/2026";"09:00:12";6;41;"PR";"Paraná";"75892";"Ibaiti";4109708;"Ibaiti"
"27/09/2026";"09:00:12";6;41;"PR";"Paraná";"75914";"Ibiporã";4109807;"Ibiporã"
"27/09/2026";"09:00:12";6;41;"PR";"Paraná";"75930";"Icaraíma";4109906;"Icaraíma"
"27/09/2026";"09:00:12";6;41;"PR";"Paraná";"75957";"Iguaraçu";4110003;"Iguaraçu"
"27/09/2026";"09:00:12";6;41;"PR";"Paraná";"75973";"Imbituva";4110102;"Imbituva"
"27/09/2026";"09:00:12";6;41;"PR";"Paraná";"75990";"Inácio Martins";4110201;"Inácio Martins"
"27/09/2026";"09:00:12";6;41;"PR";"Paraná";"76015";"Inajá";4110300;"Inajá"
"27/09/2026";"09:00:12";6;41;"PR";"Paraná";"76031";"Ipiranga";4110508;"Ipiranga"
"27/09/2026";"09:00:12";6;41;"PR";"Paraná";"76058";"Iporã";4110607;"Iporã"
"27/09/2026";"09:00:12";6;41;"PR";"Paraná";"76074";"Irati";4110706;"Irati"
"27/09/2026";"09:00:12";6;41;"PR";"Paraná";"76090";"Iretama";4110805;"Iretama"
"27/09/2026";"09:00:12";6;41;"PR";"Paraná";"76112";"Itaguajé";4110904;"Itaguajé"
"27/09/2026";"09:00:12";6;41;"PR";"Paraná";"76139";"Itambaracá";4111001;"Itambaracá"
"27/09/2026";"09:00:12";6;41;"PR";"Paraná";"76155";"Itambé";4111100;"Itambé"
"27/09/2026";"09:00:12";6;41;"PR";"Paraná";"76171";"Itapejara D'Oeste";4111209;"Itapejara D'Oeste"
"27/09/2026";"09:00:12";6;41;"PR";"Paraná";"76198";"Itaúna Do Sul";4111308;"Itaúna Do Sul"
"27/09/2026";"09:00:12";6;41;"PR";"Paraná";"76210";"Ivaí";4111407;"Ivaí"
"27/09/2026";"09:00:12";6;41;"PR";"Paraná";"76236";"Ivaiporã";4111506;"Ivaiporã"
"27/09/2026";"09:00:12";6;41;"PR";"Paraná";"76252";"Ivatuba";4111605;"Ivatuba"
"27/09/2026";"09:00:12";6;41;"PR";"Paraná";"76279";"Jaboti";4111704;"Jaboti"
"27/09/2026";"09:00:12";6;41;"PR";"Paraná";"76295";"Jacarezinho";4111803;"Jacarezinho"
"27/09/2026";"09:00:12";6;41;"PR";"Paraná";"76317";"Jaguapitã";4111902;"Jaguapitã"
"27/09/2026";"09:00:12";6;41;"PR";"Paraná";"76333";"Jaguariaíva";4112009;"Jaguariaíva"
"27/09/2026";"09:00:12";6;41;"PR";"Paraná";"76350";"Jandaia Do Sul";4112108;"Jandaia Do Sul"
"27/09/2026";"09:00:12";6;41;"PR";"Paraná";"76376";"Janiópolis";4112207;"Janiópolis"
"27/09/2026";"09:00:12";6;41;"PR";"Paraná";"76392";"Japira";4112306;"Japira"
"27/09/2026";"09:00:12";6;41;"PR";"Paraná";"76414";"Japurá";4112405;"Japurá"
"27/09/2026";"09:00:12";6;41;"PR";"Paraná";"76430";"Jardim Alegre";4112504;"Jardim Alegre"
"27/09/2026";"09:00:12";6;41;"PR";"Paraná";"76457";"Jardim Olinda";4112603;"Jardim Olinda"
"27/09/2026";"09:00:12";6;41;"PR";"Paraná";"76473";"Jataizinho";4112702;"Jataizinho"
"27/09/2026";"09:00:12";6;41;"PR";"Paraná";"76490";"Joaquim Távora";4112801;"Joaquim Távora"
"27/09/2026";"09:00:12";6;41;"PR";"Paraná";"76511";"Jundiaí Do Sul";4112900;"Jundiaí Do Sul"
"27/09/2026";"09:00:12";6;41;"PR";"Paraná";"76538";"Jussara";4113007;"Jussara"
"27/09/2026";"09:00:12";6;41;"PR";"Paraná";"76554";"Kaloré";4113106;"Kaloré"
"27/09/2026";"09:00:12";6;41;"PR";"Paraná";"76570";"Lapa";4113205;"Lapa"
"27/09/2026";"09:00:12";6;41;"PR";"Paraná";"76597";"Laranjeiras Do Sul";4113304;"Laranjeiras Do Sul"
"27/09/2026";"09:00:12";6;41;"PR";"Paraná";"76619";"Leópolis";4113403;"Leópolis"
"27/09/2026";"09:00:12";6;41;"PR";"Paraná";"76635";"Loanda";4113502;"Loanda"
"27/09/2026";"09:00:12";6;41;"PR";"Paraná";"76651";"Lobato";4113601;"Lobato"
"27/09/2026";"09:00:12";6;41;"PR";"Paraná";"76678";"Londrina";4113700;"Londrina"
"27/09/2026";"09:00:12";6;41;"PR";"Paraná";"76694";"Lupionópolis";4113809;"Lupionópolis"
"27/09/2026";"09:00:12";6;41;"PR";"Paraná";"76716";"Mallet";4113908;"Mallet"
"27/09/2026";"09:00:12";6;41;"PR";"Paraná";"76732";"Mamborê";4114005;"Mamborê"
"27/09/2026";"09:00:12";6;41;"PR";"Paraná";"76759";"Mandaguaçu";4114104;"Mandaguaçu"
"27/09/2026";"09:00:12";6;41;"PR";"Paraná";"76775";"Mandaguari";4114203;"Mandaguari"
"27/09/2026";"09:00:12";6;41;"PR";"Paraná";"76791";"Mandirituba";4114302;"Mandirituba"
"27/09/2026";"09:00:12";6;41;"PR";"Paraná";"76813";"Manoel Ribas";4114500;"Manoel Ribas"
"27/09/2026";"09:00:12";6;41;"PR";"Paraná";"76830";"Marechal Cândido Rondon";4114609;"Marechal Cândido Rondon"
"27/09/2026";"09:00:12";6;41;"PR";"Paraná";"76856";"Maria Helena";4114708;"Maria Helena"
"27/09/2026";"09:00:12";6;41;"PR";"Paraná";"76872";"Marialva";4114807;"Marialva"
"27/09/2026";"09:00:12";6;41;"PR";"Paraná";"76899";"Mariluz";4115101;"Mariluz"
"27/09/2026";"09:00:12";6;41;"PR";"Paraná";"76910";"Maringá";4115200;"Maringá"
"27/09/2026";"09:00:12";6;41;"PR";"Paraná";"76937";"Mariópolis";4115309;"Mariópolis"
"27/09/2026";"09:00:12";6;41;"PR";"Paraná";"76953";"Marmeleiro";4115408;"Marmeleiro"
"27/09/2026";"09:00:12";6;41;"PR";"Paraná";"76970";"Marumbi";4115507;"Marumbi"
"27/09/2026";"09:00:12";6;41;"PR";"Paraná";"76996";"Matelândia";4115606;"Matelândia"
"27/09/2026";"09:00:12";6;41;"PR";"Paraná";"77011";"Medianeira";4115804;"Medianeira"
"27/09/2026";"09:00:12";6;41;"PR";"Paraná";"77038";"Mirador";4115903;"Mirador"
"27/09/2026";"09:00:12";6;41;"PR";"Paraná";"77054";"Miraselva";4116000;"Miraselva"
"27/09/2026";"09:00:12";6;41;"PR";"Paraná";"77070";"Moreira Sales";4116109;"Moreira Sales"
"27/09/2026";"09:00:12";6;41;"PR";"Paraná";"77097";"Morretes";4116208;"Morretes"
"27/09/2026";"09:00:12";6;41;"PR";"Paraná";"77119";"Munhoz De Mello";4116307;"Munhoz De Melo"
"27/09/2026";"09:00:12";6;41;"PR";"Paraná";"77135";"Nossa Senhora Das Graças";4116406;"Nossa Senhora Das Graças"
"27/09/2026";"09:00:12";6;41;"PR";"Paraná";"77151";"Nova Aliança Do Ivaí";4116505;"Nova Aliança Do Ivaí"
"27/09/2026";"09:00:12";6;41;"PR";"Paraná";"77178";"Nova América Da Colina";4116604;"Nova América Da Colina"
"27/09/2026";"09:00:12";6;41;"PR";"Paraná";"77194";"Nova Cantu";4116802;"Nova Cantu"
"27/09/2026";"09:00:12";6;41;"PR";"Paraná";"77216";"Nova Esperança";4116901;"Nova Esperança"
"27/09/2026";"09:00:12";6;41;"PR";"Paraná";"77232";"Nova Fátima";4117008;"Nova Fátima"
"27/09/2026";"09:00:12";6;41;"PR";"Paraná";"77259";"Nova Londrina";4117107;"Nova Londrina"
"27/09/2026";"09:00:12";6;41;"PR";"Paraná";"77275";"Ortigueira";4117305;"Ortigueira"
"27/09/2026";"09:00:12";6;41;"PR";"Paraná";"77291";"Ourizona";4117404;"Ourizona"
"27/09/2026";"09:00:12";6;41;"PR";"Paraná";"77313";"Paiçandu";4117503;"Paiçandu"
"27/09/2026";"09:00:12";6;41;"PR";"Paraná";"77330";"Palmas";4117602;"Palmas"
"27/09/2026";"09:00:12";6;41;"PR";"Paraná";"77356";"Palmeira";4117701;"Palmeira"
"27/09/2026";"09:00:12";6;41;"PR";"Paraná";"77372";"Palmital";4117800;"Palmital"
"27/09/2026";"09:00:12";6;41;"PR";"Paraná";"77399";"Palotina";4117909;"Palotina"
"27/09/2026";"09:00:12";6;41;"PR";"Paraná";"77410";"Paraíso Do Norte";4118006;"Paraíso Do Norte"
"27/09/2026";"09:00:12";6;41;"PR";"Paraná";"77437";"Paranacity";4118105;"Paranacity"
"27/09/2026";"09:00:12";6;41;"PR";"Paraná";"77453";"Paranaguá";4118204;"Paranaguá"
"27/09/2026";"09:00:12";6;41;"PR";"Paraná";"77470";"Paranapoema";4118303;"Paranapoema"
"27/09/2026";"09:00:12";6;41;"PR";"Paraná";"77496";"Paranavaí";4118402;"Paranavaí"
"27/09/2026";"09:00:12";6;41;"PR";"Paraná";"77518";"Pato Branco";4118501;"Pato Branco"
"27/09/2026";"09:00:12";6;41;"PR";"Paraná";"77534";"Paula Freitas";4118600;"Paula Freitas"
"27/09/2026";"09:00:12";6;41;"PR";"Paraná";"77550";"Paulo Frontin";4118709;"Paulo Frontin"
"27/09/2026";"09:00:12";6;41;"PR";"Paraná";"77577";"Peabiru";4118808;"Peabiru"
"27/09/2026";"09:00:12";6;41;"PR";"Paraná";"77593";"Pérola D'Oeste";4119004;"Pérola D'Oeste"
"27/09/2026";"09:00:12";6;41;"PR";"Paraná";"77615";"Piên";4119103;"Piên"
"27/09/2026";"09:00:12";6;41;"PR";"Paraná";"77631";"Pinhalão";4119202;"Pinhalão"
"27/09/2026";"09:00:12";6;41;"PR";"Paraná";"77658";"Pinhão";4119301;"Pinhão"
"27/09/2026";"09:00:12";6;41;"PR";"Paraná";"77674";"Piraí Do Sul";4119400;"Piraí Do Sul"
"27/09/2026";"09:00:12";6;41;"PR";"Paraná";"77690";"Piraquara";4119509;"Piraquara"
"27/09/2026";"09:00:12";6;41;"PR";"Paraná";"77712";"Pitanga";4119608;"Pitanga"
"27/09/2026";"09:00:12";6;41;"PR";"Paraná";"77739";"Planaltina Do Paraná";4119707;"Planaltina Do Paraná"
"27/09/2026";"09:00:12";6;41;"PR";"Paraná";"77755";"Planalto";4119806;"Planalto"
"27/09/2026";"09:00:12";6;41;"PR";"Paraná";"77771";"Ponta Grossa";4119905;"Ponta Grossa"
"27/09/2026";"09:00:12";6;41;"PR";"Paraná";"77798";"Porecatu";4120002;"Porecatu"
"27/09/2026";"09:00:12";6;41;"PR";"Paraná";"77810";"Porto Amazonas";4120101;"Porto Amazonas"
"27/09/2026";"09:00:12";6;41;"PR";"Paraná";"77836";"Porto Rico";4120200;"Porto Rico"
"27/09/2026";"09:00:12";6;41;"PR";"Paraná";"77852";"Porto Vitória";4120309;"Porto Vitória"
"27/09/2026";"09:00:12";6;41;"PR";"Paraná";"77879";"Presidente Castelo Branco";4120408;"Presidente Castelo Branco"
"27/09/2026";"09:00:12";6;41;"PR";"Paraná";"77895";"Primeiro De Maio";4120507;"Primeiro De Maio"
"27/09/2026";"09:00:12";6;41;"PR";"Paraná";"77917";"Prudentópolis";4120606;"Prudentópolis"
"27/09/2026";"09:00:12";6;41;"PR";"Paraná";"77933";"Quatiguá";4120705;"Quatiguá"
"27/09/2026";"09:00:12";6;41;"PR";"Paraná";"77950";"Quatro Barras";4120804;"Quatro Barras"
"27/09/2026";"09:00:12";6;41;"PR";"Paraná";"77976";"Querência Do Norte";4121000;"Querência Do Norte"
"27/09/2026";"09:00:12";6;41;"PR";"Paraná";"77992";"Quinta Do Sol";4121109;"Quinta Do Sol"
"27/09/2026";"09:00:12";6;41;"PR";"Paraná";"78018";"Quitandinha";4121208;"Quitandinha"
"27/09/2026";"09:00:12";6;41;"PR";"Paraná";"78034";"Rancho Alegre";4121307;"Rancho Alegre"
"27/09/2026";"09:00:12";6;41;"PR";"Paraná";"78050";"Realeza";4121406;"Realeza"
"27/09/2026";"09:00:12";6;41;"PR";"Paraná";"78077";"Rebouças";4121505;"Rebouças"
"27/09/2026";"09:00:12";6;41;"PR";"Paraná";"78093";"Renascença";4121604;"Renascença"
"27/09/2026";"09:00:12";6;41;"PR";"Paraná";"78115";"Reserva";4121703;"Reserva"
"27/09/2026";"09:00:12";6;41;"PR";"Paraná";"78131";"Ribeirão Claro";4121802;"Ribeirão Claro"
"27/09/2026";"09:00:12";6;41;"PR";"Paraná";"78158";"Ribeirão Do Pinhal";4121901;"Ribeirão Do Pinhal"
"27/09/2026";"09:00:12";6;41;"PR";"Paraná";"78174";"Rio Azul";4122008;"Rio Azul"
"27/09/2026";"09:00:12";6;41;"PR";"Paraná";"78190";"Rio Bom";4122107;"Rio Bom"
"27/09/2026";"09:00:12";6;41;"PR";"Paraná";"78212";"Rio Branco Do Sul";4122206;"Rio Branco Do Sul"
"27/09/2026";"09:00:12";6;41;"PR";"Paraná";"78239";"Rio Negro";4122305;"Rio Negro"
"27/09/2026";"09:00:12";6;41;"PR";"Paraná";"78255";"Rolândia";4122404;"Rolândia"
"27/09/2026";"09:00:12";6;41;"PR";"Paraná";"78271";"Roncador";4122503;"Roncador"
"27/09/2026";"09:00:12";6;41;"PR";"Paraná";"78298";"Rondon";4122602;"Rondon"
"27/09/2026";"09:00:12";6;41;"PR";"Paraná";"78310";"Sabáudia";4122701;"Sabáudia"
"27/09/2026";"09:00:12";6;41;"PR";"Paraná";"78336";"Salgado Filho";4122800;"Salgado Filho"
"27/09/2026";"09:00:12";6;41;"PR";"Paraná";"78352";"Salto Do Itararé";4122909;"Salto Do Itararé"
"27/09/2026";"09:00:12";6;41;"PR";"Paraná";"78379";"Salto Do Lontra";4123006;"Salto Do Lontra"
"27/09/2026";"09:00:12";6;41;"PR";"Paraná";"78395";"Santa Amélia";4123105;"Santa Amélia"
"27/09/2026";"09:00:12";6;41;"PR";"Paraná";"78417";"Santa Cecília Do Pavão";4123204;"Santa Cecília Do Pavão"
"27/09/2026";"09:00:12";6;41;"PR";"Paraná";"78433";"Santa Cruz De Monte Castelo";4123303;"Santa Cruz De Monte Castelo"
"27/09/2026";"09:00:12";6;41;"PR";"Paraná";"78450";"Santa Fé";4123402;"Santa Fé"
"27/09/2026";"09:00:12";6;41;"PR";"Paraná";"78476";"Santa Inês";4123600;"Santa Inês"
"27/09/2026";"09:00:12";6;41;"PR";"Paraná";"78492";"Santa Isabel Do Ivaí";4123709;"Santa Isabel Do Ivaí"
"27/09/2026";"09:00:12";6;41;"PR";"Paraná";"78514";"Santa Izabel Do Oeste";4123808;"Santa Izabel Do Oeste"
"27/09/2026";"09:00:12";6;41;"PR";"Paraná";"78530";"Santa Mariana";4123907;"Santa Mariana"
"27/09/2026";"09:00:12";6;41;"PR";"Paraná";"78557";"Santana Do Itararé";4124004;"Santana Do Itararé"
"27/09/2026";"09:00:12";6;41;"PR";"Paraná";"78573";"Santo Antônio Do Sudoeste";4124400;"Santo Antônio Do Sudoeste"
"27/09/2026";"09:00:12";6;41;"PR";"Paraná";"78590";"Santo Antônio Da Platina";4124103;"Santo Antônio Da Platina"
"27/09/2026";"09:00:12";6;41;"PR";"Paraná";"78611";"Santo Antônio Do Caiuá";4124202;"Santo Antônio Do Caiuá"
"27/09/2026";"09:00:12";6;41;"PR";"Paraná";"78638";"Santo Antônio Do Paraíso";4124301;"Santo Antônio Do Paraíso"
"27/09/2026";"09:00:12";6;41;"PR";"Paraná";"78654";"Santo Inácio";4124509;"Santo Inácio"
"27/09/2026";"09:00:12";6;41;"PR";"Paraná";"78670";"São Carlos Do Ivaí";4124608;"São Carlos Do Ivaí"
"27/09/2026";"09:00:12";6;41;"PR";"Paraná";"78697";"São Jerônimo Da Serra";4124707;"São Jerônimo Da Serra"
"27/09/2026";"09:00:12";6;41;"PR";"Paraná";"78719";"São João";4124806;"São João"
"27/09/2026";"09:00:12";6;41;"PR";"Paraná";"78735";"São João Do Caiuá";4124905;"São João Do Caiuá"
"27/09/2026";"09:00:12";6;41;"PR";"Paraná";"78751";"São João Do Ivaí";4125001;"São João Do Ivaí"
"27/09/2026";"09:00:12";6;41;"PR";"Paraná";"78778";"São João Do Triunfo";4125100;"São João Do Triunfo"
"27/09/2026";"09:00:12";6;41;"PR";"Paraná";"78794";"São Jorge Do Ivaí";4125308;"São Jorge Do Ivaí"
"27/09/2026";"09:00:12";6;41;"PR";"Paraná";"78816";"São Jorge D'Oeste";4125209;"São Jorge D'Oeste"
"27/09/2026";"09:00:12";6;41;"PR";"Paraná";"78832";"São José Da Boa Vista";4125407;"São José Da Boa Vista"
"27/09/2026";"09:00:12";6;41;"PR";"Paraná";"78859";"São José Dos Pinhais";4125506;"São José Dos Pinhais"
"27/09/2026";"09:00:12";6;41;"PR";"Paraná";"78875";"São Mateus Do Sul";4125605;"São Mateus Do Sul"
"27/09/2026";"09:00:12";6;41;"PR";"Paraná";"78891";"São Miguel Do Iguaçu";4125704;"São Miguel Do Iguaçu"
"27/09/2026";"09:00:12";6;41;"PR";"Paraná";"78913";"São Pedro Do Ivaí";4125803;"São Pedro Do Ivaí"
"27/09/2026";"09:00:12";6;41;"PR";"Paraná";"78930";"São Pedro Do Paraná";4125902;"São Pedro Do Paraná"
"27/09/2026";"09:00:12";6;41;"PR";"Paraná";"78956";"São Sebastião Da Amoreira";4126009;"São Sebastião Da Amoreira"
"27/09/2026";"09:00:12";6;41;"PR";"Paraná";"78972";"São Tomé";4126108;"São Tomé"
"27/09/2026";"09:00:12";6;41;"PR";"Paraná";"78999";"Sapopema";4126207;"Sapopema"
"27/09/2026";"09:00:12";6;41;"PR";"Paraná";"79014";"Sengés";4126306;"Sengés"
"27/09/2026";"09:00:12";6;41;"PR";"Paraná";"79030";"Sertaneja";4126405;"Sertaneja"
"27/09/2026";"09:00:12";6;41;"PR";"Paraná";"79057";"Sertanópolis";4126504;"Sertanópolis"
"27/09/2026";"09:00:12";6;41;"PR";"Paraná";"79073";"Siqueira Campos";4126603;"Siqueira Campos"
"27/09/2026";"09:00:12";6;41;"PR";"Paraná";"79090";"Tamboara";4126702;"Tamboara"
"27/09/2026";"09:00:12";6;41;"PR";"Paraná";"79111";"Tapejara";4126801;"Tapejara"
"27/09/2026";"09:00:12";6;41;"PR";"Paraná";"79138";"Teixeira Soares";4127007;"Teixeira Soares"
"27/09/2026";"09:00:12";6;41;"PR";"Paraná";"79154";"Telêmaco Borba";4127106;"Telêmaco Borba"
"27/09/2026";"09:00:12";6;41;"PR";"Paraná";"79170";"Terra Boa";4127205;"Terra Boa"
"27/09/2026";"09:00:12";6;41;"PR";"Paraná";"79197";"Terra Rica";4127304;"Terra Rica"
"27/09/2026";"09:00:12";6;41;"PR";"Paraná";"79219";"Terra Roxa";4127403;"Terra Roxa"
"27/09/2026";"09:00:12";6;41;"PR";"Paraná";"79235";"Tibagi";4127502;"Tibagi"
"27/09/2026";"09:00:12";6;41;"PR";"Paraná";"79251";"Tijucas Do Sul";4127601;"Tijucas Do Sul"
"27/09/2026";"09:00:12";6;41;"PR";"Paraná";"79278";"Toledo";4127700;"Toledo"
"27/09/2026";"09:00:12";6;41;"PR";"Paraná";"79294";"Tomazina";4127809;"Tomazina"
"27/09/2026";"09:00:12";6;41;"PR";"Paraná";"79316";"Tuneiras Do Oeste";4127908;"Tuneiras Do Oeste"
"27/09/2026";"09:00:12";6;41;"PR";"Paraná";"79332";"Ubiratã";4128005;"Ubiratã"
"27/09/2026";"09:00:12";6;41;"PR";"Paraná";"79359";"Umuarama";4128104;"Umuarama"
"27/09/2026";"09:00:12";6;41;"PR";"Paraná";"79375";"União Da Vitória";4128203;"União Da Vitória"
"27/09/2026";"09:00:12";6;41;"PR";"Paraná";"79391";"Uniflor";4128302;"Uniflor"
"27/09/2026";"09:00:12";6;41;"PR";"Paraná";"79413";"Uraí";4128401;"Uraí"
"27/09/2026";"09:00:12";6;41;"PR";"Paraná";"79430";"Wenceslau Braz";4128500;"Wenceslau Braz"
"27/09/2026";"09:00:12";6;41;"PR";"Paraná";"79456";"Verê";4128609;"Verê"
"27/09/2026";"09:00:12";6;41;"PR";"Paraná";"79472";"Vitorino";4128708;"Vitorino"
"27/09/2026";"09:00:12";6;41;"PR";"Paraná";"79499";"Xambrê";4128807;"Xambrê"
"27/09/2026";"09:00:12";6;41;"PR";"Paraná";"79510";"Altônia";4100509;"Altônia"
"27/09/2026";"09:00:12";6;41;"PR";"Paraná";"79537";"Assis Chateaubriand";4102000;"Assis Chateaubriand"
"27/09/2026";"09:00:12";6;41;"PR";"Paraná";"79553";"Quedas Do Iguaçu";4120903;"Quedas Do Iguaçu"
"27/09/2026";"09:00:12";6;41;"PR";"Paraná";"79570";"Céu Azul";4105300;"Céu Azul"
"27/09/2026";"09:00:12";6;41;"PR";"Paraná";"79596";"Grandes Rios";4108700;"Grandes Rios"
"27/09/2026";"09:00:12";6;41;"PR";"Paraná";"79618";"Indianópolis";4110409;"Indianópolis"
"27/09/2026";"09:00:12";6;41;"PR";"Paraná";"79634";"Matinhos";4115705;"Matinhos"
"27/09/2026";"09:00:12";6;41;"PR";"Paraná";"79650";"Nova Aurora";4116703;"Nova Aurora"
"27/09/2026";"09:00:12";6;41;"PR";"Paraná";"79677";"Nova Olímpia";4117206;"Nova Olímpia"
"27/09/2026";"09:00:12";6;41;"PR";"Paraná";"79693";"Pérola";4118907;"Pérola"
"27/09/2026";"09:00:12";6;41;"PR";"Paraná";"79715";"Santa Helena";4123501;"Santa Helena"
"27/09/2026";"09:00:12";6;41;"PR";"Paraná";"79731";"Tapira";4126900;"Tapira"
"27/09/2026";"09:00:12";6;41;"PR";"Paraná";"79758";"Marilena";4115002;"Marilena"
"27/09/2026";"09:00:12";6;41;"PR";"Paraná";"79774";"Francisco Alves";4108320;"Francisco Alves"
"27/09/2026";"09:00:12";6;41;"PR";"Paraná";"79790";"Nova Santa Rosa";4117222;"Nova Santa Rosa"
"27/09/2026";"09:00:12";6;41;"PR";"Paraná";"79812";"Boa Vista Da Aparecida";4103057;"Boa Vista Da Aparecida"
"27/09/2026";"09:00:12";6;41;"PR";"Paraná";"79839";"Braganey";4103354;"Braganey"
"27/09/2026";"09:00:12";6;41;"PR";"Paraná";"79855";"Cafelândia";4103453;"Cafelândia"
"27/09/2026";"09:00:12";6;41;"PR";"Paraná";"79871";"Três Barras Do Paraná";4127858;"Três Barras Do Paraná"
"27/09/2026";"09:00:12";6;41;"PR";"Paraná";"79898";"Vera Cruz Do Oeste";4128559;"Vera Cruz Do Oeste"
"27/09/2026";"09:00:12";6;41;"PR";"Paraná";"79910";"Pranchita";4120358;"Pranchita"
"27/09/2026";"09:00:12";6;41;"PR";"Paraná";"79936";"Tupãssi";4127957;"Tupãssi"
"27/09/2026";"09:00:12";6;41;"PR";"Paraná";"79952";"Nova Prata Do Iguaçu";4117255;"Nova Prata Do Iguaçu"
"27/09/2026";"09:00:12";6;41;"PR";"Paraná";"79979";"Jesuítas";4112751;"Jesuítas"
"27/09/2026";"09:00:12";6;41;"PR";"Paraná";"79995";"São Jorge Do Patrocínio";4125357;"São Jorge Do Patrocínio"
"27/09/2026";"09:00:12";6;41;"PR";"Paraná";"84514";"Cantagalo";4104451;"Cantagalo"
"27/09/2026";"09:00:12";6;41;"PR";"Paraná";"84530";"Turvo";4127965;"Turvo"
"27/09/2026";"09:00:12";6;41;"PR";"Paraná";"84557";"Altamira Do Paraná";4100459;"Altamira Do Paraná"
"27/09/2026";"09:00:12";6;41;"PR";"Paraná";"84573";"Figueira";4107751;"Figueira"
"27/09/2026";"09:00:12";6;41;"PR";"Paraná";"84590";"Lunardelli";4113759;"Lunardelli"
"27/09/2026";"09:00:12";6;41;"PR";"Paraná";"84611";"Sarandi";4126256;"Sarandi"
"27/09/2026";"09:00:12";6;41;"PR";"Paraná";"84638";"Juranda";4112959;"Juranda"
"27/09/2026";"09:00:12";6;41;"PR";"Paraná";"84654";"Douradina";4107256;"Douradina"
"27/09/2026";"09:00:12";6;41;"PR";"Paraná";"84670";"Santa Terezinha De Itaipu";4124053;"Santa Terezinha De Itaipu"
"27/09/2026";"09:00:12";6;41;"PR";"Paraná";"84697";"Missal";4116059;"Missal"
"27/09/2026";"09:00:12";6;41;"PR";"Paraná";"84719";"São José Das Palmeiras";4125456;"São José Das Palmeiras"
"27/09/2026";"09:00:12";3;33;"RJ";"Rio De Janeiro";"58009";"Quissamã";3304151;"Quissamã"
"27/09/2026";"09:00:12";3;33;"RJ";"Rio De Janeiro";"58017";"Angra Dos Reis";3300100;"Angra Dos Reis"
"27/09/2026";"09:00:12";3;33;"RJ";"Rio De Janeiro";"58025";"Quatis";3304128;"Quatis"
"27/09/2026";"09:00:12";3;33;"RJ";"Rio De Janeiro";"58033";"Araruama";3300209;"Araruama"
"27/09/2026";"09:00:12";3;33;"RJ";"Rio De Janeiro";"58041";"Belford Roxo";3300456;"Belford Roxo"
"27/09/2026";"09:00:12";3;33;"RJ";"Rio De Janeiro";"58050";"Barra Do Piraí";3300308;"Barra Do Piraí"
"27/09/2026";"09:00:12";3;33;"RJ";"Rio De Janeiro";"58068";"Cardoso Moreira";3301157;"Cardoso Moreira"
"27/09/2026";"09:00:12";3;33;"RJ";"Rio De Janeiro";"58076";"Barra Mansa";3300407;"Barra Mansa"
"27/09/2026";"09:00:12";3;33;"RJ";"Rio De Janeiro";"58084";"Varre-Sai";3306156;"Varre-Sai"
"27/09/2026";"09:00:12";3;33;"RJ";"Rio De Janeiro";"58092";"Bom Jardim";3300506;"Bom Jardim"
"27/09/2026";"09:00:12";3;33;"RJ";"Rio De Janeiro";"58106";"Guapimirim";3301850;"Guapimirim"
"27/09/2026";"09:00:12";3;33;"RJ";"Rio De Janeiro";"58114";"Bom Jesus Do Itabapoana";3300605;"Bom Jesus Do Itabapoana"
"27/09/2026";"09:00:12";3;33;"RJ";"Rio De Janeiro";"58122";"Queimados";3304144;"Queimados"
"27/09/2026";"09:00:12";3;33;"RJ";"Rio De Janeiro";"58130";"Cabo Frio";3300704;"Cabo Frio"
"27/09/2026";"09:00:12";3;33;"RJ";"Rio De Janeiro";"58149";"Japeri";3302270;"Japeri"
"27/09/2026";"09:00:12";3;33;"RJ";"Rio De Janeiro";"58157";"Cachoeiras De Macacu";3300803;"Cachoeiras De Macacu"
"27/09/2026";"09:00:12";3;33;"RJ";"Rio De Janeiro";"58165";"Comendador Levy Gasparian";3300951;"Comendador Levy Gasparian"
"27/09/2026";"09:00:12";3;33;"RJ";"Rio De Janeiro";"58173";"Cambuci";3300902;"Cambuci"
"27/09/2026";"09:00:12";3;33;"RJ";"Rio De Janeiro";"58181";"Aperibé";3300159;"Aperibé"
"27/09/2026";"09:00:12";3;33;"RJ";"Rio De Janeiro";"58190";"Campos Dos Goytacazes";3301009;"Campos Dos Goytacazes"
"27/09/2026";"09:00:12";3;33;"RJ";"Rio De Janeiro";"58203";"Rio Das Ostras";3304524;"Rio Das Ostras"
"27/09/2026";"09:00:12";3;33;"RJ";"Rio De Janeiro";"58211";"Cantagalo";3301108;"Cantagalo"
"27/09/2026";"09:00:12";3;33;"RJ";"Rio De Janeiro";"58220";"Areal";3300225;"Areal"
"27/09/2026";"09:00:12";3;33;"RJ";"Rio De Janeiro";"58238";"Carmo";3301207;"Carmo"
"27/09/2026";"09:00:12";3;33;"RJ";"Rio De Janeiro";"58246";"Pinheiral";3303955;"Pinheiral"
"27/09/2026";"09:00:12";3;33;"RJ";"Rio De Janeiro";"58254";"Casimiro De Abreu";3301306;"Casimiro De Abreu"
"27/09/2026";"09:00:12";3;33;"RJ";"Rio De Janeiro";"58262";"Iguaba Grande";3301876;"Iguaba Grande"
"27/09/2026";"09:00:12";3;33;"RJ";"Rio De Janeiro";"58270";"Conceição De Macabu";3301405;"Conceição De Macabu"
"27/09/2026";"09:00:12";3;33;"RJ";"Rio De Janeiro";"58289";"São Francisco De Itabapoana";3304755;"São Francisco De Itabapoana"
"27/09/2026";"09:00:12";3;33;"RJ";"Rio De Janeiro";"58297";"Cordeiro";3301504;"Cordeiro"
"27/09/2026";"09:00:12";3;33;"RJ";"Rio De Janeiro";"58300";"Carapebus";3300936;"Carapebus"
"27/09/2026";"09:00:12";3;33;"RJ";"Rio De Janeiro";"58319";"Duas Barras";3301603;"Duas Barras"
"27/09/2026";"09:00:12";3;33;"RJ";"Rio De Janeiro";"58327";"Porto Real";3304110;"Porto Real"
"27/09/2026";"09:00:12";3;33;"RJ";"Rio De Janeiro";"58335";"Duque De Caxias";3301702;"Duque De Caxias"
"27/09/2026";"09:00:12";3;33;"RJ";"Rio De Janeiro";"58343";"São José De Ubá";3305133;"São José De Ubá"
"27/09/2026";"09:00:12";3;33;"RJ";"Rio De Janeiro";"58351";"Engenheiro Paulo De Frontin";3301801;"Engenheiro Paulo De Frontin"
"27/09/2026";"09:00:12";3;33;"RJ";"Rio De Janeiro";"58360";"Tanguá";3305752;"Tanguá"
"27/09/2026";"09:00:12";3;33;"RJ";"Rio De Janeiro";"58378";"Itaboraí";3301900;"Itaboraí"
"27/09/2026";"09:00:12";3;33;"RJ";"Rio De Janeiro";"58386";"Macuco";3302452;"Macuco"
"27/09/2026";"09:00:12";3;33;"RJ";"Rio De Janeiro";"58394";"Itaguaí";3302007;"Itaguaí"
"27/09/2026";"09:00:12";3;33;"RJ";"Rio De Janeiro";"58408";"Armação Dos Búzios";3300233;"Armação Dos Búzios"
"27/09/2026";"09:00:12";3;33;"RJ";"Rio De Janeiro";"58416";"Itaocara";3302106;"Itaocara"
"27/09/2026";"09:00:12";3;33;"RJ";"Rio De Janeiro";"58424";"Seropédica";3305554;"Seropédica"
"27/09/2026";"09:00:12";3;33;"RJ";"Rio De Janeiro";"58432";"Itaperuna";3302205;"Itaperuna"
"27/09/2026";"09:00:12";3;33;"RJ";"Rio De Janeiro";"58440";"Itatiaia";3302254;"Itatiaia"
"27/09/2026";"09:00:12";3;33;"RJ";"Rio De Janeiro";"58459";"Laje Do Muriaé";3302304;"Laje Do Muriaé"
"27/09/2026";"09:00:12";3;33;"RJ";"Rio De Janeiro";"58467";"Mesquita";3302858;"Mesquita"
"27/09/2026";"09:00:12";3;33;"RJ";"Rio De Janeiro";"58475";"Macaé";3302403;"Macaé"
"27/09/2026";"09:00:12";3;33;"RJ";"Rio De Janeiro";"58491";"Magé";3302502;"Magé"
"27/09/2026";"09:00:12";3;33;"RJ";"Rio De Janeiro";"58513";"Mangaratiba";3302601;"Mangaratiba"
"27/09/2026";"09:00:12";3;33;"RJ";"Rio De Janeiro";"58530";"Maricá";3302700;"Maricá"
"27/09/2026";"09:00:12";3;33;"RJ";"Rio De Janeiro";"58556";"Mendes";3302809;"Mendes"
"27/09/2026";"09:00:12";3;33;"RJ";"Rio De Janeiro";"58572";"Miguel Pereira";3302908;"Miguel Pereira"
"27/09/2026";"09:00:12";3;33;"RJ";"Rio De Janeiro";"58599";"Miracema";3303005;"Miracema"
"27/09/2026";"09:00:12";3;33;"RJ";"Rio De Janeiro";"58610";"Natividade";3303104;"Natividade"
"27/09/2026";"09:00:12";3;33;"RJ";"Rio De Janeiro";"58637";"Nilópolis";3303203;"Nilópolis"
"27/09/2026";"09:00:12";3;33;"RJ";"Rio De Janeiro";"58653";"Niterói";3303302;"Niterói"
"27/09/2026";"09:00:12";3;33;"RJ";"Rio De Janeiro";"58670";"Nova Friburgo";3303401;"Nova Friburgo"
"27/09/2026";"09:00:12";3;33;"RJ";"Rio De Janeiro";"58696";"Nova Iguaçu";3303500;"Nova Iguaçu"
"27/09/2026";"09:00:12";3;33;"RJ";"Rio De Janeiro";"58718";"Paracambi";3303609;"Paracambi"
"27/09/2026";"09:00:12";3;33;"RJ";"Rio De Janeiro";"58734";"Paraíba Do Sul";3303708;"Paraíba Do Sul"
"27/09/2026";"09:00:12";3;33;"RJ";"Rio De Janeiro";"58750";"Paraty";3303807;"Parati"
"27/09/2026";"09:00:12";3;33;"RJ";"Rio De Janeiro";"58777";"Petrópolis";3303906;"Petrópolis"
"27/09/2026";"09:00:12";3;33;"RJ";"Rio De Janeiro";"58793";"Piraí";3304003;"Piraí"
"27/09/2026";"09:00:12";3;33;"RJ";"Rio De Janeiro";"58815";"Porciúncula";3304102;"Porciúncula"
"27/09/2026";"09:00:12";3;33;"RJ";"Rio De Janeiro";"58831";"Resende";3304201;"Resende"
"27/09/2026";"09:00:12";3;33;"RJ";"Rio De Janeiro";"58858";"Rio Bonito";3304300;"Rio Bonito"
"27/09/2026";"09:00:12";3;33;"RJ";"Rio De Janeiro";"58874";"Rio Claro";3304409;"Rio Claro"
"27/09/2026";"09:00:12";3;33;"RJ";"Rio De Janeiro";"58890";"Rio Das Flores";3304508;"Rio Das Flores"
"27/09/2026";"09:00:12";3;33;"RJ";"Rio De Janeiro";"58912";"Santa Maria Madalena";3304607;"Santa Maria Madalena"
"27/09/2026";"09:00:12";3;33;"RJ";"Rio De Janeiro";"58939";"Santo Antônio De Pádua";3304706;"Santo Antônio De Pádua"
"27/09/2026";"09:00:12";3;33;"RJ";"Rio De Janeiro";"58955";"São Fidélis";3304805;"São Fidélis"
"27/09/2026";"09:00:12";3;33;"RJ";"Rio De Janeiro";"58971";"São Gonçalo";3304904;"São Gonçalo"
"27/09/2026";"09:00:12";3;33;"RJ";"Rio De Janeiro";"58998";"São João Da Barra";3305000;"São João Da Barra"
"27/09/2026";"09:00:12";3;33;"RJ";"Rio De Janeiro";"59013";"São João De Meriti";3305109;"São João De Meriti"
"27/09/2026";"09:00:12";3;33;"RJ";"Rio De Janeiro";"59030";"São Pedro Da Aldeia";3305208;"São Pedro Da Aldeia"
"27/09/2026";"09:00:12";3;33;"RJ";"Rio De Janeiro";"59056";"São Sebastião Do Alto";3305307;"São Sebastião Do Alto"
"27/09/2026";"09:00:12";3;33;"RJ";"Rio De Janeiro";"59072";"Sapucaia";3305406;"Sapucaia"
"27/09/2026";"09:00:12";3;33;"RJ";"Rio De Janeiro";"59099";"Saquarema";3305505;"Saquarema"
"27/09/2026";"09:00:12";3;33;"RJ";"Rio De Janeiro";"59110";"Silva Jardim";3305604;"Silva Jardim"
"27/09/2026";"09:00:12";3;33;"RJ";"Rio De Janeiro";"59137";"Sumidouro";3305703;"Sumidouro"
"27/09/2026";"09:00:12";3;33;"RJ";"Rio De Janeiro";"59153";"Teresópolis";3305802;"Teresópolis"
"27/09/2026";"09:00:12";3;33;"RJ";"Rio De Janeiro";"59170";"Trajano De Moraes";3305901;"Trajano De Moraes"
"27/09/2026";"09:00:12";3;33;"RJ";"Rio De Janeiro";"59196";"Três Rios";3306008;"Três Rios"
"27/09/2026";"09:00:12";3;33;"RJ";"Rio De Janeiro";"59218";"Valença";3306107;"Valença"
"27/09/2026";"09:00:12";3;33;"RJ";"Rio De Janeiro";"59234";"Vassouras";3306206;"Vassouras"
"27/09/2026";"09:00:12";3;33;"RJ";"Rio De Janeiro";"59250";"Volta Redonda";3306305;"Volta Redonda"
"27/09/2026";"09:00:12";3;33;"RJ";"Rio De Janeiro";"59277";"Arraial Do Cabo";3300258;"Arraial Do Cabo"
"27/09/2026";"09:00:12";3;33;"RJ";"Rio De Janeiro";"59293";"Italva";3302056;"Italva"
"27/09/2026";"09:00:12";3;33;"RJ";"Rio De Janeiro";"59315";"Paty Do Alferes";3303856;"Paty Do Alferes"
"27/09/2026";"09:00:12";3;33;"RJ";"Rio De Janeiro";"59331";"São José Do Vale Do Rio Preto";3305158;"São José Do Vale Do Rio Preto"
"27/09/2026";"09:00:12";3;33;"RJ";"Rio De Janeiro";"60011";"Rio De Janeiro";3304557;"Rio De Janeiro"
"27/09/2026";"09:00:12";16;24;"RN";"Rio Grande Do Norte";"16004";"Tenente Laurentino Cruz";2414159;"Tenente Laurentino Cruz"
"27/09/2026";"09:00:12";16;24;"RN";"Rio Grande Do Norte";"16012";"Acari";2400109;"Acari"
"27/09/2026";"09:00:12";16;24;"RN";"Rio Grande Do Norte";"16020";"Serra Do Mel";2413359;"Serra Do Mel"
"27/09/2026";"09:00:12";16;24;"RN";"Rio Grande Do Norte";"16039";"Assú";2400208;"Açu"
"27/09/2026";"09:00:12";16;24;"RN";"Rio Grande Do Norte";"16047";"Caiçara Do Norte";2401859;"Caiçara Do Norte"
"27/09/2026";"09:00:12";16;24;"RN";"Rio Grande Do Norte";"16055";"Afonso Bezerra";2400307;"Afonso Bezerra"
"27/09/2026";"09:00:12";16;24;"RN";"Rio Grande Do Norte";"16063";"São Miguel Do Gostoso";2412559;"São Miguel Do Gostoso"
"27/09/2026";"09:00:12";16;24;"RN";"Rio Grande Do Norte";"16071";"Água Nova";2400406;"Água Nova"
"27/09/2026";"09:00:12";16;24;"RN";"Rio Grande Do Norte";"16080";"Itajá";2404853;"Itajá"
"27/09/2026";"09:00:12";16;24;"RN";"Rio Grande Do Norte";"16098";"Alexandria";2400505;"Alexandria"
"27/09/2026";"09:00:12";16;24;"RN";"Rio Grande Do Norte";"16101";"Bodó";2401651;"Bodó"
"27/09/2026";"09:00:12";16;24;"RN";"Rio Grande Do Norte";"16110";"Almino Afonso";2400604;"Almino Afonso"
"27/09/2026";"09:00:12";16;24;"RN";"Rio Grande Do Norte";"16128";"Triunfo Potiguar";2414456;"Triunfo Potiguar"
"27/09/2026";"09:00:12";16;24;"RN";"Rio Grande Do Norte";"16136";"Alto Do Rodrigues";2400703;"Alto Do Rodrigues"
"27/09/2026";"09:00:12";16;24;"RN";"Rio Grande Do Norte";"16144";"Fernando Pedroza";2403756;"Fernando Pedroza"
"27/09/2026";"09:00:12";16;24;"RN";"Rio Grande Do Norte";"16152";"Angicos";2400802;"Angicos"
"27/09/2026";"09:00:12";16;24;"RN";"Rio Grande Do Norte";"16160";"Major Sales";2407252;"Major Sales"
"27/09/2026";"09:00:12";16;24;"RN";"Rio Grande Do Norte";"16179";"Antônio Martins";2400901;"Antônio Martins"
"27/09/2026";"09:00:12";16;24;"RN";"Rio Grande Do Norte";"16187";"Venha-Ver";2414753;"Venha-Ver"
"27/09/2026";"09:00:12";16;24;"RN";"Rio Grande Do Norte";"16195";"Apodi";2401008;"Apodi"
"27/09/2026";"09:00:12";16;24;"RN";"Rio Grande Do Norte";"16209";"Serrinha Dos Pintos";2413557;"Serrinha Dos Pintos"
"27/09/2026";"09:00:12";16;24;"RN";"Rio Grande Do Norte";"16217";"Areia Branca";2401107;"Areia Branca"
"27/09/2026";"09:00:12";16;24;"RN";"Rio Grande Do Norte";"16225";"Tibau";2411056;"Tibau"
"27/09/2026";"09:00:12";16;24;"RN";"Rio Grande Do Norte";"16233";"Arez";2401206;"Arês"
"27/09/2026";"09:00:12";16;24;"RN";"Rio Grande Do Norte";"16241";"Santa Maria";2409332;"Santa Maria"
"27/09/2026";"09:00:12";16;24;"RN";"Rio Grande Do Norte";"16250";"Campo Grande";2401305;"Augusto Severo"
"27/09/2026";"09:00:12";16;24;"RN";"Rio Grande Do Norte";"16268";"Rio Do Fogo";2408953;"Rio Do Fogo"
"27/09/2026";"09:00:12";16;24;"RN";"Rio Grande Do Norte";"16276";"Baía Formosa";2401404;"Baía Formosa"
"27/09/2026";"09:00:12";16;24;"RN";"Rio Grande Do Norte";"16284";"Porto Do Mangue";2410256;"Porto Do Mangue"
"27/09/2026";"09:00:12";16;24;"RN";"Rio Grande Do Norte";"16292";"Barcelona";2401503;"Barcelona"
"27/09/2026";"09:00:12";16;24;"RN";"Rio Grande Do Norte";"16306";"Jundiá";2406155;"Jundiá"
"27/09/2026";"09:00:12";16;24;"RN";"Rio Grande Do Norte";"16314";"Bento Fernandes";2401602;"Bento Fernandes"
"27/09/2026";"09:00:12";16;24;"RN";"Rio Grande Do Norte";"16330";"Bom Jesus";2401701;"Bom Jesus"
"27/09/2026";"09:00:12";16;24;"RN";"Rio Grande Do Norte";"16357";"Brejinho";2401800;"Brejinho"
"27/09/2026";"09:00:12";16;24;"RN";"Rio Grande Do Norte";"16373";"Caiçara Do Rio Do Vento";2401909;"Caiçara Do Rio Do Vento"
"27/09/2026";"09:00:12";16;24;"RN";"Rio Grande Do Norte";"16390";"Caicó";2402006;"Caicó"
"27/09/2026";"09:00:12";16;24;"RN";"Rio Grande Do Norte";"16411";"Campo Redondo";2402105;"Campo Redondo"
"27/09/2026";"09:00:12";16;24;"RN";"Rio Grande Do Norte";"16438";"Canguaretama";2402204;"Canguaretama"
"27/09/2026";"09:00:12";16;24;"RN";"Rio Grande Do Norte";"16454";"Caraúbas";2402303;"Caraúbas"
"27/09/2026";"09:00:12";16;24;"RN";"Rio Grande Do Norte";"16470";"Carnaúba Dos Dantas";2402402;"Carnaúba Dos Dantas"
"27/09/2026";"09:00:12";16;24;"RN";"Rio Grande Do Norte";"16497";"Carnaubais";2402501;"Carnaubais"
"27/09/2026";"09:00:12";16;24;"RN";"Rio Grande Do Norte";"16519";"Ceará-Mirim";2402600;"Ceará-Mirim"
"27/09/2026";"09:00:12";16;24;"RN";"Rio Grande Do Norte";"16535";"Cerro Corá";2402709;"Cerro Corá"
"27/09/2026";"09:00:12";16;24;"RN";"Rio Grande Do Norte";"16551";"Coronel Ezequiel";2402808;"Coronel Ezequiel"
"27/09/2026";"09:00:12";16;24;"RN";"Rio Grande Do Norte";"16578";"Coronel João Pessoa";2402907;"Coronel João Pessoa"
"27/09/2026";"09:00:12";16;24;"RN";"Rio Grande Do Norte";"16594";"Cruzeta";2403004;"Cruzeta"
"27/09/2026";"09:00:12";16;24;"RN";"Rio Grande Do Norte";"16616";"Currais Novos";2403103;"Currais Novos"
"27/09/2026";"09:00:12";16;24;"RN";"Rio Grande Do Norte";"16632";"Doutor Severiano";2403202;"Doutor Severiano"
"27/09/2026";"09:00:12";16;24;"RN";"Rio Grande Do Norte";"16659";"Encanto";2403301;"Encanto"
"27/09/2026";"09:00:12";16;24;"RN";"Rio Grande Do Norte";"16675";"Equador";2403400;"Equador"
"27/09/2026";"09:00:12";16;24;"RN";"Rio Grande Do Norte";"16691";"Espírito Santo";2403509;"Espírito Santo"
"27/09/2026";"09:00:12";16;24;"RN";"Rio Grande Do Norte";"16713";"Extremoz";2403608;"Extremoz"
"27/09/2026";"09:00:12";16;24;"RN";"Rio Grande Do Norte";"16730";"Felipe Guerra";2403707;"Felipe Guerra"
"27/09/2026";"09:00:12";16;24;"RN";"Rio Grande Do Norte";"16756";"Florânia";2403806;"Florânia"
"27/09/2026";"09:00:12";16;24;"RN";"Rio Grande Do Norte";"16772";"Francisco Dantas";2403905;"Francisco Dantas"
"27/09/2026";"09:00:12";16;24;"RN";"Rio Grande Do Norte";"16799";"Galinhos";2404101;"Galinhos"
"27/09/2026";"09:00:12";16;24;"RN";"Rio Grande Do Norte";"16810";"Goianinha";2404200;"Goianinha"
"27/09/2026";"09:00:12";16;24;"RN";"Rio Grande Do Norte";"16837";"Governador Dix-Sept Rosado";2404309;"Governador Dix-Sept Rosado"
"27/09/2026";"09:00:12";16;24;"RN";"Rio Grande Do Norte";"16853";"Grossos";2404408;"Grossos"
"27/09/2026";"09:00:12";16;24;"RN";"Rio Grande Do Norte";"16870";"Guamaré";2404507;"Guamaré"
"27/09/2026";"09:00:12";16;24;"RN";"Rio Grande Do Norte";"16896";"Ielmo Marinho";2404606;"Ielmo Marinho"
"27/09/2026";"09:00:12";16;24;"RN";"Rio Grande Do Norte";"16918";"Ipanguaçu";2404705;"Ipanguaçu"
"27/09/2026";"09:00:12";16;24;"RN";"Rio Grande Do Norte";"16934";"Ipueira";2404804;"Ipueira"
"27/09/2026";"09:00:12";16;24;"RN";"Rio Grande Do Norte";"16950";"Itaú";2404903;"Itaú"
"27/09/2026";"09:00:12";16;24;"RN";"Rio Grande Do Norte";"16977";"Jaçanã";2405009;"Jaçanã"
"27/09/2026";"09:00:12";16;24;"RN";"Rio Grande Do Norte";"16993";"Jandaíra";2405108;"Jandaíra"
"27/09/2026";"09:00:12";16;24;"RN";"Rio Grande Do Norte";"17019";"Janduís";2405207;"Janduís"
"27/09/2026";"09:00:12";16;24;"RN";"Rio Grande Do Norte";"17035";"Boa Saúde";2405306;"Januário Cicco"
"27/09/2026";"09:00:12";16;24;"RN";"Rio Grande Do Norte";"17051";"Japi";2405405;"Japi"
"27/09/2026";"09:00:12";16;24;"RN";"Rio Grande Do Norte";"17078";"Jardim De Angicos";2405504;"Jardim De Angicos"
"27/09/2026";"09:00:12";16;24;"RN";"Rio Grande Do Norte";"17094";"Jardim De Piranhas";2405603;"Jardim De Piranhas"
"27/09/2026";"09:00:12";16;24;"RN";"Rio Grande Do Norte";"17116";"Jardim Do Seridó";2405702;"Jardim Do Seridó"
"27/09/2026";"09:00:12";16;24;"RN";"Rio Grande Do Norte";"17132";"João Câmara";2405801;"João Câmara"
"27/09/2026";"09:00:12";16;24;"RN";"Rio Grande Do Norte";"17159";"João Dias";2405900;"João Dias"
"27/09/2026";"09:00:12";16;24;"RN";"Rio Grande Do Norte";"17175";"José Da Penha";2406007;"José Da Penha"
"27/09/2026";"09:00:12";16;24;"RN";"Rio Grande Do Norte";"17191";"Jucurutu";2406106;"Jucurutu"
"27/09/2026";"09:00:12";16;24;"RN";"Rio Grande Do Norte";"17213";"Messias Targino";2407609;"Messias Targino"
"27/09/2026";"09:00:12";16;24;"RN";"Rio Grande Do Norte";"17230";"Lagoa D'Anta";2406205;"Lagoa D'Anta"
"27/09/2026";"09:00:12";16;24;"RN";"Rio Grande Do Norte";"17256";"Lagoa De Pedras";2406304;"Lagoa De Pedras"
"27/09/2026";"09:00:12";16;24;"RN";"Rio Grande Do Norte";"17272";"Lagoa De Velhos";2406403;"Lagoa De Velhos"
"27/09/2026";"09:00:12";16;24;"RN";"Rio Grande Do Norte";"17299";"Lagoa Nova";2406502;"Lagoa Nova"
"27/09/2026";"09:00:12";16;24;"RN";"Rio Grande Do Norte";"17310";"Lagoa Salgada";2406601;"Lagoa Salgada"
"27/09/2026";"09:00:12";16;24;"RN";"Rio Grande Do Norte";"17337";"Lajes";2406700;"Lajes"
"27/09/2026";"09:00:12";16;24;"RN";"Rio Grande Do Norte";"17353";"Lajes Pintadas";2406809;"Lajes Pintadas"
"27/09/2026";"09:00:12";16;24;"RN";"Rio Grande Do Norte";"17370";"Lucrécia";2406908;"Lucrécia"
"27/09/2026";"09:00:12";16;24;"RN";"Rio Grande Do Norte";"17396";"Luís Gomes";2407005;"Luís Gomes"
"27/09/2026";"09:00:12";16;24;"RN";"Rio Grande Do Norte";"17418";"Macaíba";2407104;"Macaíba"
"27/09/2026";"09:00:12";16;24;"RN";"Rio Grande Do Norte";"17434";"Macau";2407203;"Macau"
"27/09/2026";"09:00:12";16;24;"RN";"Rio Grande Do Norte";"17450";"Marcelino Vieira";2407302;"Marcelino Vieira"
"27/09/2026";"09:00:12";16;24;"RN";"Rio Grande Do Norte";"17477";"Martins";2407401;"Martins"
"27/09/2026";"09:00:12";16;24;"RN";"Rio Grande Do Norte";"17493";"Maxaranguape";2407500;"Maxaranguape"
"27/09/2026";"09:00:12";16;24;"RN";"Rio Grande Do Norte";"17515";"Frutuoso Gomes";2404002;"Frutuoso Gomes"
"27/09/2026";"09:00:12";16;24;"RN";"Rio Grande Do Norte";"17531";"Montanhas";2407708;"Montanhas"
"27/09/2026";"09:00:12";16;24;"RN";"Rio Grande Do Norte";"17558";"Monte Alegre";2407807;"Monte Alegre"
"27/09/2026";"09:00:12";16;24;"RN";"Rio Grande Do Norte";"17574";"Monte Das Gameleiras";2407906;"Monte Das Gameleiras"
"27/09/2026";"09:00:12";16;24;"RN";"Rio Grande Do Norte";"17590";"Mossoró";2408003;"Mossoró"
"27/09/2026";"09:00:12";16;24;"RN";"Rio Grande Do Norte";"17612";"Natal";2408102;"Natal"
"27/09/2026";"09:00:12";16;24;"RN";"Rio Grande Do Norte";"17639";"Nísia Floresta";2408201;"Nísia Floresta"
"27/09/2026";"09:00:12";16;24;"RN";"Rio Grande Do Norte";"17655";"Nova Cruz";2408300;"Nova Cruz"
"27/09/2026";"09:00:12";16;24;"RN";"Rio Grande Do Norte";"17671";"Olho D'Água Do Borges";2408409;"Olho-D'Água Do Borges"
"27/09/2026";"09:00:12";16;24;"RN";"Rio Grande Do Norte";"17698";"Ouro Branco";2408508;"Ouro Branco"
"27/09/2026";"09:00:12";16;24;"RN";"Rio Grande Do Norte";"17710";"Paraná";2408607;"Paraná"
"27/09/2026";"09:00:12";16;24;"RN";"Rio Grande Do Norte";"17736";"Paraú";2408706;"Paraú"
"27/09/2026";"09:00:12";16;24;"RN";"Rio Grande Do Norte";"17752";"Parazinho";2408805;"Parazinho"
"27/09/2026";"09:00:12";16;24;"RN";"Rio Grande Do Norte";"17779";"Parelhas";2408904;"Parelhas"
"27/09/2026";"09:00:12";16;24;"RN";"Rio Grande Do Norte";"17795";"Parnamirim";2403251;"Parnamirim"
"27/09/2026";"09:00:12";16;24;"RN";"Rio Grande Do Norte";"17817";"Passa E Fica";2409100;"Passa E Fica"
"27/09/2026";"09:00:12";16;24;"RN";"Rio Grande Do Norte";"17833";"Passagem";2409209;"Passagem"
"27/09/2026";"09:00:12";16;24;"RN";"Rio Grande Do Norte";"17850";"Patu";2409308;"Patu"
"27/09/2026";"09:00:12";16;24;"RN";"Rio Grande Do Norte";"17876";"Pau Dos Ferros";2409407;"Pau Dos Ferros"
"27/09/2026";"09:00:12";16;24;"RN";"Rio Grande Do Norte";"17892";"Pedra Grande";2409506;"Pedra Grande"
"27/09/2026";"09:00:12";16;24;"RN";"Rio Grande Do Norte";"17914";"Pedra Preta";2409605;"Pedra Preta"
"27/09/2026";"09:00:12";16;24;"RN";"Rio Grande Do Norte";"17930";"Pedro Avelino";2409704;"Pedro Avelino"
"27/09/2026";"09:00:12";16;24;"RN";"Rio Grande Do Norte";"17957";"Pedro Velho";2409803;"Pedro Velho"
"27/09/2026";"09:00:12";16;24;"RN";"Rio Grande Do Norte";"17973";"Pendências";2409902;"Pendências"
"27/09/2026";"09:00:12";16;24;"RN";"Rio Grande Do Norte";"17990";"Pilões";2410009;"Pilões"
"27/09/2026";"09:00:12";16;24;"RN";"Rio Grande Do Norte";"18015";"Poço Branco";2410108;"Poço Branco"
"27/09/2026";"09:00:12";16;24;"RN";"Rio Grande Do Norte";"18031";"Portalegre";2410207;"Portalegre"
"27/09/2026";"09:00:12";16;24;"RN";"Rio Grande Do Norte";"18058";"Serra Caiada";2410306;"Presidente Juscelino"
"27/09/2026";"09:00:12";16;24;"RN";"Rio Grande Do Norte";"18074";"Pureza";2410405;"Pureza"
"27/09/2026";"09:00:12";16;24;"RN";"Rio Grande Do Norte";"18090";"Rafael Fernandes";2410504;"Rafael Fernandes"
"27/09/2026";"09:00:12";16;24;"RN";"Rio Grande Do Norte";"18112";"Riacho Da Cruz";2410702;"Riacho Da Cruz"
"27/09/2026";"09:00:12";16;24;"RN";"Rio Grande Do Norte";"18139";"Riacho De Santana";2410801;"Riacho De Santana"
"27/09/2026";"09:00:12";16;24;"RN";"Rio Grande Do Norte";"18155";"Riachuelo";2410900;"Riachuelo"
"27/09/2026";"09:00:12";16;24;"RN";"Rio Grande Do Norte";"18171";"Rodolfo Fernandes";2411007;"Rodolfo Fernandes"
"27/09/2026";"09:00:12";16;24;"RN";"Rio Grande Do Norte";"18198";"Ruy Barbosa";2411106;"Ruy Barbosa"
"27/09/2026";"09:00:12";16;24;"RN";"Rio Grande Do Norte";"18210";"São Francisco Do Oeste";2411908;"São Francisco Do Oeste"
"27/09/2026";"09:00:12";16;24;"RN";"Rio Grande Do Norte";"18236";"Santa Cruz";2411205;"Santa Cruz"
"27/09/2026";"09:00:12";16;24;"RN";"Rio Grande Do Norte";"18252";"Santana Do Seridó";2411429;"Santana Do Seridó"
"27/09/2026";"09:00:12";16;24;"RN";"Rio Grande Do Norte";"18279";"Santana Do Matos";2411403;"Santana Do Matos"
"27/09/2026";"09:00:12";16;24;"RN";"Rio Grande Do Norte";"18295";"Santo Antônio";2411502;"Santo Antônio"
"27/09/2026";"09:00:12";16;24;"RN";"Rio Grande Do Norte";"18317";"São Bento Do Norte";2411601;"São Bento Do Norte"
"27/09/2026";"09:00:12";16;24;"RN";"Rio Grande Do Norte";"18333";"São Bento Do Trairí";2411700;"São Bento Do Trairí"
"27/09/2026";"09:00:12";16;24;"RN";"Rio Grande Do Norte";"18350";"São Fernando";2411809;"São Fernando"
"27/09/2026";"09:00:12";16;24;"RN";"Rio Grande Do Norte";"18376";"São Gonçalo Do Amarante";2412005;"São Gonçalo Do Amarante"
"27/09/2026";"09:00:12";16;24;"RN";"Rio Grande Do Norte";"18392";"São João Do Sabugi";2412104;"São João Do Sabugi"
"27/09/2026";"09:00:12";16;24;"RN";"Rio Grande Do Norte";"18414";"São José De Mipibu";2412203;"São José De Mipibu"
"27/09/2026";"09:00:12";16;24;"RN";"Rio Grande Do Norte";"18430";"São José Do Campestre";2412302;"São José Do Campestre"
"27/09/2026";"09:00:12";16;24;"RN";"Rio Grande Do Norte";"18457";"São José Do Seridó";2412401;"São José Do Seridó"
"27/09/2026";"09:00:12";16;24;"RN";"Rio Grande Do Norte";"18473";"São Miguel";2412500;"São Miguel"
"27/09/2026";"09:00:12";16;24;"RN";"Rio Grande Do Norte";"18490";"São Paulo Do Potengi";2412609;"São Paulo Do Potengi"
"27/09/2026";"09:00:12";16;24;"RN";"Rio Grande Do Norte";"18511";"São Pedro";2412708;"São Pedro"
"27/09/2026";"09:00:12";16;24;"RN";"Rio Grande Do Norte";"18538";"São Rafael";2412807;"São Rafael"
"27/09/2026";"09:00:12";16;24;"RN";"Rio Grande Do Norte";"18554";"São Tomé";2412906;"São Tomé"
"27/09/2026";"09:00:12";16;24;"RN";"Rio Grande Do Norte";"18570";"São Vicente";2413003;"São Vicente"
"27/09/2026";"09:00:12";16;24;"RN";"Rio Grande Do Norte";"18597";"Senador Elói De Souza";2413102;"Senador Elói De Souza"
"27/09/2026";"09:00:12";16;24;"RN";"Rio Grande Do Norte";"18619";"Senador Georgino Avelino";2413201;"Senador Georgino Avelino"
"27/09/2026";"09:00:12";16;24;"RN";"Rio Grande Do Norte";"18635";"Serra De São Bento";2413300;"Serra De São Bento"
"27/09/2026";"09:00:12";16;24;"RN";"Rio Grande Do Norte";"18651";"Serra Negra Do Norte";2413409;"Serra Negra Do Norte"
"27/09/2026";"09:00:12";16;24;"RN";"Rio Grande Do Norte";"18678";"Serrinha";2413508;"Serrinha"
"27/09/2026";"09:00:12";16;24;"RN";"Rio Grande Do Norte";"18694";"Severiano Melo";2413607;"Severiano Melo"
"27/09/2026";"09:00:12";16;24;"RN";"Rio Grande Do Norte";"18716";"Sítio Novo";2413706;"Sítio Novo"
"27/09/2026";"09:00:12";16;24;"RN";"Rio Grande Do Norte";"18732";"Taboleiro Grande";2413805;"Taboleiro Grande"
"27/09/2026";"09:00:12";16;24;"RN";"Rio Grande Do Norte";"18759";"Taipu";2413904;"Taipu"
"27/09/2026";"09:00:12";16;24;"RN";"Rio Grande Do Norte";"18775";"Tangará";2414001;"Tangará"
"27/09/2026";"09:00:12";16;24;"RN";"Rio Grande Do Norte";"18791";"Tenente Ananias";2414100;"Tenente Ananias"
"27/09/2026";"09:00:12";16;24;"RN";"Rio Grande Do Norte";"18813";"Tibau Do Sul";2414209;"Tibau Do Sul"
"27/09/2026";"09:00:12";16;24;"RN";"Rio Grande Do Norte";"18830";"Timbaúba Dos Batistas";2414308;"Timbaúba Dos Batistas"
"27/09/2026";"09:00:12";16;24;"RN";"Rio Grande Do Norte";"18856";"Touros";2414407;"Touros"
"27/09/2026";"09:00:12";16;24;"RN";"Rio Grande Do Norte";"18872";"Umarizal";2414506;"Umarizal"
"27/09/2026";"09:00:12";16;24;"RN";"Rio Grande Do Norte";"18899";"Upanema";2414605;"Upanema"
"27/09/2026";"09:00:12";16;24;"RN";"Rio Grande Do Norte";"18910";"Várzea";2414704;"Várzea"
"27/09/2026";"09:00:12";16;24;"RN";"Rio Grande Do Norte";"18937";"Rafael Godeiro";2410603;"Rafael Godeiro"
"27/09/2026";"09:00:12";16;24;"RN";"Rio Grande Do Norte";"18953";"Vera Cruz";2414803;"Vera Cruz"
"27/09/2026";"09:00:12";16;24;"RN";"Rio Grande Do Norte";"18970";"Viçosa";2414902;"Viçosa"
"27/09/2026";"09:00:12";16;24;"RN";"Rio Grande Do Norte";"18996";"Vila Flor";2415008;"Vila Flor"
"27/09/2026";"09:00:12";16;24;"RN";"Rio Grande Do Norte";"30031";"Baraúna";2401453;"Baraúna"
"27/09/2026";"09:00:12";23;11;"RO";"Rondônia";"00019";"Guajará-Mirim";1100106;"Guajará-Mirim"
"27/09/2026";"09:00:12";23;11;"RO";"Rondônia";"00035";"Porto Velho";1100205;"Porto Velho"
"27/09/2026";"09:00:12";23;11;"RO";"Rondônia";"00051";"Ji-Paraná";1100122;"Ji-Paraná"
"27/09/2026";"09:00:12";23;11;"RO";"Rondônia";"00078";"Ariquemes";1100023;"Ariquemes"
"27/09/2026";"09:00:12";23;11;"RO";"Rondônia";"00094";"Cacoal";1100049;"Cacoal"
"27/09/2026";"09:00:12";23;11;"RO";"Rondônia";"00116";"Pimenta Bueno";1100189;"Pimenta Bueno"
"27/09/2026";"09:00:12";23;11;"RO";"Rondônia";"00132";"Vilhena";1100304;"Vilhena"
"27/09/2026";"09:00:12";23;11;"RO";"Rondônia";"00159";"Jaru";1100114;"Jaru"
"27/09/2026";"09:00:12";23;11;"RO";"Rondônia";"00175";"Ouro Preto Do Oeste";1100155;"Ouro Preto Do Oeste"
"27/09/2026";"09:00:12";23;11;"RO";"Rondônia";"00191";"Presidente Médici";1100254;"Presidente Médici"
"27/09/2026";"09:00:12";23;11;"RO";"Rondônia";"00213";"Costa Marques";1100080;"Costa Marques"
"27/09/2026";"09:00:12";23;11;"RO";"Rondônia";"00230";"Colorado Do Oeste";1100064;"Colorado Do Oeste"
"27/09/2026";"09:00:12";23;11;"RO";"Rondônia";"00256";"Espigão Do Oeste";1100098;"Espigão D'Oeste"
"27/09/2026";"09:00:12";23;11;"RO";"Rondônia";"00272";"Cerejeiras";1100056;"Cerejeiras"
"27/09/2026";"09:00:12";23;11;"RO";"Rondônia";"00299";"Rolim De Moura";1100288;"Rolim De Moura"
"27/09/2026";"09:00:12";23;11;"RO";"Rondônia";"00310";"Alta Floresta D'Oeste";1100015;"Alta Floresta D'Oeste"
"27/09/2026";"09:00:12";23;11;"RO";"Rondônia";"00337";"Alvorada Do Oeste";1100346;"Alvorada D'Oeste"
"27/09/2026";"09:00:12";23;11;"RO";"Rondônia";"00353";"Santa Luzia D'Oeste";1100296;"Santa Luzia D'Oeste"
"27/09/2026";"09:00:12";23;11;"RO";"Rondônia";"00370";"Nova Brasilândia D'Oeste";1100148;"Nova Brasilândia D'Oeste"
"27/09/2026";"09:00:12";23;11;"RO";"Rondônia";"00396";"Machadinho D'Oeste";1100130;"Machadinho D'Oeste"
"27/09/2026";"09:00:12";23;11;"RO";"Rondônia";"00418";"São Miguel Do Guaporé";1100320;"São Miguel Do Guaporé"
"27/09/2026";"09:00:12";23;11;"RO";"Rondônia";"00434";"Nova Mamoré";1100338;"Nova Mamoré"
"27/09/2026";"09:00:12";23;11;"RO";"Rondônia";"00450";"Cabixi";1100031;"Cabixi"
"27/09/2026";"09:00:12";23;11;"RO";"Rondônia";"00477";"Candeias Do Jamari";1100809;"Candeias Do Jamari"
"27/09/2026";"09:00:12";23;11;"RO";"Rondônia";"00493";"Itapuã Do Oeste";1101104;"Itapuã Do Oeste"
"27/09/2026";"09:00:12";23;11;"RO";"Rondônia";"00515";"Novo Horizonte Do Oeste";1100502;"Novo Horizonte Do Oeste"
"27/09/2026";"09:00:12";23;11;"RO";"Rondônia";"00531";"Castanheiras";1100908;"Castanheiras"
"27/09/2026";"09:00:12";23;11;"RO";"Rondônia";"00558";"Vale Do Paraíso";1101807;"Vale Do Paraíso"
"27/09/2026";"09:00:12";23;11;"RO";"Rondônia";"00566";"Urupá";1101708;"Urupá"
"27/09/2026";"09:00:12";23;11;"RO";"Rondônia";"00574";"Mirante Da Serra";1101302;"Mirante Da Serra"
"27/09/2026";"09:00:12";23;11;"RO";"Rondônia";"00582";"Seringueiras";1101500;"Seringueiras"
"27/09/2026";"09:00:12";23;11;"RO";"Rondônia";"00590";"Theobroma";1101609;"Theobroma"
"27/09/2026";"09:00:12";23;11;"RO";"Rondônia";"00604";"Ministro Andreazza";1101203;"Ministro Andreazza"
"27/09/2026";"09:00:12";23;11;"RO";"Rondônia";"00612";"Governador Jorge Teixeira";1101005;"Governador Jorge Teixeira"
"27/09/2026";"09:00:12";23;11;"RO";"Rondônia";"00620";"Cacaulândia";1100601;"Cacaulândia"
"27/09/2026";"09:00:12";23;11;"RO";"Rondônia";"00639";"Alto Paraíso";1100403;"Alto Paraíso"
"27/09/2026";"09:00:12";23;11;"RO";"Rondônia";"00647";"Rio Crespo";1100262;"Rio Crespo"
"27/09/2026";"09:00:12";23;11;"RO";"Rondônia";"00655";"Corumbiara";1100072;"Corumbiara"
"27/09/2026";"09:00:12";23;11;"RO";"Rondônia";"00663";"Monte Negro";1101401;"Monte Negro"
"27/09/2026";"09:00:12";23;11;"RO";"Rondônia";"00671";"Campo Novo De Rondônia";1100700;"Campo Novo De Rondônia"
"27/09/2026";"09:00:12";23;11;"RO";"Rondônia";"00680";"Cujubim";1100940;"Cujubim"
"27/09/2026";"09:00:12";23;11;"RO";"Rondônia";"00698";"Vale Do Anari";1101757;"Vale Do Anari"
"27/09/2026";"09:00:12";23;11;"RO";"Rondônia";"00701";"Parecis";1101450;"Parecis"
"27/09/2026";"09:00:12";23;11;"RO";"Rondônia";"00710";"São Felipe D'Oeste";1101484;"São Felipe D'Oeste"
"27/09/2026";"09:00:12";23;11;"RO";"Rondônia";"00728";"Primavera De Rondônia";1101476;"Primavera De Rondônia"
"27/09/2026";"09:00:12";23;11;"RO";"Rondônia";"00736";"Alto Alegre Dos Parecis";1100379;"Alto Alegre Dos Parecis"
"27/09/2026";"09:00:12";23;11;"RO";"Rondônia";"00744";"Nova União";1101435;"Nova União"
"27/09/2026";"09:00:12";23;11;"RO";"Rondônia";"00752";"Teixeirópolis";1101559;"Teixeirópolis"
"27/09/2026";"09:00:12";23;11;"RO";"Rondônia";"00779";"Buritis";1100452;"Buritis"
"27/09/2026";"09:00:12";23;11;"RO";"Rondônia";"00787";"Pimenteiras Do Oeste";1101468;"Pimenteiras Do Oeste"
"27/09/2026";"09:00:12";23;11;"RO";"Rondônia";"00795";"São Francisco Do Guaporé";1101492;"São Francisco Do Guaporé"
"27/09/2026";"09:00:12";23;11;"RO";"Rondônia";"00809";"Chupinguaia";1100924;"Chupinguaia"
"27/09/2026";"09:00:12";26;14;"RR";"Roraima";"03000";"Caroebe";1400233;"Caroebe"
"27/09/2026";"09:00:12";26;14;"RR";"Roraima";"03018";"Boa Vista";1400100;"Boa Vista"
"27/09/2026";"09:00:12";26;14;"RR";"Roraima";"03026";"Iracema";1400282;"Iracema"
"27/09/2026";"09:00:12";26;14;"RR";"Roraima";"03034";"Caracaraí";1400209;"Caracaraí"
"27/09/2026";"09:00:12";26;14;"RR";"Roraima";"03042";"Amajari";1400027;"Amajari"
"27/09/2026";"09:00:12";26;14;"RR";"Roraima";"03050";"Alto Alegre";1400050;"Alto Alegre"
"27/09/2026";"09:00:12";26;14;"RR";"Roraima";"03069";"Cantá";1400175;"Cantá"
"27/09/2026";"09:00:12";26;14;"RR";"Roraima";"03077";"Bonfim";1400159;"Bonfim"
"27/09/2026";"09:00:12";26;14;"RR";"Roraima";"03085";"Rorainópolis";1400472;"Rorainópolis"
"27/09/2026";"09:00:12";26;14;"RR";"Roraima";"03093";"Mucajaí";1400308;"Mucajaí"
"27/09/2026";"09:00:12";26;14;"RR";"Roraima";"03107";"Uiramutã";1400704;"Uiramutã"
"27/09/2026";"09:00:12";26;14;"RR";"Roraima";"03115";"Normandia";1400407;"Normandia"
"27/09/2026";"09:00:12";26;14;"RR";"Roraima";"03123";"Pacaraima";1400456;"Pacaraima"
"27/09/2026";"09:00:12";26;14;"RR";"Roraima";"03131";"São João Da Baliza";1400506;"São João Da Baliza"
"27/09/2026";"09:00:12";26;14;"RR";"Roraima";"03158";"São Luiz";1400605;"São Luiz"
"27/09/2026";"09:00:12";4;43;"RS";"Rio Grande Do Sul";"84735";"Áurea";4301552;"Áurea"
"27/09/2026";"09:00:12";4;43;"RS";"Rio Grande Do Sul";"84743";"Três Arroios";4321634;"Três Arroios"
"27/09/2026";"09:00:12";4;43;"RS";"Rio Grande Do Sul";"84751";"Nova Roma Do Sul";4313359;"Nova Roma Do Sul"
"27/09/2026";"09:00:12";4;43;"RS";"Rio Grande Do Sul";"84760";"Progresso";4315156;"Progresso"
"27/09/2026";"09:00:12";4;43;"RS";"Rio Grande Do Sul";"84778";"Pirapó";4314555;"Pirapó"
"27/09/2026";"09:00:12";4;43;"RS";"Rio Grande Do Sul";"84786";"Jaboticaba";4310850;"Jaboticaba"
"27/09/2026";"09:00:12";4;43;"RS";"Rio Grande Do Sul";"84794";"São Jorge";4318440;"São Jorge"
"27/09/2026";"09:00:12";4;43;"RS";"Rio Grande Do Sul";"84808";"Alto Alegre";4300554;"Alto Alegre"
"27/09/2026";"09:00:12";4;43;"RS";"Rio Grande Do Sul";"84816";"Nova Hartz";4313060;"Nova Hartz"
"27/09/2026";"09:00:12";4;43;"RS";"Rio Grande Do Sul";"84824";"Dois Lajeados";4306452;"Dois Lajeados"
"27/09/2026";"09:00:12";4;43;"RS";"Rio Grande Do Sul";"84832";"São Domingos Do Sul";4318051;"São Domingos Do Sul"
"27/09/2026";"09:00:12";4;43;"RS";"Rio Grande Do Sul";"84840";"Tunas";4322152;"Tunas"
"27/09/2026";"09:00:12";4;43;"RS";"Rio Grande Do Sul";"84859";"São João Da Urtiga";4318424;"São João Da Urtiga"
"27/09/2026";"09:00:12";4;43;"RS";"Rio Grande Do Sul";"84867";"Guabiju";4309258;"Guabiju"
"27/09/2026";"09:00:12";4;43;"RS";"Rio Grande Do Sul";"84875";"Quinze De Novembro";4315354;"Quinze De Novembro"
"27/09/2026";"09:00:12";4;43;"RS";"Rio Grande Do Sul";"84883";"Doutor Maurício Cardoso";4306734;"Doutor Maurício Cardoso"
"27/09/2026";"09:00:12";4;43;"RS";"Rio Grande Do Sul";"84891";"Capela De Santana";4304689;"Capela De Santana"
"27/09/2026";"09:00:12";4;43;"RS";"Rio Grande Do Sul";"84905";"Jaquirana";4311122;"Jaquirana"
"27/09/2026";"09:00:12";4;43;"RS";"Rio Grande Do Sul";"84913";"Vanini";4322558;"Vanini"
"27/09/2026";"09:00:12";4;43;"RS";"Rio Grande Do Sul";"84921";"Boqueirão Do Leão";4302451;"Boqueirão Do Leão"
"27/09/2026";"09:00:12";4;43;"RS";"Rio Grande Do Sul";"84930";"Fagundes Varela";4307864;"Fagundes Varela"
"27/09/2026";"09:00:12";4;43;"RS";"Rio Grande Do Sul";"84948";"Água Santa";4300059;"Água Santa"
"27/09/2026";"09:00:12";4;43;"RS";"Rio Grande Do Sul";"84956";"Silveira Martins";4320651;"Silveira Martins"
"27/09/2026";"09:00:12";4;43;"RS";"Rio Grande Do Sul";"84964";"Ibirapuitã";4309951;"Ibirapuitã"
"27/09/2026";"09:00:12";4;43;"RS";"Rio Grande Do Sul";"84972";"Ibarama";4309753;"Ibarama"
"27/09/2026";"09:00:12";4;43;"RS";"Rio Grande Do Sul";"84980";"Pantano Grande";4313953;"Pantano Grande"
"27/09/2026";"09:00:12";4;43;"RS";"Rio Grande Do Sul";"84999";"Ipê";4310439;"Ipê"
"27/09/2026";"09:00:12";4;43;"RS";"Rio Grande Do Sul";"85006";"Trindade Do Sul";4321956;"Trindade Do Sul"
"27/09/2026";"09:00:12";4;43;"RS";"Rio Grande Do Sul";"85014";"Agudo";4300109;"Agudo"
"27/09/2026";"09:00:12";4;43;"RS";"Rio Grande Do Sul";"85022";"Ernestina";4307054;"Ernestina"
"27/09/2026";"09:00:12";4;43;"RS";"Rio Grande Do Sul";"85030";"Ajuricaba";4300208;"Ajuricaba"
"27/09/2026";"09:00:12";4;43;"RS";"Rio Grande Do Sul";"85049";"Dezesseis De Novembro";4306353;"Dezesseis De Novembro"
"27/09/2026";"09:00:12";4;43;"RS";"Rio Grande Do Sul";"85057";"Alecrim";4300307;"Alecrim"
"27/09/2026";"09:00:12";4;43;"RS";"Rio Grande Do Sul";"85065";"Brochier";4302659;"Brochier"
"27/09/2026";"09:00:12";4;43;"RS";"Rio Grande Do Sul";"85073";"Alegrete";4300406;"Alegrete"
"27/09/2026";"09:00:12";4;43;"RS";"Rio Grande Do Sul";"85081";"Erebango";4306973;"Erebango"
"27/09/2026";"09:00:12";4;43;"RS";"Rio Grande Do Sul";"85090";"Alpestre";4300505;"Alpestre"
"27/09/2026";"09:00:12";4;43;"RS";"Rio Grande Do Sul";"85103";"Entre-Ijuís";4306932;"Entre-Ijuís"
"27/09/2026";"09:00:12";4;43;"RS";"Rio Grande Do Sul";"85111";"Alvorada";4300604;"Alvorada"
"27/09/2026";"09:00:12";4;43;"RS";"Rio Grande Do Sul";"85120";"Nova Esperança Do Sul";4313037;"Nova Esperança Do Sul"
"27/09/2026";"09:00:12";4;43;"RS";"Rio Grande Do Sul";"85138";"Anta Gorda";4300703;"Anta Gorda"
"27/09/2026";"09:00:12";4;43;"RS";"Rio Grande Do Sul";"85146";"Paverama";4314159;"Paverama"
"27/09/2026";"09:00:12";4;43;"RS";"Rio Grande Do Sul";"85154";"Antônio Prado";4300802;"Antônio Prado"
"27/09/2026";"09:00:12";4;43;"RS";"Rio Grande Do Sul";"85162";"Terra De Areia";4321436;"Terra De Areia"
"27/09/2026";"09:00:12";4;43;"RS";"Rio Grande Do Sul";"85170";"Aratiba";4300901;"Aratiba"
"27/09/2026";"09:00:12";4;43;"RS";"Rio Grande Do Sul";"85189";"Harmonia";4309555;"Harmonia"
"27/09/2026";"09:00:12";4;43;"RS";"Rio Grande Do Sul";"85197";"Arroio Do Meio";4301008;"Arroio Do Meio"
"27/09/2026";"09:00:12";4;43;"RS";"Rio Grande Do Sul";"85200";"Campos Borges";4304101;"Campos Borges"
"27/09/2026";"09:00:12";4;43;"RS";"Rio Grande Do Sul";"85219";"Arroio Dos Ratos";4301107;"Arroio Dos Ratos"
"27/09/2026";"09:00:12";4;43;"RS";"Rio Grande Do Sul";"85227";"Cerro Grande";4305157;"Cerro Grande"
"27/09/2026";"09:00:12";4;43;"RS";"Rio Grande Do Sul";"85235";"Arroio Do Tigre";4301206;"Arroio Do Tigre"
"27/09/2026";"09:00:12";4;43;"RS";"Rio Grande Do Sul";"85243";"Ipiranga Do Sul";4310462;"Ipiranga Do Sul"
"27/09/2026";"09:00:12";4;43;"RS";"Rio Grande Do Sul";"85251";"Arroio Grande";4301305;"Arroio Grande"
"27/09/2026";"09:00:12";4;43;"RS";"Rio Grande Do Sul";"85260";"Lagoão";4311254;"Lagoão"
"27/09/2026";"09:00:12";4;43;"RS";"Rio Grande Do Sul";"85278";"Arvorezinha";4301404;"Arvorezinha"
"27/09/2026";"09:00:12";4;43;"RS";"Rio Grande Do Sul";"85286";"Estação";4307559;"Estação"
"27/09/2026";"09:00:12";4;43;"RS";"Rio Grande Do Sul";"85294";"Augusto Pestana";4301503;"Augusto Pestana"
"27/09/2026";"09:00:12";4;43;"RS";"Rio Grande Do Sul";"85308";"Arroio Do Sal";4301057;"Arroio Do Sal"
"27/09/2026";"09:00:12";4;43;"RS";"Rio Grande Do Sul";"85316";"Bagé";4301602;"Bagé"
"27/09/2026";"09:00:12";4;43;"RS";"Rio Grande Do Sul";"85324";"São José Do Hortêncio";4318481;"São José Do Hortêncio"
"27/09/2026";"09:00:12";4;43;"RS";"Rio Grande Do Sul";"85332";"Barão De Cotegipe";4301701;"Barão De Cotegipe"
"27/09/2026";"09:00:12";4;43;"RS";"Rio Grande Do Sul";"85340";"Pinhal";4314456;"Pinhal"
"27/09/2026";"09:00:12";4;43;"RS";"Rio Grande Do Sul";"85359";"Barracão";4301800;"Barracão"
"27/09/2026";"09:00:12";4;43;"RS";"Rio Grande Do Sul";"85367";"Três Cachoeiras";4321667;"Três Cachoeiras"
"27/09/2026";"09:00:12";4;43;"RS";"Rio Grande Do Sul";"85375";"Barra Do Ribeiro";4301909;"Barra Do Ribeiro"
"27/09/2026";"09:00:12";4;43;"RS";"Rio Grande Do Sul";"85383";"São Vendelino";4319752;"São Vendelino"
"27/09/2026";"09:00:12";4;43;"RS";"Rio Grande Do Sul";"85391";"Barros Cassal";4302006;"Barros Cassal"
"27/09/2026";"09:00:12";4;43;"RS";"Rio Grande Do Sul";"85405";"Protásio Alves";4315172;"Protásio Alves"
"27/09/2026";"09:00:12";4;43;"RS";"Rio Grande Do Sul";"85413";"Bento Gonçalves";4302105;"Bento Gonçalves"
"27/09/2026";"09:00:12";4;43;"RS";"Rio Grande Do Sul";"85421";"Pouso Novo";4315131;"Pouso Novo"
"27/09/2026";"09:00:12";4;43;"RS";"Rio Grande Do Sul";"85430";"Boa Vista Do Buricá";4302204;"Boa Vista Do Buricá"
"27/09/2026";"09:00:12";4;43;"RS";"Rio Grande Do Sul";"85448";"Eugênio De Castro";4307831;"Eugênio De Castro"
"27/09/2026";"09:00:12";4;43;"RS";"Rio Grande Do Sul";"85456";"Bom Jesus";4302303;"Bom Jesus"
"27/09/2026";"09:00:12";4;43;"RS";"Rio Grande Do Sul";"85464";"Cristal";4306056;"Cristal"
"27/09/2026";"09:00:12";4;43;"RS";"Rio Grande Do Sul";"85472";"Bom Retiro Do Sul";4302402;"Bom Retiro Do Sul"
"27/09/2026";"09:00:12";4;43;"RS";"Rio Grande Do Sul";"85480";"São Miguel Das Missões";4319158;"São Miguel Das Missões"
"27/09/2026";"09:00:12";4;43;"RS";"Rio Grande Do Sul";"85499";"Bossoroca";4302501;"Bossoroca"
"27/09/2026";"09:00:12";4;43;"RS";"Rio Grande Do Sul";"85502";"Glorinha";4309050;"Glorinha"
"27/09/2026";"09:00:12";4;43;"RS";"Rio Grande Do Sul";"85510";"Braga";4302600;"Braga"
"27/09/2026";"09:00:12";4;43;"RS";"Rio Grande Do Sul";"85529";"Segredo";4320263;"Segredo"
"27/09/2026";"09:00:12";4;43;"RS";"Rio Grande Do Sul";"85537";"Butiá";4302709;"Butiá"
"27/09/2026";"09:00:12";4;43;"RS";"Rio Grande Do Sul";"85545";"Alegria";4300455;"Alegria"
"27/09/2026";"09:00:12";4;43;"RS";"Rio Grande Do Sul";"85553";"Caçapava Do Sul";4302808;"Caçapava Do Sul"
"27/09/2026";"09:00:12";4;43;"RS";"Rio Grande Do Sul";"85561";"Saldanha Marinho";4316436;"Saldanha Marinho"
"27/09/2026";"09:00:12";4;43;"RS";"Rio Grande Do Sul";"85570";"Cacequi";4302907;"Cacequi"
"27/09/2026";"09:00:12";4;43;"RS";"Rio Grande Do Sul";"85588";"São José Do Herval";4318465;"São José Do Herval"
"27/09/2026";"09:00:12";4;43;"RS";"Rio Grande Do Sul";"85596";"Cachoeira Do Sul";4303004;"Cachoeira Do Sul"
"27/09/2026";"09:00:12";4;43;"RS";"Rio Grande Do Sul";"85600";"Vista Alegre";4323507;"Vista Alegre"
"27/09/2026";"09:00:12";4;43;"RS";"Rio Grande Do Sul";"85618";"Cachoeirinha";4303103;"Cachoeirinha"
"27/09/2026";"09:00:12";4;43;"RS";"Rio Grande Do Sul";"85626";"Ivorá";4310751;"Ivorá"
"27/09/2026";"09:00:12";4;43;"RS";"Rio Grande Do Sul";"85634";"Cacique Doble";4303202;"Cacique Doble"
"27/09/2026";"09:00:12";4;43;"RS";"Rio Grande Do Sul";"85642";"Vila Maria";4323408;"Vila Maria"
"27/09/2026";"09:00:12";4;43;"RS";"Rio Grande Do Sul";"85650";"Caibaté";4303301;"Caibaté"
"27/09/2026";"09:00:12";4;43;"RS";"Rio Grande Do Sul";"85669";"Taquaruçu Do Sul";4321329;"Taquaruçu Do Sul"
"27/09/2026";"09:00:12";4;43;"RS";"Rio Grande Do Sul";"85677";"Caiçara";4303400;"Caiçara"
"27/09/2026";"09:00:12";4;43;"RS";"Rio Grande Do Sul";"85685";"Imbé";4310330;"Imbé"
"27/09/2026";"09:00:12";4;43;"RS";"Rio Grande Do Sul";"85693";"Camaquã";4303509;"Camaquã"
"27/09/2026";"09:00:12";4;43;"RS";"Rio Grande Do Sul";"85707";"Sede Nova";4320230;"Sede Nova"
"27/09/2026";"09:00:12";4;43;"RS";"Rio Grande Do Sul";"85715";"Cambará Do Sul";4303608;"Cambará Do Sul"
"27/09/2026";"09:00:12";4;43;"RS";"Rio Grande Do Sul";"85723";"Tupandi";4322251;"Tupandi"
"27/09/2026";"09:00:12";4;43;"RS";"Rio Grande Do Sul";"85731";"Campina Das Missões";4303707;"Campina Das Missões"
"27/09/2026";"09:00:12";4;43;"RS";"Rio Grande Do Sul";"85740";"Riozinho";4315750;"Riozinho"
"27/09/2026";"09:00:12";4;43;"RS";"Rio Grande Do Sul";"85758";"Campinas Do Sul";4303806;"Campinas Do Sul"
"27/09/2026";"09:00:12";4;43;"RS";"Rio Grande Do Sul";"85766";"Relvado";4315453;"Relvado"
"27/09/2026";"09:00:12";4;43;"RS";"Rio Grande Do Sul";"85774";"Campo Bom";4303905;"Campo Bom"
"27/09/2026";"09:00:12";4;43;"RS";"Rio Grande Do Sul";"85782";"Imigrante";4310363;"Imigrante"
"27/09/2026";"09:00:12";4;43;"RS";"Rio Grande Do Sul";"85790";"Campo Novo";4304002;"Campo Novo"
"27/09/2026";"09:00:12";4;43;"RS";"Rio Grande Do Sul";"85804";"Cidreira";4305454;"Cidreira"
"27/09/2026";"09:00:12";4;43;"RS";"Rio Grande Do Sul";"85812";"Candelária";4304200;"Candelária"
"27/09/2026";"09:00:12";4;43;"RS";"Rio Grande Do Sul";"85820";"Montauri";4312351;"Montauri"
"27/09/2026";"09:00:12";4;43;"RS";"Rio Grande Do Sul";"85839";"Cândido Godói";4304309;"Cândido Godói"
"27/09/2026";"09:00:12";4;43;"RS";"Rio Grande Do Sul";"85847";"Vista Gaúcha";4323705;"Vista Gaúcha"
"27/09/2026";"09:00:12";4;43;"RS";"Rio Grande Do Sul";"85855";"Canela";4304408;"Canela"
"27/09/2026";"09:00:12";4;43;"RS";"Rio Grande Do Sul";"85863";"Vista Alegre Do Prata";4323606;"Vista Alegre Do Prata"
"27/09/2026";"09:00:12";4;43;"RS";"Rio Grande Do Sul";"85871";"Canguçu";4304507;"Canguçu"
"27/09/2026";"09:00:12";4;43;"RS";"Rio Grande Do Sul";"85880";"Caseiros";4304952;"Caseiros"
"27/09/2026";"09:00:12";4;43;"RS";"Rio Grande Do Sul";"85898";"Canoas";4304606;"Canoas"
"27/09/2026";"09:00:12";4;43;"RS";"Rio Grande Do Sul";"85901";"Itacurubi";4310553;"Itacurubi"
"27/09/2026";"09:00:12";4;43;"RS";"Rio Grande Do Sul";"85910";"Carazinho";4304705;"Carazinho"
"27/09/2026";"09:00:12";4;43;"RS";"Rio Grande Do Sul";"85928";"Entre Rios Do Sul";4306957;"Entre Rios Do Sul"
"27/09/2026";"09:00:12";4;43;"RS";"Rio Grande Do Sul";"85936";"Carlos Barbosa";4304804;"Carlos Barbosa"
"27/09/2026";"09:00:12";4;43;"RS";"Rio Grande Do Sul";"85944";"Cerro Grande Do Sul";4305173;"Cerro Grande Do Sul"
"27/09/2026";"09:00:12";4;43;"RS";"Rio Grande Do Sul";"85952";"Casca";4304903;"Casca"
"27/09/2026";"09:00:12";4;43;"RS";"Rio Grande Do Sul";"85960";"Camargo";4303558;"Camargo"
"27/09/2026";"09:00:12";4;43;"RS";"Rio Grande Do Sul";"85979";"Catuípe";4305009;"Catuípe"
"27/09/2026";"09:00:12";4;43;"RS";"Rio Grande Do Sul";"85987";"Paraíso Do Sul";4314027;"Paraíso Do Sul"
"27/09/2026";"09:00:12";4;43;"RS";"Rio Grande Do Sul";"85995";"Caxias Do Sul";4305108;"Caxias Do Sul"
"27/09/2026";"09:00:12";4;43;"RS";"Rio Grande Do Sul";"86010";"Cerro Largo";4305207;"Cerro Largo"
"27/09/2026";"09:00:12";4;43;"RS";"Rio Grande Do Sul";"86029";"Faxinalzinho";4308052;"Faxinalzinho"
"27/09/2026";"09:00:12";4;43;"RS";"Rio Grande Do Sul";"86037";"Chapada";4305306;"Chapada"
"27/09/2026";"09:00:12";4;43;"RS";"Rio Grande Do Sul";"86045";"Amaral Ferrador";4300638;"Amaral Ferrador"
"27/09/2026";"09:00:12";4;43;"RS";"Rio Grande Do Sul";"86053";"Chiapetta";4305405;"Chiapetta"
"27/09/2026";"09:00:12";4;43;"RS";"Rio Grande Do Sul";"86061";"Vila Flores";4323309;"Vila Flores"
"27/09/2026";"09:00:12";4;43;"RS";"Rio Grande Do Sul";"86070";"Ciríaco";4305504;"Ciríaco"
"27/09/2026";"09:00:12";4;43;"RS";"Rio Grande Do Sul";"86088";"Cerro Branco";4305132;"Cerro Branco"
"27/09/2026";"09:00:12";4;43;"RS";"Rio Grande Do Sul";"86096";"Colorado";4305603;"Colorado"
"27/09/2026";"09:00:12";4;43;"RS";"Rio Grande Do Sul";"86100";"André Da Rocha";4300661;"André Da Rocha"
"27/09/2026";"09:00:12";4;43;"RS";"Rio Grande Do Sul";"86118";"Condor";4305702;"Condor"
"27/09/2026";"09:00:12";4;43;"RS";"Rio Grande Do Sul";"86126";"Poço Das Antas";4314753;"Poço Das Antas"
"27/09/2026";"09:00:12";4;43;"RS";"Rio Grande Do Sul";"86134";"Constantina";4305801;"Constantina"
"27/09/2026";"09:00:12";4;43;"RS";"Rio Grande Do Sul";"86142";"Três Palmeiras";4321857;"Três Palmeiras"
"27/09/2026";"09:00:12";4;43;"RS";"Rio Grande Do Sul";"86150";"Coronel Bicaco";4305900;"Coronel Bicaco"
"27/09/2026";"09:00:12";4;43;"RS";"Rio Grande Do Sul";"86169";"Nova Alvorada";4312757;"Nova Alvorada"
"27/09/2026";"09:00:12";4;43;"RS";"Rio Grande Do Sul";"86177";"Crissiumal";4306007;"Crissiumal"
"27/09/2026";"09:00:12";4;43;"RS";"Rio Grande Do Sul";"86185";"Morro Redondo";4312450;"Morro Redondo"
"27/09/2026";"09:00:12";4;43;"RS";"Rio Grande Do Sul";"86193";"Cruz Alta";4306106;"Cruz Alta"
"27/09/2026";"09:00:12";4;43;"RS";"Rio Grande Do Sul";"86207";"Santa Maria Do Herval";4316956;"Santa Maria Do Herval"
"27/09/2026";"09:00:12";4;43;"RS";"Rio Grande Do Sul";"86215";"Cruzeiro Do Sul";4306205;"Cruzeiro Do Sul"
"27/09/2026";"09:00:12";4;43;"RS";"Rio Grande Do Sul";"86223";"Barão";4301651;"Barão"
"27/09/2026";"09:00:12";4;43;"RS";"Rio Grande Do Sul";"86231";"David Canabarro";4306304;"David Canabarro"
"27/09/2026";"09:00:12";4;43;"RS";"Rio Grande Do Sul";"86240";"Eldorado Do Sul";4306767;"Eldorado Do Sul"
"27/09/2026";"09:00:12";4;43;"RS";"Rio Grande Do Sul";"86258";"Dois Irmãos";4306403;"Dois Irmãos"
"27/09/2026";"09:00:12";4;43;"RS";"Rio Grande Do Sul";"86274";"Dom Feliciano";4306502;"Dom Feliciano"
"27/09/2026";"09:00:12";4;43;"RS";"Rio Grande Do Sul";"86282";"Alto Feliz";4300570;"Alto Feliz"
"27/09/2026";"09:00:12";4;43;"RS";"Rio Grande Do Sul";"86290";"Dom Pedrito";4306601;"Dom Pedrito"
"27/09/2026";"09:00:12";4;43;"RS";"Rio Grande Do Sul";"86304";"Ametista Do Sul";4300646;"Ametista Do Sul"
"27/09/2026";"09:00:12";4;43;"RS";"Rio Grande Do Sul";"86312";"Dona Francisca";4306700;"Dona Francisca"
"27/09/2026";"09:00:12";4;43;"RS";"Rio Grande Do Sul";"86320";"Arambaré";4300851;"Arambaré"
"27/09/2026";"09:00:12";4;43;"RS";"Rio Grande Do Sul";"86339";"Encantado";4306809;"Encantado"
"27/09/2026";"09:00:12";4;43;"RS";"Rio Grande Do Sul";"86347";"Barão Do Triunfo";4301750;"Barão Do Triunfo"
"27/09/2026";"09:00:12";4;43;"RS";"Rio Grande Do Sul";"86355";"Encruzilhada Do Sul";4306908;"Encruzilhada Do Sul"
"27/09/2026";"09:00:12";4;43;"RS";"Rio Grande Do Sul";"86363";"Barra Do Guarita";4301859;"Barra Do Guarita"
"27/09/2026";"09:00:12";4;43;"RS";"Rio Grande Do Sul";"86371";"Erechim";4307005;"Erechim"
"27/09/2026";"09:00:12";4;43;"RS";"Rio Grande Do Sul";"86380";"Barra Do Rio Azul";4301925;"Barra Do Rio Azul"
"27/09/2026";"09:00:12";4;43;"RS";"Rio Grande Do Sul";"86398";"Herval";4307104;"Herval"
"27/09/2026";"09:00:12";4;43;"RS";"Rio Grande Do Sul";"86401";"Barra Funda";4301958;"Barra Funda"
"27/09/2026";"09:00:12";4;43;"RS";"Rio Grande Do Sul";"86410";"Erval Grande";4307203;"Erval Grande"
"27/09/2026";"09:00:12";4;43;"RS";"Rio Grande Do Sul";"86428";"Boa Vista Das Missões";4302154;"Boa Vista Das Missões"
"27/09/2026";"09:00:12";4;43;"RS";"Rio Grande Do Sul";"86436";"Erval Seco";4307302;"Erval Seco"
"27/09/2026";"09:00:12";4;43;"RS";"Rio Grande Do Sul";"86444";"Bom Progresso";4302378;"Bom Progresso"
"27/09/2026";"09:00:12";4;43;"RS";"Rio Grande Do Sul";"86452";"Esmeralda";4307401;"Esmeralda"
"27/09/2026";"09:00:12";4;43;"RS";"Rio Grande Do Sul";"86460";"Campestre Da Serra";4303673;"Campestre Da Serra"
"27/09/2026";"09:00:12";4;43;"RS";"Rio Grande Do Sul";"86479";"Espumoso";4307500;"Espumoso"
"27/09/2026";"09:00:12";4;43;"RS";"Rio Grande Do Sul";"86487";"Candiota";4304358;"Candiota"
"27/09/2026";"09:00:12";4;43;"RS";"Rio Grande Do Sul";"86495";"Estância Velha";4307609;"Estância Velha"
"27/09/2026";"09:00:12";4;43;"RS";"Rio Grande Do Sul";"86509";"Capitão";4304697;"Capitão"
"27/09/2026";"09:00:12";4;43;"RS";"Rio Grande Do Sul";"86517";"Esteio";4307708;"Esteio"
"27/09/2026";"09:00:12";4;43;"RS";"Rio Grande Do Sul";"86525";"Carlos Gomes";4304853;"Carlos Gomes"
"27/09/2026";"09:00:12";4;43;"RS";"Rio Grande Do Sul";"86533";"Estrela";4307807;"Estrela"
"27/09/2026";"09:00:12";4;43;"RS";"Rio Grande Do Sul";"86541";"Centenário";4305116;"Centenário"
"27/09/2026";"09:00:12";4;43;"RS";"Rio Grande Do Sul";"86550";"Farroupilha";4307906;"Farroupilha"
"27/09/2026";"09:00:12";4;43;"RS";"Rio Grande Do Sul";"86568";"Charrua";4305371;"Charrua"
"27/09/2026";"09:00:12";4;43;"RS";"Rio Grande Do Sul";"86576";"Faxinal Do Soturno";4308003;"Faxinal Do Soturno"
"27/09/2026";"09:00:12";4;43;"RS";"Rio Grande Do Sul";"86584";"Colinas";4305587;"Colinas"
"27/09/2026";"09:00:12";4;43;"RS";"Rio Grande Do Sul";"86592";"Feliz";4308102;"Feliz"
"27/09/2026";"09:00:12";4;43;"RS";"Rio Grande Do Sul";"86606";"Coqueiros Do Sul";4305850;"Coqueiros Do Sul"
"27/09/2026";"09:00:12";4;43;"RS";"Rio Grande Do Sul";"86614";"Flores Da Cunha";4308201;"Flores Da Cunha"
"27/09/2026";"09:00:12";4;43;"RS";"Rio Grande Do Sul";"86622";"Coronel Barros";4305871;"Coronel Barros"
"27/09/2026";"09:00:12";4;43;"RS";"Rio Grande Do Sul";"86630";"Fontoura Xavier";4308300;"Fontoura Xavier"
"27/09/2026";"09:00:12";4;43;"RS";"Rio Grande Do Sul";"86649";"Coxilha";4305975;"Coxilha"
"27/09/2026";"09:00:12";4;43;"RS";"Rio Grande Do Sul";"86657";"Formigueiro";4308409;"Formigueiro"
"27/09/2026";"09:00:12";4;43;"RS";"Rio Grande Do Sul";"86665";"Derrubadas";4306320;"Derrubadas"
"27/09/2026";"09:00:12";4;43;"RS";"Rio Grande Do Sul";"86673";"Frederico Westphalen";4308508;"Frederico Westphalen"
"27/09/2026";"09:00:12";4;43;"RS";"Rio Grande Do Sul";"86681";"Dois Irmãos Das Missões";4306429;"Dois Irmãos Das Missões"
"27/09/2026";"09:00:12";4;43;"RS";"Rio Grande Do Sul";"86690";"Garibaldi";4308607;"Garibaldi"
"27/09/2026";"09:00:12";4;43;"RS";"Rio Grande Do Sul";"86703";"Engenho Velho";4306924;"Engenho Velho"
"27/09/2026";"09:00:12";4;43;"RS";"Rio Grande Do Sul";"86711";"Gaurama";4308706;"Gaurama"
"27/09/2026";"09:00:12";4;43;"RS";"Rio Grande Do Sul";"86720";"Garruchos";4308656;"Garruchos"
"27/09/2026";"09:00:12";4;43;"RS";"Rio Grande Do Sul";"86738";"General Câmara";4308805;"General Câmara"
"27/09/2026";"09:00:12";4;43;"RS";"Rio Grande Do Sul";"86746";"Gentil";4308854;"Gentil"
"27/09/2026";"09:00:12";4;43;"RS";"Rio Grande Do Sul";"86754";"São Vicente Do Sul";4319802;"São Vicente Do Sul"
"27/09/2026";"09:00:12";4;43;"RS";"Rio Grande Do Sul";"86762";"Gramado Dos Loureiros";4309126;"Gramado Dos Loureiros"
"27/09/2026";"09:00:12";4;43;"RS";"Rio Grande Do Sul";"86770";"Getúlio Vargas";4308904;"Getúlio Vargas"
"27/09/2026";"09:00:12";4;43;"RS";"Rio Grande Do Sul";"86789";"Gramado Xavier";4309159;"Gramado Xavier"
"27/09/2026";"09:00:12";4;43;"RS";"Rio Grande Do Sul";"86797";"Giruá";4309001;"Giruá"
"27/09/2026";"09:00:12";4;43;"RS";"Rio Grande Do Sul";"86800";"Hulha Negra";4309654;"Hulha Negra"
"27/09/2026";"09:00:12";4;43;"RS";"Rio Grande Do Sul";"86819";"Gramado";4309100;"Gramado"
"27/09/2026";"09:00:12";4;43;"RS";"Rio Grande Do Sul";"86827";"Inhacorá";4310413;"Inhacorá"
"27/09/2026";"09:00:12";4;43;"RS";"Rio Grande Do Sul";"86835";"Gravataí";4309209;"Gravataí"
"27/09/2026";"09:00:12";4;43;"RS";"Rio Grande Do Sul";"86843";"Itapuca";4310579;"Itapuca"
"27/09/2026";"09:00:12";4;43;"RS";"Rio Grande Do Sul";"86851";"Guaíba";4309308;"Guaíba"
"27/09/2026";"09:00:12";4;43;"RS";"Rio Grande Do Sul";"86860";"Lajeado Do Bugre";4311429;"Lajeado Do Bugre"
"27/09/2026";"09:00:12";4;43;"RS";"Rio Grande Do Sul";"86878";"Guaporé";4309407;"Guaporé"
"27/09/2026";"09:00:12";4;43;"RS";"Rio Grande Do Sul";"86886";"Lagoa Dos Três Cantos";4311270;"Lagoa Dos Três Cantos"
"27/09/2026";"09:00:12";4;43;"RS";"Rio Grande Do Sul";"86894";"Guarani Das Missões";4309506;"Guarani Das Missões"
"27/09/2026";"09:00:12";4;43;"RS";"Rio Grande Do Sul";"86908";"Lindolfo Collor";4311627;"Lindolfo Collor"
"27/09/2026";"09:00:12";4;43;"RS";"Rio Grande Do Sul";"86916";"Horizontina";4309605;"Horizontina"
"27/09/2026";"09:00:12";4;43;"RS";"Rio Grande Do Sul";"86924";"Linha Nova";4311643;"Linha Nova"
"27/09/2026";"09:00:12";4;43;"RS";"Rio Grande Do Sul";"86932";"Charqueadas";4305355;"Charqueadas"
"27/09/2026";"09:00:12";4;43;"RS";"Rio Grande Do Sul";"86940";"Manoel Viana";4311759;"Manoel Viana"
"27/09/2026";"09:00:12";4;43;"RS";"Rio Grande Do Sul";"86959";"Humaitá";4309704;"Humaitá"
"27/09/2026";"09:00:12";4;43;"RS";"Rio Grande Do Sul";"86967";"Maquiné";4311775;"Maquiné"
"27/09/2026";"09:00:12";4;43;"RS";"Rio Grande Do Sul";"86975";"Ibiaçá";4309803;"Ibiaçá"
"27/09/2026";"09:00:12";4;43;"RS";"Rio Grande Do Sul";"86983";"Maratá";4311791;"Maratá"
"27/09/2026";"09:00:12";4;43;"RS";"Rio Grande Do Sul";"86991";"Ibiraiaras";4309902;"Ibiraiaras"
"27/09/2026";"09:00:12";4;43;"RS";"Rio Grande Do Sul";"87009";"Mariana Pimentel";4311981;"Mariana Pimentel"
"27/09/2026";"09:00:12";4;43;"RS";"Rio Grande Do Sul";"87017";"Ibirubá";4310009;"Ibirubá"
"27/09/2026";"09:00:12";4;43;"RS";"Rio Grande Do Sul";"87025";"Mato Castelhano";4312138;"Mato Castelhano"
"27/09/2026";"09:00:12";4;43;"RS";"Rio Grande Do Sul";"87033";"Igrejinha";4310108;"Igrejinha"
"27/09/2026";"09:00:12";4;43;"RS";"Rio Grande Do Sul";"87041";"Mato Leitão";4312153;"Mato Leitão"
"27/09/2026";"09:00:12";4;43;"RS";"Rio Grande Do Sul";"87050";"Ijuí";4310207;"Ijuí"
"27/09/2026";"09:00:12";4;43;"RS";"Rio Grande Do Sul";"87068";"Minas Do Leão";4312252;"Minas Do Leão"
"27/09/2026";"09:00:12";4;43;"RS";"Rio Grande Do Sul";"87076";"Ilópolis";4310306;"Ilópolis"
"27/09/2026";"09:00:12";4;43;"RS";"Rio Grande Do Sul";"87084";"Monte Belo Do Sul";4312385;"Monte Belo Do Sul"
"27/09/2026";"09:00:12";4;43;"RS";"Rio Grande Do Sul";"87092";"Independência";4310405;"Independência"
"27/09/2026";"09:00:12";4;43;"RS";"Rio Grande Do Sul";"87106";"Mormaço";4312427;"Mormaço"
"27/09/2026";"09:00:12";4;43;"RS";"Rio Grande Do Sul";"87114";"Iraí";4310504;"Iraí"
"27/09/2026";"09:00:12";4;43;"RS";"Rio Grande Do Sul";"87122";"Morrinhos Do Sul";4312443;"Morrinhos Do Sul"
"27/09/2026";"09:00:12";4;43;"RS";"Rio Grande Do Sul";"87130";"Itaqui";4310603;"Itaqui"
"27/09/2026";"09:00:12";4;43;"RS";"Rio Grande Do Sul";"87149";"Morro Reuter";4312476;"Morro Reuter"
"27/09/2026";"09:00:12";4;43;"RS";"Rio Grande Do Sul";"87157";"Itatiba Do Sul";4310702;"Itatiba Do Sul"
"27/09/2026";"09:00:12";4;43;"RS";"Rio Grande Do Sul";"87165";"Muliterno";4312625;"Muliterno"
"27/09/2026";"09:00:12";4;43;"RS";"Rio Grande Do Sul";"87173";"Ivoti";4310801;"Ivoti"
"27/09/2026";"09:00:12";4;43;"RS";"Rio Grande Do Sul";"87181";"Nicolau Vergueiro";4312674;"Nicolau Vergueiro"
"27/09/2026";"09:00:12";4;43;"RS";"Rio Grande Do Sul";"87190";"Jacutinga";4310900;"Jacutinga"
"27/09/2026";"09:00:12";4;43;"RS";"Rio Grande Do Sul";"87203";"Nova Boa Vista";4312955;"Nova Boa Vista"
"27/09/2026";"09:00:12";4;43;"RS";"Rio Grande Do Sul";"87211";"Jaguarão";4311007;"Jaguarão"
"27/09/2026";"09:00:12";4;43;"RS";"Rio Grande Do Sul";"87220";"Nova Pádua";4313086;"Nova Pádua"
"27/09/2026";"09:00:12";4;43;"RS";"Rio Grande Do Sul";"87238";"Jaguari";4311106;"Jaguari"
"27/09/2026";"09:00:12";4;43;"RS";"Rio Grande Do Sul";"87246";"Nova Santa Rita";4313375;"Nova Santa Rita"
"27/09/2026";"09:00:12";4;43;"RS";"Rio Grande Do Sul";"87254";"Júlio De Castilhos";4311205;"Júlio De Castilhos"
"27/09/2026";"09:00:12";4;43;"RS";"Rio Grande Do Sul";"87262";"Novo Barreiro";4313490;"Novo Barreiro"
"27/09/2026";"09:00:12";4;43;"RS";"Rio Grande Do Sul";"87270";"Lagoa Vermelha";4311304;"Lagoa Vermelha"
"27/09/2026";"09:00:12";4;43;"RS";"Rio Grande Do Sul";"87289";"Novo Machado";4313425;"Novo Machado"
"27/09/2026";"09:00:12";4;43;"RS";"Rio Grande Do Sul";"87297";"Lajeado";4311403;"Lajeado"
"27/09/2026";"09:00:12";4;43;"RS";"Rio Grande Do Sul";"87300";"Novo Tiradentes";4313441;"Novo Tiradentes"
"27/09/2026";"09:00:12";4;43;"RS";"Rio Grande Do Sul";"87319";"Lavras Do Sul";4311502;"Lavras Do Sul"
"27/09/2026";"09:00:12";4;43;"RS";"Rio Grande Do Sul";"87327";"Pareci Novo";4314035;"Pareci Novo"
"27/09/2026";"09:00:12";4;43;"RS";"Rio Grande Do Sul";"87335";"Liberato Salzano";4311601;"Liberato Salzano"
"27/09/2026";"09:00:12";4;43;"RS";"Rio Grande Do Sul";"87343";"Passo Do Sobrado";4314076;"Passo Do Sobrado"
"27/09/2026";"09:00:12";4;43;"RS";"Rio Grande Do Sul";"87351";"Machadinho";4311700;"Machadinho"
"27/09/2026";"09:00:12";4;43;"RS";"Rio Grande Do Sul";"87360";"Picada Café";4314423;"Picada Café"
"27/09/2026";"09:00:12";4;43;"RS";"Rio Grande Do Sul";"87378";"Marau";4311809;"Marau"
"27/09/2026";"09:00:12";4;43;"RS";"Rio Grande Do Sul";"87386";"Pinhal Grande";4314472;"Pinhal Grande"
"27/09/2026";"09:00:12";4;43;"RS";"Rio Grande Do Sul";"87394";"Marcelino Ramos";4311908;"Marcelino Ramos"
"27/09/2026";"09:00:12";4;43;"RS";"Rio Grande Do Sul";"87408";"Pinheirinho Do Vale";4314498;"Pinheirinho Do Vale"
"27/09/2026";"09:00:12";4;43;"RS";"Rio Grande Do Sul";"87416";"Mariano Moro";4312005;"Mariano Moro"
"27/09/2026";"09:00:12";4;43;"RS";"Rio Grande Do Sul";"87424";"Pontão";4314779;"Pontão"
"27/09/2026";"09:00:12";4;43;"RS";"Rio Grande Do Sul";"87432";"Mata";4312104;"Mata"
"27/09/2026";"09:00:12";4;43;"RS";"Rio Grande Do Sul";"87440";"Ponte Preta";4314787;"Ponte Preta"
"27/09/2026";"09:00:12";4;43;"RS";"Rio Grande Do Sul";"87459";"Maximiliano De Almeida";4312203;"Maximiliano De Almeida"
"27/09/2026";"09:00:12";4;43;"RS";"Rio Grande Do Sul";"87467";"Porto Mauá";4315057;"Porto Mauá"
"27/09/2026";"09:00:12";4;43;"RS";"Rio Grande Do Sul";"87475";"Miraguaí";4312302;"Miraguaí"
"27/09/2026";"09:00:12";4;43;"RS";"Rio Grande Do Sul";"87483";"Porto Vera Cruz";4315073;"Porto Vera Cruz"
"27/09/2026";"09:00:12";4;43;"RS";"Rio Grande Do Sul";"87491";"Montenegro";4312401;"Montenegro"
"27/09/2026";"09:00:12";4;43;"RS";"Rio Grande Do Sul";"87505";"Presidente Lucena";4315149;"Presidente Lucena"
"27/09/2026";"09:00:12";4;43;"RS";"Rio Grande Do Sul";"87513";"Mostardas";4312500;"Mostardas"
"27/09/2026";"09:00:12";4;43;"RS";"Rio Grande Do Sul";"87521";"Quevedos";4315321;"Quevedos"
"27/09/2026";"09:00:12";4;43;"RS";"Rio Grande Do Sul";"87530";"Muçum";4312609;"Muçum"
"27/09/2026";"09:00:12";4;43;"RS";"Rio Grande Do Sul";"87548";"Rio Dos Índios";4315552;"Rio Dos Índios"
"27/09/2026";"09:00:12";4;43;"RS";"Rio Grande Do Sul";"87556";"Não-Me-Toque";4312658;"Não-Me-Toque"
"27/09/2026";"09:00:12";4;43;"RS";"Rio Grande Do Sul";"87564";"Sagrada Família";4316428;"Sagrada Família"
"27/09/2026";"09:00:12";4;43;"RS";"Rio Grande Do Sul";"87572";"Nonoai";4312708;"Nonoai"
"27/09/2026";"09:00:12";4;43;"RS";"Rio Grande Do Sul";"87580";"Salvador Das Missões";4316477;"Salvador Das Missões"
"27/09/2026";"09:00:12";4;43;"RS";"Rio Grande Do Sul";"87599";"Nova Araçá";4312807;"Nova Araçá"
"27/09/2026";"09:00:12";4;43;"RS";"Rio Grande Do Sul";"87602";"Santa Clara Do Sul";4316758;"Santa Clara Do Sul"
"27/09/2026";"09:00:12";4;43;"RS";"Rio Grande Do Sul";"87610";"Nova Bassano";4312906;"Nova Bassano"
"27/09/2026";"09:00:12";4;43;"RS";"Rio Grande Do Sul";"87629";"Santa Tereza";4317251;"Santa Tereza"
"27/09/2026";"09:00:12";4;43;"RS";"Rio Grande Do Sul";"87637";"Nova Bréscia";4313003;"Nova Bréscia"
"27/09/2026";"09:00:12";4;43;"RS";"Rio Grande Do Sul";"87645";"Santo Antônio Do Palma";4317558;"Santo Antônio Do Palma"
"27/09/2026";"09:00:12";4;43;"RS";"Rio Grande Do Sul";"87653";"Nova Palma";4313102;"Nova Palma"
"27/09/2026";"09:00:12";4;43;"RS";"Rio Grande Do Sul";"87661";"Santo Antônio Do Planalto";4317756;"Santo Antônio Do Planalto"
"27/09/2026";"09:00:12";4;43;"RS";"Rio Grande Do Sul";"87670";"Nova Petrópolis";4313201;"Nova Petrópolis"
"27/09/2026";"09:00:12";4;43;"RS";"Rio Grande Do Sul";"87688";"Santo Expedito Do Sul";4317954;"Santo Expedito Do Sul"
"27/09/2026";"09:00:12";4;43;"RS";"Rio Grande Do Sul";"87696";"Nova Prata";4313300;"Nova Prata"
"27/09/2026";"09:00:12";4;43;"RS";"Rio Grande Do Sul";"87700";"São João Do Polêsine";4318432;"São João Do Polêsine"
"27/09/2026";"09:00:12";4;43;"RS";"Rio Grande Do Sul";"87718";"Novo Hamburgo";4313409;"Novo Hamburgo"
"27/09/2026";"09:00:12";4;43;"RS";"Rio Grande Do Sul";"87726";"São José Dos Ausentes";4318622;"São José Dos Ausentes"
"27/09/2026";"09:00:12";4;43;"RS";"Rio Grande Do Sul";"87734";"Osório";4313508;"Osório"
"27/09/2026";"09:00:12";4;43;"RS";"Rio Grande Do Sul";"87742";"São José Do Inhacorá";4318499;"São José Do Inhacorá"
"27/09/2026";"09:00:12";4;43;"RS";"Rio Grande Do Sul";"87750";"Paim Filho";4313607;"Paim Filho"
"27/09/2026";"09:00:12";4;43;"RS";"Rio Grande Do Sul";"87769";"São José Das Missões";4318457;"São José Das Missões"
"27/09/2026";"09:00:12";4;43;"RS";"Rio Grande Do Sul";"87777";"Palmeira Das Missões";4313706;"Palmeira Das Missões"
"27/09/2026";"09:00:12";4;43;"RS";"Rio Grande Do Sul";"87785";"São Martinho Da Serra";4319125;"São Martinho Da Serra"
"27/09/2026";"09:00:12";4;43;"RS";"Rio Grande Do Sul";"87793";"Palmitinho";4313805;"Palmitinho"
"27/09/2026";"09:00:12";4;43;"RS";"Rio Grande Do Sul";"87807";"São Pedro Da Serra";4319356;"São Pedro Da Serra"
"27/09/2026";"09:00:12";4;43;"RS";"Rio Grande Do Sul";"87815";"Panambi";4313904;"Panambi"
"27/09/2026";"09:00:12";4;43;"RS";"Rio Grande Do Sul";"87823";"São Pedro Do Butiá";4319372;"São Pedro Do Butiá"
"27/09/2026";"09:00:12";4;43;"RS";"Rio Grande Do Sul";"87831";"Paraí";4314001;"Paraí"
"27/09/2026";"09:00:12";4;43;"RS";"Rio Grande Do Sul";"87840";"São Valentim Do Sul";4319711;"São Valentim Do Sul"
"27/09/2026";"09:00:12";4;43;"RS";"Rio Grande Do Sul";"87858";"Passo Fundo";4314100;"Passo Fundo"
"27/09/2026";"09:00:12";4;43;"RS";"Rio Grande Do Sul";"87866";"São Valério Do Sul";4319737;"São Valério Do Sul"
"27/09/2026";"09:00:12";4;43;"RS";"Rio Grande Do Sul";"87874";"Pedro Osório";4314209;"Pedro Osório"
"27/09/2026";"09:00:12";4;43;"RS";"Rio Grande Do Sul";"87882";"Sentinela Do Sul";4320354;"Sentinela Do Sul"
"27/09/2026";"09:00:12";4;43;"RS";"Rio Grande Do Sul";"87890";"Pejuçara";4314308;"Pejuçara"
"27/09/2026";"09:00:12";4;43;"RS";"Rio Grande Do Sul";"87904";"Sério";4320453;"Sério"
"27/09/2026";"09:00:12";4;43;"RS";"Rio Grande Do Sul";"87912";"Pelotas";4314407;"Pelotas"
"27/09/2026";"09:00:12";4;43;"RS";"Rio Grande Do Sul";"87920";"Sertão Santana";4320552;"Sertão Santana"
"27/09/2026";"09:00:12";4;43;"RS";"Rio Grande Do Sul";"87939";"Pinheiro Machado";4314506;"Pinheiro Machado"
"27/09/2026";"09:00:12";4;43;"RS";"Rio Grande Do Sul";"87947";"Sinimbu";4320677;"Sinimbu"
"27/09/2026";"09:00:12";4;43;"RS";"Rio Grande Do Sul";"87955";"Piratini";4314605;"Piratini"
"27/09/2026";"09:00:12";4;43;"RS";"Rio Grande Do Sul";"87963";"Tiradentes Do Sul";4321477;"Tiradentes Do Sul"
"27/09/2026";"09:00:12";4;43;"RS";"Rio Grande Do Sul";"87971";"Planalto";4314704;"Planalto"
"27/09/2026";"09:00:12";4;43;"RS";"Rio Grande Do Sul";"87980";"Travesseiro";4321626;"Travesseiro"
"27/09/2026";"09:00:12";4;43;"RS";"Rio Grande Do Sul";"87998";"Portão";4314803;"Portão"
"27/09/2026";"09:00:12";4;43;"RS";"Rio Grande Do Sul";"88005";"Três Forquilhas";4321832;"Três Forquilhas"
"27/09/2026";"09:00:12";4;43;"RS";"Rio Grande Do Sul";"88013";"Porto Alegre";4314902;"Porto Alegre"
"27/09/2026";"09:00:12";4;43;"RS";"Rio Grande Do Sul";"88021";"Tupanci Do Sul";4322186;"Tupanci Do Sul"
"27/09/2026";"09:00:12";4;43;"RS";"Rio Grande Do Sul";"88030";"Porto Lucena";4315008;"Porto Lucena"
"27/09/2026";"09:00:12";4;43;"RS";"Rio Grande Do Sul";"88048";"União Da Serra";4322350;"União Da Serra"
"27/09/2026";"09:00:12";4;43;"RS";"Rio Grande Do Sul";"88056";"Porto Xavier";4315107;"Porto Xavier"
"27/09/2026";"09:00:12";4;43;"RS";"Rio Grande Do Sul";"88064";"Vale Do Sol";4322533;"Vale Do Sol"
"27/09/2026";"09:00:12";4;43;"RS";"Rio Grande Do Sul";"88072";"Putinga";4315206;"Putinga"
"27/09/2026";"09:00:12";4;43;"RS";"Rio Grande Do Sul";"88080";"Vale Real";4322541;"Vale Real"
"27/09/2026";"09:00:12";4;43;"RS";"Rio Grande Do Sul";"88099";"Quaraí";4315305;"Quaraí"
"27/09/2026";"09:00:12";4;43;"RS";"Rio Grande Do Sul";"88102";"Vila Nova Do Sul";4323457;"Vila Nova Do Sul"
"27/09/2026";"09:00:12";4;43;"RS";"Rio Grande Do Sul";"88110";"Redentora";4315404;"Redentora"
"27/09/2026";"09:00:12";4;43;"RS";"Rio Grande Do Sul";"88129";"Vitória Das Missões";4323754;"Vitória Das Missões"
"27/09/2026";"09:00:12";4;43;"RS";"Rio Grande Do Sul";"88137";"Restinga Sêca";4315503;"Restinga Seca"
"27/09/2026";"09:00:12";4;43;"RS";"Rio Grande Do Sul";"88145";"Xangri-Lá";4323804;"Xangri-Lá"
"27/09/2026";"09:00:12";4;43;"RS";"Rio Grande Do Sul";"88153";"Rio Grande";4315602;"Rio Grande"
"27/09/2026";"09:00:12";4;43;"RS";"Rio Grande Do Sul";"88161";"Boa Vista Do Sul";4302253;"Boa Vista Do Sul"
"27/09/2026";"09:00:12";4;43;"RS";"Rio Grande Do Sul";"88170";"Rio Pardo";4315701;"Rio Pardo"
"27/09/2026";"09:00:12";4;43;"RS";"Rio Grande Do Sul";"88188";"Dilermando De Aguiar";4306379;"Dilermando De Aguiar"
"27/09/2026";"09:00:12";4;43;"RS";"Rio Grande Do Sul";"88196";"Roca Sales";4315800;"Roca Sales"
"27/09/2026";"09:00:12";4;43;"RS";"Rio Grande Do Sul";"88200";"Capivari Do Sul";4304671;"Capivari Do Sul"
"27/09/2026";"09:00:12";4;43;"RS";"Rio Grande Do Sul";"88218";"Rodeio Bonito";4315909;"Rodeio Bonito"
"27/09/2026";"09:00:12";4;43;"RS";"Rio Grande Do Sul";"88226";"Nova Candelária";4313011;"Nova Candelária"
"27/09/2026";"09:00:12";4;43;"RS";"Rio Grande Do Sul";"88234";"Rolante";4316006;"Rolante"
"27/09/2026";"09:00:12";4;43;"RS";"Rio Grande Do Sul";"88242";"Floriano Peixoto";4308250;"Floriano Peixoto"
"27/09/2026";"09:00:12";4;43;"RS";"Rio Grande Do Sul";"88250";"Ronda Alta";4316105;"Ronda Alta"
"27/09/2026";"09:00:12";4;43;"RS";"Rio Grande Do Sul";"88269";"Chuvisca";4305447;"Chuvisca"
"27/09/2026";"09:00:12";4;43;"RS";"Rio Grande Do Sul";"88277";"Rondinha";4316204;"Rondinha"
"27/09/2026";"09:00:12";4;43;"RS";"Rio Grande Do Sul";"88285";"Esperança Do Sul";4307450;"Esperança Do Sul"
"27/09/2026";"09:00:12";4;43;"RS";"Rio Grande Do Sul";"88293";"Roque Gonzales";4316303;"Roque Gonzales"
"27/09/2026";"09:00:12";4;43;"RS";"Rio Grande Do Sul";"88307";"Doutor Ricardo";4306759;"Doutor Ricardo"
"27/09/2026";"09:00:12";4;43;"RS";"Rio Grande Do Sul";"88315";"Rosário Do Sul";4316402;"Rosário Do Sul"
"27/09/2026";"09:00:12";4;43;"RS";"Rio Grande Do Sul";"88323";"Herveiras";4309571;"Herveiras"
"27/09/2026";"09:00:12";4;43;"RS";"Rio Grande Do Sul";"88331";"Salvador Do Sul";4316501;"Salvador Do Sul"
"27/09/2026";"09:00:12";4;43;"RS";"Rio Grande Do Sul";"88340";"Caraá";4304713;"Caraá"
"27/09/2026";"09:00:12";4;43;"RS";"Rio Grande Do Sul";"88358";"Sananduva";4316600;"Sananduva"
"27/09/2026";"09:00:12";4;43;"RS";"Rio Grande Do Sul";"88366";"Fazenda Vilanova";4308078;"Fazenda Vilanova"
"27/09/2026";"09:00:12";4;43;"RS";"Rio Grande Do Sul";"88374";"Santa Bárbara Do Sul";4316709;"Santa Bárbara Do Sul"
"27/09/2026";"09:00:12";4;43;"RS";"Rio Grande Do Sul";"88382";"Itaara";4310538;"Itaara"
"27/09/2026";"09:00:12";4;43;"RS";"Rio Grande Do Sul";"88390";"Santa Cruz Do Sul";4316808;"Santa Cruz Do Sul"
"27/09/2026";"09:00:12";4;43;"RS";"Rio Grande Do Sul";"88404";"Estrela Velha";4307815;"Estrela Velha"
"27/09/2026";"09:00:12";4;43;"RS";"Rio Grande Do Sul";"88412";"Santa Maria";4316907;"Santa Maria"
"27/09/2026";"09:00:12";4;43;"RS";"Rio Grande Do Sul";"88420";"Benjamin Constant Do Sul";4302055;"Benjamin Constant Do Sul"
"27/09/2026";"09:00:12";4;43;"RS";"Rio Grande Do Sul";"88439";"Santana Da Boa Vista";4317004;"Santana Da Boa Vista"
"27/09/2026";"09:00:12";4;43;"RS";"Rio Grande Do Sul";"88447";"Maçambará";4311718;"Maçambará"
"27/09/2026";"09:00:12";4;43;"RS";"Rio Grande Do Sul";"88455";"Sant'Ana Do Livramento";4317103;"Sant' Ana Do Livramento"
"27/09/2026";"09:00:12";4;43;"RS";"Rio Grande Do Sul";"88463";"Dom Pedro De Alcântara";4306551;"Dom Pedro De Alcântara"
"27/09/2026";"09:00:12";4;43;"RS";"Rio Grande Do Sul";"88471";"Santa Rosa";4317202;"Santa Rosa"
"27/09/2026";"09:00:12";4;43;"RS";"Rio Grande Do Sul";"88480";"Unistalda";4322376;"Unistalda"
"27/09/2026";"09:00:12";4;43;"RS";"Rio Grande Do Sul";"88498";"Santa Vitória Do Palmar";4317301;"Santa Vitória Do Palmar"
"27/09/2026";"09:00:12";4;43;"RS";"Rio Grande Do Sul";"88501";"Turuçu";4322327;"Turuçu"
"27/09/2026";"09:00:12";4;43;"RS";"Rio Grande Do Sul";"88510";"Santiago";4317400;"Santiago"
"27/09/2026";"09:00:12";4;43;"RS";"Rio Grande Do Sul";"88528";"Cristal Do Sul";4306072;"Cristal Do Sul"
"27/09/2026";"09:00:12";4;43;"RS";"Rio Grande Do Sul";"88536";"Santo Ângelo";4317509;"Santo Ângelo"
"27/09/2026";"09:00:12";4;43;"RS";"Rio Grande Do Sul";"88544";"Muitos Capões";4312617;"Muitos Capões"
"27/09/2026";"09:00:12";4;43;"RS";"Rio Grande Do Sul";"88552";"Santo Antônio Da Patrulha";4317608;"Santo Antônio Da Patrulha"
"27/09/2026";"09:00:12";4;43;"RS";"Rio Grande Do Sul";"88560";"Nova Ramada";4313334;"Nova Ramada"
"27/09/2026";"09:00:12";4;43;"RS";"Rio Grande Do Sul";"88579";"Santo Antônio Das Missões";4317707;"Santo Antônio Das Missões"
"27/09/2026";"09:00:12";4;43;"RS";"Rio Grande Do Sul";"88587";"Jari";4311130;"Jari"
"27/09/2026";"09:00:12";4;43;"RS";"Rio Grande Do Sul";"88595";"Santo Augusto";4317806;"Santo Augusto"
"27/09/2026";"09:00:12";4;43;"RS";"Rio Grande Do Sul";"88609";"Ubiretama";4322343;"Ubiretama"
"27/09/2026";"09:00:12";4;43;"RS";"Rio Grande Do Sul";"88617";"Santo Cristo";4317905;"Santo Cristo"
"27/09/2026";"09:00:12";4;43;"RS";"Rio Grande Do Sul";"88625";"Barra Do Quaraí";4301875;"Barra Do Quaraí"
"27/09/2026";"09:00:12";4;43;"RS";"Rio Grande Do Sul";"88633";"São Borja";4318002;"São Borja"
"27/09/2026";"09:00:12";4;43;"RS";"Rio Grande Do Sul";"88641";"Cerrito";4305124;"Cerrito"
"27/09/2026";"09:00:12";4;43;"RS";"Rio Grande Do Sul";"88650";"São Francisco De Assis";4318101;"São Francisco De Assis"
"27/09/2026";"09:00:12";4;43;"RS";"Rio Grande Do Sul";"88668";"Vale Verde";4322525;"Vale Verde"
"27/09/2026";"09:00:12";4;43;"RS";"Rio Grande Do Sul";"88676";"São Francisco De Paula";4318200;"São Francisco De Paula"
"27/09/2026";"09:00:12";4;43;"RS";"Rio Grande Do Sul";"88684";"Novo Cabrais";4313391;"Novo Cabrais"
"27/09/2026";"09:00:12";4;43;"RS";"Rio Grande Do Sul";"88692";"São Gabriel";4318309;"São Gabriel"
"27/09/2026";"09:00:12";4;43;"RS";"Rio Grande Do Sul";"88706";"Sete De Setembro";4320578;"Sete De Setembro"
"27/09/2026";"09:00:12";4;43;"RS";"Rio Grande Do Sul";"88714";"São Jerônimo";4318408;"São Jerônimo"
"27/09/2026";"09:00:12";4;43;"RS";"Rio Grande Do Sul";"88722";"Tabaí";4320859;"Tabaí"
"27/09/2026";"09:00:12";4;43;"RS";"Rio Grande Do Sul";"88730";"São José Do Norte";4318507;"São José Do Norte"
"27/09/2026";"09:00:12";4;43;"RS";"Rio Grande Do Sul";"88749";"Vila Lângaro";4323358;"Vila Lângaro"
"27/09/2026";"09:00:12";4;43;"RS";"Rio Grande Do Sul";"88757";"São José Do Ouro";4318606;"São José Do Ouro"
"27/09/2026";"09:00:12";4;43;"RS";"Rio Grande Do Sul";"88765";"Senador Salgado Filho";4320321;"Senador Salgado Filho"
"27/09/2026";"09:00:12";4;43;"RS";"Rio Grande Do Sul";"88773";"São Leopoldo";4318705;"São Leopoldo"
"27/09/2026";"09:00:12";4;43;"RS";"Rio Grande Do Sul";"88781";"Vespasiano Corrêa";4322855;"Vespasiano Correa"
"27/09/2026";"09:00:12";4;43;"RS";"Rio Grande Do Sul";"88790";"São Lourenço Do Sul";4318804;"São Lourenço Do Sul"
"27/09/2026";"09:00:12";4;43;"RS";"Rio Grande Do Sul";"88803";"Monte Alegre Dos Campos";4312377;"Monte Alegre Dos Campos"
"27/09/2026";"09:00:12";4;43;"RS";"Rio Grande Do Sul";"88811";"São Luiz Gonzaga";4318903;"São Luiz Gonzaga"
"27/09/2026";"09:00:12";4;43;"RS";"Rio Grande Do Sul";"88820";"Marques De Souza";4312054;"Marques De Souza"
"27/09/2026";"09:00:12";4;43;"RS";"Rio Grande Do Sul";"88838";"São Marcos";4319000;"São Marcos"
"27/09/2026";"09:00:12";4;43;"RS";"Rio Grande Do Sul";"88846";"Chuí";4305439;"Chuí"
"27/09/2026";"09:00:12";4;43;"RS";"Rio Grande Do Sul";"88854";"São Martinho";4319109;"São Martinho"
"27/09/2026";"09:00:12";4;43;"RS";"Rio Grande Do Sul";"88862";"Araricá";4300877;"Araricá"
"27/09/2026";"09:00:12";4;43;"RS";"Rio Grande Do Sul";"88870";"São Nicolau";4319208;"São Nicolau"
"27/09/2026";"09:00:12";4;43;"RS";"Rio Grande Do Sul";"88889";"Passa Sete";4314068;"Passa Sete"
"27/09/2026";"09:00:12";4;43;"RS";"Rio Grande Do Sul";"88897";"São Paulo Das Missões";4319307;"São Paulo Das Missões"
"27/09/2026";"09:00:12";4;43;"RS";"Rio Grande Do Sul";"88900";"Toropi";4321493;"Toropi"
"27/09/2026";"09:00:12";4;43;"RS";"Rio Grande Do Sul";"88919";"São Pedro Do Sul";4319406;"São Pedro Do Sul"
"27/09/2026";"09:00:12";4;43;"RS";"Rio Grande Do Sul";"88927";"Balneário Pinhal";4301636;"Balneário Pinhal"
"27/09/2026";"09:00:12";4;43;"RS";"Rio Grande Do Sul";"88935";"São Sebastião Do Caí";4319505;"São Sebastião Do Caí"
"27/09/2026";"09:00:12";4;43;"RS";"Rio Grande Do Sul";"88943";"Mampituba";4311734;"Mampituba"
"27/09/2026";"09:00:12";4;43;"RS";"Rio Grande Do Sul";"88951";"São Sepé";4319604;"São Sepé"
"27/09/2026";"09:00:12";4;43;"RS";"Rio Grande Do Sul";"88978";"São Valentim";4319703;"São Valentim"
"27/09/2026";"09:00:12";4;43;"RS";"Rio Grande Do Sul";"88986";"Aceguá";4300034;"Aceguá"
"27/09/2026";"09:00:12";4;43;"RS";"Rio Grande Do Sul";"88994";"Sapiranga";4319901;"Sapiranga"
"27/09/2026";"09:00:12";4;43;"RS";"Rio Grande Do Sul";"89001";"Almirante Tamandaré Do Sul";4300471;"Almirante Tamandaré Do Sul"
"27/09/2026";"09:00:12";4;43;"RS";"Rio Grande Do Sul";"89010";"Sapucaia Do Sul";4320008;"Sapucaia Do Sul"
"27/09/2026";"09:00:12";4;43;"RS";"Rio Grande Do Sul";"89028";"Arroio Do Padre";4301073;"Arroio Do Padre"
"27/09/2026";"09:00:12";4;43;"RS";"Rio Grande Do Sul";"89036";"Sarandi";4320107;"Sarandi"
"27/09/2026";"09:00:12";4;43;"RS";"Rio Grande Do Sul";"89044";"Boa Vista Do Cadeado";4302220;"Boa Vista Do Cadeado"
"27/09/2026";"09:00:12";4;43;"RS";"Rio Grande Do Sul";"89052";"Seberi";4320206;"Seberi"
"27/09/2026";"09:00:12";4;43;"RS";"Rio Grande Do Sul";"89060";"Boa Vista Do Incra";4302238;"Boa Vista Do Incra"
"27/09/2026";"09:00:12";4;43;"RS";"Rio Grande Do Sul";"89079";"Selbach";4320305;"Selbach"
"27/09/2026";"09:00:12";4;43;"RS";"Rio Grande Do Sul";"89087";"Bozano";4302584;"Bozano"
"27/09/2026";"09:00:12";4;43;"RS";"Rio Grande Do Sul";"89095";"Serafina Corrêa";4320404;"Serafina Corrêa"
"27/09/2026";"09:00:12";4;43;"RS";"Rio Grande Do Sul";"89109";"Canudos Do Vale";4304614;"Canudos Do Vale"
"27/09/2026";"09:00:12";4;43;"RS";"Rio Grande Do Sul";"89117";"Sertão";4320503;"Sertão"
"27/09/2026";"09:00:12";4;43;"RS";"Rio Grande Do Sul";"89125";"Capão Bonito Do Sul";4304622;"Capão Bonito Do Sul"
"27/09/2026";"09:00:12";4;43;"RS";"Rio Grande Do Sul";"89133";"Severiano De Almeida";4320602;"Severiano De Almeida"
"27/09/2026";"09:00:12";4;43;"RS";"Rio Grande Do Sul";"89141";"Capão Do Cipó";4304655;"Capão Do Cipó"
"27/09/2026";"09:00:12";4;43;"RS";"Rio Grande Do Sul";"89150";"Capão Da Canoa";4304630;"Capão Da Canoa"
"27/09/2026";"09:00:12";4;43;"RS";"Rio Grande Do Sul";"89168";"Coqueiro Baixo";4305835;"Coqueiro Baixo"
"27/09/2026";"09:00:12";4;43;"RS";"Rio Grande Do Sul";"89176";"Sobradinho";4320701;"Sobradinho"
"27/09/2026";"09:00:12";4;43;"RS";"Rio Grande Do Sul";"89184";"Coronel Pilar";4305934;"Coronel Pilar"
"27/09/2026";"09:00:12";4;43;"RS";"Rio Grande Do Sul";"89192";"Soledade";4320800;"Soledade"
"27/09/2026";"09:00:12";4;43;"RS";"Rio Grande Do Sul";"89206";"Cruzaltense";4306130;"Cruzaltense"
"27/09/2026";"09:00:12";4;43;"RS";"Rio Grande Do Sul";"89214";"Tapejara";4320909;"Tapejara"
"27/09/2026";"09:00:12";4;43;"RS";"Rio Grande Do Sul";"89222";"Forquetinha";4308433;"Forquetinha"
"27/09/2026";"09:00:12";4;43;"RS";"Rio Grande Do Sul";"89230";"Tapera";4321006;"Tapera"
"27/09/2026";"09:00:12";4;43;"RS";"Rio Grande Do Sul";"89247";"Santa Cecília Do Sul";4316733;"Santa Cecília Do Sul"
"27/09/2026";"09:00:12";4;43;"RS";"Rio Grande Do Sul";"89249";"Itati";4310652;"Itati"
"27/09/2026";"09:00:12";4;43;"RS";"Rio Grande Do Sul";"89257";"Tapes";4321105;"Tapes"
"27/09/2026";"09:00:12";4;43;"RS";"Rio Grande Do Sul";"89265";"Jacuizinho";4310876;"Jacuizinho"
"27/09/2026";"09:00:12";4;43;"RS";"Rio Grande Do Sul";"89273";"Taquara";4321204;"Taquara"
"27/09/2026";"09:00:12";4;43;"RS";"Rio Grande Do Sul";"89281";"Lagoa Bonita Do Sul";4311239;"Lagoa Bonita Do Sul"
"27/09/2026";"09:00:12";4;43;"RS";"Rio Grande Do Sul";"89290";"Taquari";4321303;"Taquari"
"27/09/2026";"09:00:12";4;43;"RS";"Rio Grande Do Sul";"89303";"Mato Queimado";4312179;"Mato Queimado"
"27/09/2026";"09:00:12";4;43;"RS";"Rio Grande Do Sul";"89311";"Tenente Portela";4321402;"Tenente Portela"
"27/09/2026";"09:00:12";4;43;"RS";"Rio Grande Do Sul";"89320";"Novo Xingu";4313466;"Novo Xingu"
"27/09/2026";"09:00:12";4;43;"RS";"Rio Grande Do Sul";"89338";"Torres";4321501;"Torres"
"27/09/2026";"09:00:12";4;43;"RS";"Rio Grande Do Sul";"89346";"Paulo Bento";4314134;"Paulo Bento"
"27/09/2026";"09:00:12";4;43;"RS";"Rio Grande Do Sul";"89354";"Tramandaí";4321600;"Tramandaí"
"27/09/2026";"09:00:12";4;43;"RS";"Rio Grande Do Sul";"89362";"Pinhal Da Serra";4314464;"Pinhal Da Serra"
"27/09/2026";"09:00:12";4;43;"RS";"Rio Grande Do Sul";"89370";"Três Coroas";4321709;"Três Coroas"
"27/09/2026";"09:00:12";4;43;"RS";"Rio Grande Do Sul";"89389";"Quatro Irmãos";4315313;"Quatro Irmãos"
"27/09/2026";"09:00:12";4;43;"RS";"Rio Grande Do Sul";"89397";"Três De Maio";4321808;"Três De Maio"
"27/09/2026";"09:00:12";4;43;"RS";"Rio Grande Do Sul";"89400";"Rolador";4315958;"Rolador"
"27/09/2026";"09:00:12";4;43;"RS";"Rio Grande Do Sul";"89419";"Três Passos";4321907;"Três Passos"
"27/09/2026";"09:00:12";4;43;"RS";"Rio Grande Do Sul";"89435";"Triunfo";4322004;"Triunfo"
"27/09/2026";"09:00:12";4;43;"RS";"Rio Grande Do Sul";"89443";"Santa Margarida Do Sul";4316972;"Santa Margarida Do Sul"
"27/09/2026";"09:00:12";4;43;"RS";"Rio Grande Do Sul";"89451";"Tucunduva";4322103;"Tucunduva"
"27/09/2026";"09:00:12";4;43;"RS";"Rio Grande Do Sul";"89460";"São José Do Sul";4318614;"São José Do Sul"
"27/09/2026";"09:00:12";4;43;"RS";"Rio Grande Do Sul";"89478";"Tupanciretã";4322202;"Tupanciretã"
"27/09/2026";"09:00:12";4;43;"RS";"Rio Grande Do Sul";"89486";"São Pedro Das Missões";4319364;"São Pedro Das Missões"
"27/09/2026";"09:00:12";4;43;"RS";"Rio Grande Do Sul";"89494";"Tuparendi";4322301;"Tuparendi"
"27/09/2026";"09:00:12";4;43;"RS";"Rio Grande Do Sul";"89508";"Tio Hugo";4321469;"Tio Hugo"
"27/09/2026";"09:00:12";4;43;"RS";"Rio Grande Do Sul";"89516";"Uruguaiana";4322400;"Uruguaiana"
"27/09/2026";"09:00:12";4;43;"RS";"Rio Grande Do Sul";"89524";"Westfalia";4323770;"Westfalia"
"27/09/2026";"09:00:12";4;43;"RS";"Rio Grande Do Sul";"89532";"Vacaria";4322509;"Vacaria"
"27/09/2026";"09:00:12";4;43;"RS";"Rio Grande Do Sul";"89540";"Pinto Bandeira";4314548;"Pinto Bandeira"
"27/09/2026";"09:00:12";4;43;"RS";"Rio Grande Do Sul";"89559";"Venâncio Aires";4322608;"Venâncio Aires"
"27/09/2026";"09:00:12";4;43;"RS";"Rio Grande Do Sul";"89567";"Pedras Altas";4314175;"Pedras Altas"
"27/09/2026";"09:00:12";4;43;"RS";"Rio Grande Do Sul";"89575";"Vera Cruz";4322707;"Vera Cruz"
"27/09/2026";"09:00:12";4;43;"RS";"Rio Grande Do Sul";"89591";"Veranópolis";4322806;"Veranópolis"
"27/09/2026";"09:00:12";4;43;"RS";"Rio Grande Do Sul";"89613";"Viadutos";4322905;"Viadutos"
"27/09/2026";"09:00:12";4;43;"RS";"Rio Grande Do Sul";"89630";"Viamão";4323002;"Viamão"
"27/09/2026";"09:00:12";4;43;"RS";"Rio Grande Do Sul";"89656";"Vicente Dutra";4323101;"Vicente Dutra"
"27/09/2026";"09:00:12";4;43;"RS";"Rio Grande Do Sul";"89672";"Palmares Do Sul";4313656;"Palmares Do Sul"
"27/09/2026";"09:00:12";4;43;"RS";"Rio Grande Do Sul";"89699";"Victor Graeff";4323200;"Victor Graeff"
"27/09/2026";"09:00:12";4;43;"RS";"Rio Grande Do Sul";"89710";"Tavares";4321352;"Tavares"
"27/09/2026";"09:00:12";4;43;"RS";"Rio Grande Do Sul";"89737";"Capão Do Leão";4304663;"Capão Do Leão"
"27/09/2026";"09:00:12";4;43;"RS";"Rio Grande Do Sul";"89753";"Salto Do Jacuí";4316451;"Salto Do Jacuí"
"27/09/2026";"09:00:12";4;43;"RS";"Rio Grande Do Sul";"89770";"Cotiporã";4305959;"Cotiporã"
"27/09/2026";"09:00:12";4;43;"RS";"Rio Grande Do Sul";"98213";"Teutônia";4321451;"Teutônia"
"27/09/2026";"09:00:12";4;43;"RS";"Rio Grande Do Sul";"98230";"Bom Princípio";4302352;"Bom Princípio"
"27/09/2026";"09:00:12";4;43;"RS";"Rio Grande Do Sul";"98256";"Parobé";4314050;"Parobé"
"27/09/2026";"09:00:12";4;43;"RS";"Rio Grande Do Sul";"98272";"Fortaleza Dos Valos";4308458;"Fortaleza Dos Valos"
"27/09/2026";"09:00:12";4;43;"RS";"Rio Grande Do Sul";"98299";"Jóia";4311155;"Jóia"
"27/09/2026";"09:00:12";9;42;"SC";"Santa Catarina";"80004";"Monte Carlo";4211058;"Monte Carlo"
"27/09/2026";"09:00:12";9;42;"SC";"Santa Catarina";"80012";"Abelardo Luz";4200101;"Abelardo Luz"
"27/09/2026";"09:00:12";9;42;"SC";"Santa Catarina";"80020";"Iporã Do Oeste";4207650;"Iporã Do Oeste"
"27/09/2026";"09:00:12";9;42;"SC";"Santa Catarina";"80039";"Agrolândia";4200200;"Agrolândia"
"27/09/2026";"09:00:12";9;42;"SC";"Santa Catarina";"80047";"Lindóia Do Sul";4209854;"Lindóia Do Sul"
"27/09/2026";"09:00:12";9;42;"SC";"Santa Catarina";"80055";"Agronômica";4200309;"Agronômica"
"27/09/2026";"09:00:12";9;42;"SC";"Santa Catarina";"80063";"Apiúna";4201257;"Apiúna"
"27/09/2026";"09:00:12";9;42;"SC";"Santa Catarina";"80071";"Água Doce";4200408;"Água Doce"
"27/09/2026";"09:00:12";9;42;"SC";"Santa Catarina";"80080";"Doutor Pedrinho";4205159;"Doutor Pedrinho"
"27/09/2026";"09:00:12";9;42;"SC";"Santa Catarina";"80098";"Águas De Chapecó";4200507;"Águas De Chapecó"
"27/09/2026";"09:00:12";9;42;"SC";"Santa Catarina";"80101";"José Boiteux";4209151;"José Boiteux"
"27/09/2026";"09:00:12";9;42;"SC";"Santa Catarina";"80110";"Águas Mornas";4200606;"Águas Mornas"
"27/09/2026";"09:00:12";9;42;"SC";"Santa Catarina";"80128";"Vitor Meireles";4219358;"Vitor Meireles"
"27/09/2026";"09:00:12";9;42;"SC";"Santa Catarina";"80136";"Alfredo Wagner";4200705;"Alfredo Wagner"
"27/09/2026";"09:00:12";9;42;"SC";"Santa Catarina";"80144";"União Do Oeste";4218855;"União Do Oeste"
"27/09/2026";"09:00:12";9;42;"SC";"Santa Catarina";"80152";"Anchieta";4200804;"Anchieta"
"27/09/2026";"09:00:12";9;42;"SC";"Santa Catarina";"80160";"Urupema";4218954;"Urupema"
"27/09/2026";"09:00:12";9;42;"SC";"Santa Catarina";"80179";"Angelina";4200903;"Angelina"
"27/09/2026";"09:00:12";9;42;"SC";"Santa Catarina";"80187";"Iraceminha";4207759;"Iraceminha"
"27/09/2026";"09:00:12";9;42;"SC";"Santa Catarina";"80195";"Anita Garibaldi";4201000;"Anita Garibaldi"
"27/09/2026";"09:00:12";9;42;"SC";"Santa Catarina";"80209";"Timbó Grande";4218251;"Timbó Grande"
"27/09/2026";"09:00:12";9;42;"SC";"Santa Catarina";"80217";"Anitápolis";4201109;"Anitápolis"
"27/09/2026";"09:00:12";9;42;"SC";"Santa Catarina";"80225";"Abdon Batista";4200051;"Abdon Batista"
"27/09/2026";"09:00:12";9;42;"SC";"Santa Catarina";"80233";"Antônio Carlos";4201208;"Antônio Carlos"
"27/09/2026";"09:00:12";9;42;"SC";"Santa Catarina";"80241";"Santa Rosa Do Sul";4215653;"Santa Rosa Do Sul"
"27/09/2026";"09:00:12";9;42;"SC";"Santa Catarina";"80250";"Araquari";4201307;"Araquari"
"27/09/2026";"09:00:12";9;42;"SC";"Santa Catarina";"80268";"Celso Ramos";4204152;"Celso Ramos"
"27/09/2026";"09:00:12";9;42;"SC";"Santa Catarina";"80276";"Araranguá";4201406;"Araranguá"
"27/09/2026";"09:00:12";9;42;"SC";"Santa Catarina";"80284";"Serra Alta";4217550;"Serra Alta"
"27/09/2026";"09:00:12";9;42;"SC";"Santa Catarina";"80292";"Armazém";4201505;"Armazém"
"27/09/2026";"09:00:12";9;42;"SC";"Santa Catarina";"80306";"Cocal Do Sul";4204251;"Cocal Do Sul"
"27/09/2026";"09:00:12";9;42;"SC";"Santa Catarina";"80314";"Arroio Trinta";4201604;"Arroio Trinta"
"27/09/2026";"09:00:12";9;42;"SC";"Santa Catarina";"80322";"Nova Itaberaba";4211454;"Nova Itaberaba"
"27/09/2026";"09:00:12";9;42;"SC";"Santa Catarina";"80330";"Ascurra";4201703;"Ascurra"
"27/09/2026";"09:00:12";9;42;"SC";"Santa Catarina";"80349";"Santa Terezinha";4215679;"Santa Terezinha"
"27/09/2026";"09:00:12";9;42;"SC";"Santa Catarina";"80357";"Atalanta";4201802;"Atalanta"
"27/09/2026";"09:00:12";9;42;"SC";"Santa Catarina";"80365";"Mirim Doce";4210852;"Mirim Doce"
"27/09/2026";"09:00:12";9;42;"SC";"Santa Catarina";"80373";"Aurora";4201901;"Aurora"
"27/09/2026";"09:00:12";9;42;"SC";"Santa Catarina";"80381";"Cerro Negro";4204178;"Cerro Negro"
"27/09/2026";"09:00:12";9;42;"SC";"Santa Catarina";"80390";"Balneário Camboriú";4202008;"Balneário Camboriú"
"27/09/2026";"09:00:12";9;42;"SC";"Santa Catarina";"80403";"Passo De Torres";4212254;"Passo De Torres"
"27/09/2026";"09:00:12";9;42;"SC";"Santa Catarina";"80411";"Barra Velha";4202107;"Barra Velha"
"27/09/2026";"09:00:12";9;42;"SC";"Santa Catarina";"80420";"Braço Do Trombudo";4202859;"Braço Do Trombudo"
"27/09/2026";"09:00:12";9;42;"SC";"Santa Catarina";"80438";"Benedito Novo";4202206;"Benedito Novo"
"27/09/2026";"09:00:12";9;42;"SC";"Santa Catarina";"80446";"Sul Brasil";4217758;"Sul Brasil"
"27/09/2026";"09:00:12";9;42;"SC";"Santa Catarina";"80454";"Biguaçu";4202305;"Biguaçu"
"27/09/2026";"09:00:12";9;42;"SC";"Santa Catarina";"80462";"Vargem";4219150;"Vargem"
"27/09/2026";"09:00:12";9;42;"SC";"Santa Catarina";"80470";"Blumenau";4202404;"Blumenau"
"27/09/2026";"09:00:12";9;42;"SC";"Santa Catarina";"80489";"Arabutã";4201273;"Arabutã"
"27/09/2026";"09:00:12";9;42;"SC";"Santa Catarina";"80497";"Bom Retiro";4202602;"Bom Retiro"
"27/09/2026";"09:00:12";9;42;"SC";"Santa Catarina";"80500";"Águas Frias";4200556;"Águas Frias"
"27/09/2026";"09:00:12";9;42;"SC";"Santa Catarina";"80519";"Botuverá";4202701;"Botuverá"
"27/09/2026";"09:00:12";9;42;"SC";"Santa Catarina";"80527";"Guatambú";4206652;"Guatambú"
"27/09/2026";"09:00:12";9;42;"SC";"Santa Catarina";"80535";"Braço Do Norte";4202800;"Braço Do Norte"
"27/09/2026";"09:00:12";9;42;"SC";"Santa Catarina";"80543";"Planalto Alegre";4213153;"Planalto Alegre"
"27/09/2026";"09:00:12";9;42;"SC";"Santa Catarina";"80551";"Brusque";4202909;"Brusque"
"27/09/2026";"09:00:12";9;42;"SC";"Santa Catarina";"80560";"Riqueza";4215075;"Riqueza"
"27/09/2026";"09:00:12";9;42;"SC";"Santa Catarina";"80578";"Caçador";4203006;"Caçador"
"27/09/2026";"09:00:12";9;42;"SC";"Santa Catarina";"80586";"Lajeado Grande";4209458;"Lajeado Grande"
"27/09/2026";"09:00:12";9;42;"SC";"Santa Catarina";"80594";"Caibi";4203105;"Caibi"
"27/09/2026";"09:00:12";9;42;"SC";"Santa Catarina";"80608";"Rio Rufino";4215059;"Rio Rufino"
"27/09/2026";"09:00:12";9;42;"SC";"Santa Catarina";"80616";"Camboriú";4203204;"Camboriú"
"27/09/2026";"09:00:12";9;42;"SC";"Santa Catarina";"80624";"Passos Maia";4212270;"Passos Maia"
"27/09/2026";"09:00:12";9;42;"SC";"Santa Catarina";"80632";"Campo Alegre";4203303;"Campo Alegre"
"27/09/2026";"09:00:12";9;42;"SC";"Santa Catarina";"80640";"São João Do Oeste";4216255;"São João Do Oeste"
"27/09/2026";"09:00:12";9;42;"SC";"Santa Catarina";"80659";"Campo Belo Do Sul";4203402;"Campo Belo Do Sul"
"27/09/2026";"09:00:12";9;42;"SC";"Santa Catarina";"80667";"Calmon";4203154;"Calmon"
"27/09/2026";"09:00:12";9;42;"SC";"Santa Catarina";"80675";"Campo Erê";4203501;"Campo Erê"
"27/09/2026";"09:00:12";9;42;"SC";"Santa Catarina";"80683";"Balneário Barra Do Sul";4202057;"Balneário Barra Do Sul"
"27/09/2026";"09:00:12";9;42;"SC";"Santa Catarina";"80691";"Campos Novos";4203600;"Campos Novos"
"27/09/2026";"09:00:12";9;42;"SC";"Santa Catarina";"80705";"Paraíso";4212239;"Paraíso"
"27/09/2026";"09:00:12";9;42;"SC";"Santa Catarina";"80713";"Canelinha";4203709;"Canelinha"
"27/09/2026";"09:00:12";9;42;"SC";"Santa Catarina";"80721";"Santa Helena";4215554;"Santa Helena"
"27/09/2026";"09:00:12";9;42;"SC";"Santa Catarina";"80730";"Canoinhas";4203808;"Canoinhas"
"27/09/2026";"09:00:12";9;42;"SC";"Santa Catarina";"80748";"Belmonte";4202156;"Belmonte"
"27/09/2026";"09:00:12";9;42;"SC";"Santa Catarina";"80756";"Capinzal";4203907;"Capinzal"
"27/09/2026";"09:00:12";9;42;"SC";"Santa Catarina";"80764";"Novo Horizonte";4211652;"Novo Horizonte"
"27/09/2026";"09:00:12";9;42;"SC";"Santa Catarina";"80772";"Catanduvas";4204004;"Catanduvas"
"27/09/2026";"09:00:12";9;42;"SC";"Santa Catarina";"80780";"São Miguel Da Boa Vista";4217154;"São Miguel Da Boa Vista"
"27/09/2026";"09:00:12";9;42;"SC";"Santa Catarina";"80799";"Caxambu Do Sul";4204103;"Caxambu Do Sul"
"27/09/2026";"09:00:12";9;42;"SC";"Santa Catarina";"80802";"Arvoredo";4201653;"Arvoredo"
"27/09/2026";"09:00:12";9;42;"SC";"Santa Catarina";"80810";"Chapecó";4204202;"Chapecó"
"27/09/2026";"09:00:12";9;42;"SC";"Santa Catarina";"80829";"Ipuaçu";4207684;"Ipuaçu"
"27/09/2026";"09:00:12";9;42;"SC";"Santa Catarina";"80837";"Concórdia";4204301;"Concórdia"
"27/09/2026";"09:00:12";9;42;"SC";"Santa Catarina";"80845";"Ouro Verde";4211850;"Ouro Verde"
"27/09/2026";"09:00:12";9;42;"SC";"Santa Catarina";"80853";"Coronel Freitas";4204400;"Coronel Freitas"
"27/09/2026";"09:00:12";9;42;"SC";"Santa Catarina";"80861";"Irati";4207858;"Irati"
"27/09/2026";"09:00:12";9;42;"SC";"Santa Catarina";"80870";"Corupá";4204509;"Corupá"
"27/09/2026";"09:00:12";9;42;"SC";"Santa Catarina";"80888";"Formosa Do Sul";4205431;"Formosa Do Sul"
"27/09/2026";"09:00:12";9;42;"SC";"Santa Catarina";"80896";"Criciúma";4204608;"Criciúma"
"27/09/2026";"09:00:12";9;42;"SC";"Santa Catarina";"80900";"Macieira";4210050;"Macieira"
"27/09/2026";"09:00:12";9;42;"SC";"Santa Catarina";"80918";"Cunha Porã";4204707;"Cunha Porã"
"27/09/2026";"09:00:12";9;42;"SC";"Santa Catarina";"80926";"Ponte Alta Do Norte";4213351;"Ponte Alta Do Norte"
"27/09/2026";"09:00:12";9;42;"SC";"Santa Catarina";"80934";"Curitibanos";4204806;"Curitibanos"
"27/09/2026";"09:00:12";9;42;"SC";"Santa Catarina";"80942";"São Cristóvão Do Sul";4216057;"São Cristovão Do Sul"
"27/09/2026";"09:00:12";9;42;"SC";"Santa Catarina";"80950";"Descanso";4204905;"Descanso"
"27/09/2026";"09:00:12";9;42;"SC";"Santa Catarina";"80969";"Vargem Bonita";4219176;"Vargem Bonita"
"27/09/2026";"09:00:12";9;42;"SC";"Santa Catarina";"80977";"Dionísio Cerqueira";4205001;"Dionísio Cerqueira"
"27/09/2026";"09:00:12";9;42;"SC";"Santa Catarina";"80985";"Bombinhas";4202453;"Bombinhas"
"27/09/2026";"09:00:12";9;42;"SC";"Santa Catarina";"80993";"Dona Emma";4205100;"Dona Emma"
"27/09/2026";"09:00:12";9;42;"SC";"Santa Catarina";"81000";"Sangão";4215455;"Sangão"
"27/09/2026";"09:00:12";9;42;"SC";"Santa Catarina";"81019";"Erval Velho";4205209;"Erval Velho"
"27/09/2026";"09:00:12";9;42;"SC";"Santa Catarina";"81027";"Capivari De Baixo";4203956;"Capivari De Baixo"
"27/09/2026";"09:00:12";9;42;"SC";"Santa Catarina";"81035";"Faxinal Dos Guedes";4205308;"Faxinal Dos Guedes"
"27/09/2026";"09:00:12";9;42;"SC";"Santa Catarina";"81043";"Cordilheira Alta";4204350;"Cordilheira Alta"
"27/09/2026";"09:00:12";9;42;"SC";"Santa Catarina";"81051";"Florianópolis";4205407;"Florianópolis"
"27/09/2026";"09:00:12";9;42;"SC";"Santa Catarina";"81060";"Forquilhinha";4205456;"Forquilhinha"
"27/09/2026";"09:00:12";9;42;"SC";"Santa Catarina";"81078";"Fraiburgo";4205506;"Fraiburgo"
"27/09/2026";"09:00:12";9;42;"SC";"Santa Catarina";"81086";"Morro Grande";4211256;"Morro Grande"
"27/09/2026";"09:00:12";9;42;"SC";"Santa Catarina";"81094";"Galvão";4205605;"Galvão"
"27/09/2026";"09:00:12";9;42;"SC";"Santa Catarina";"81108";"Coronel Martins";4204459;"Coronel Martins"
"27/09/2026";"09:00:12";9;42;"SC";"Santa Catarina";"81116";"Governador Celso Ramos";4206009;"Governador Celso Ramos"
"27/09/2026";"09:00:12";9;42;"SC";"Santa Catarina";"81124";"São João Do Itaperiú";4216354;"São João Do Itaperiú"
"27/09/2026";"09:00:12";9;42;"SC";"Santa Catarina";"81132";"Garopaba";4205704;"Garopaba"
"27/09/2026";"09:00:12";9;42;"SC";"Santa Catarina";"81140";"Jardinópolis";4208955;"Jardinópolis"
"27/09/2026";"09:00:12";9;42;"SC";"Santa Catarina";"81159";"Garuva";4205803;"Garuva"
"27/09/2026";"09:00:12";9;42;"SC";"Santa Catarina";"81167";"Ermo";4205191;"Ermo"
"27/09/2026";"09:00:12";9;42;"SC";"Santa Catarina";"81175";"Gaspar";4205902;"Gaspar"
"27/09/2026";"09:00:12";9;42;"SC";"Santa Catarina";"81183";"São Pedro De Alcântara";4217253;"São Pedro De Alcântara"
"27/09/2026";"09:00:12";9;42;"SC";"Santa Catarina";"81191";"Grão-Pará";4206108;"Grão Pará"
"27/09/2026";"09:00:12";9;42;"SC";"Santa Catarina";"81205";"Santiago Do Sul";4215695;"Santiago Do Sul"
"27/09/2026";"09:00:12";9;42;"SC";"Santa Catarina";"81213";"Gravatal";4206207;"Gravatal"
"27/09/2026";"09:00:12";9;42;"SC";"Santa Catarina";"81221";"Bela Vista Do Toldo";4202131;"Bela Vista Do Toldo"
"27/09/2026";"09:00:12";9;42;"SC";"Santa Catarina";"81230";"Guabiruba";4206306;"Guabiruba"
"27/09/2026";"09:00:12";9;42;"SC";"Santa Catarina";"81248";"Capão Alto";4203253;"Capão Alto"
"27/09/2026";"09:00:12";9;42;"SC";"Santa Catarina";"81256";"Guaraciaba";4206405;"Guaraciaba"
"27/09/2026";"09:00:12";9;42;"SC";"Santa Catarina";"81264";"Painel";4211892;"Painel"
"27/09/2026";"09:00:12";9;42;"SC";"Santa Catarina";"81272";"Guaramirim";4206504;"Guaramirim"
"27/09/2026";"09:00:12";9;42;"SC";"Santa Catarina";"81280";"Bocaina Do Sul";4202438;"Bocaina Do Sul"
"27/09/2026";"09:00:12";9;42;"SC";"Santa Catarina";"81299";"Guarujá Do Sul";4206603;"Guarujá Do Sul"
"27/09/2026";"09:00:12";9;42;"SC";"Santa Catarina";"81302";"Alto Bela Vista";4200754;"Alto Bela Vista"
"27/09/2026";"09:00:12";9;42;"SC";"Santa Catarina";"81310";"Herval D'Oeste";4206702;"Herval D'Oeste"
"27/09/2026";"09:00:12";9;42;"SC";"Santa Catarina";"81329";"Frei Rogério";4205555;"Frei Rogério"
"27/09/2026";"09:00:12";9;42;"SC";"Santa Catarina";"81337";"Ibicaré";4206801;"Ibicaré"
"27/09/2026";"09:00:12";9;42;"SC";"Santa Catarina";"81345";"Treviso";4218350;"Treviso"
"27/09/2026";"09:00:12";9;42;"SC";"Santa Catarina";"81353";"Ibirama";4206900;"Ibirama"
"27/09/2026";"09:00:12";9;42;"SC";"Santa Catarina";"81361";"Iomerê";4207577;"Iomerê"
"27/09/2026";"09:00:12";9;42;"SC";"Santa Catarina";"81370";"Içara";4207007;"Içara"
"27/09/2026";"09:00:12";9;42;"SC";"Santa Catarina";"81388";"Bom Jesus";4202537;"Bom Jesus"
"27/09/2026";"09:00:12";9;42;"SC";"Santa Catarina";"81396";"Ilhota";4207106;"Ilhota"
"27/09/2026";"09:00:12";9;42;"SC";"Santa Catarina";"81400";"Ibiam";4206751;"Ibiam"
"27/09/2026";"09:00:12";9;42;"SC";"Santa Catarina";"81418";"Imaruí";4207205;"Imaruí"
"27/09/2026";"09:00:12";9;42;"SC";"Santa Catarina";"81426";"Entre Rios";4205175;"Entre Rios"
"27/09/2026";"09:00:12";9;42;"SC";"Santa Catarina";"81434";"Imbituba";4207304;"Imbituba"
"27/09/2026";"09:00:12";9;42;"SC";"Santa Catarina";"81442";"Paial";4211876;"Paial"
"27/09/2026";"09:00:12";9;42;"SC";"Santa Catarina";"81450";"Imbuia";4207403;"Imbuia"
"27/09/2026";"09:00:12";9;42;"SC";"Santa Catarina";"81469";"Bom Jesus Do Oeste";4202578;"Bom Jesus Do Oeste"
"27/09/2026";"09:00:12";9;42;"SC";"Santa Catarina";"81477";"Indaial";4207502;"Indaial"
"27/09/2026";"09:00:12";9;42;"SC";"Santa Catarina";"81485";"São Bernardino";4215752;"São Bernardino"
"27/09/2026";"09:00:12";9;42;"SC";"Santa Catarina";"81493";"Ipira";4207601;"Ipira"
"27/09/2026";"09:00:12";9;42;"SC";"Santa Catarina";"81507";"Santa Terezinha Do Progresso";4215687;"Santa Terezinha Do Progresso"
"27/09/2026";"09:00:12";9;42;"SC";"Santa Catarina";"81515";"Ipumirim";4207700;"Ipumirim"
"27/09/2026";"09:00:12";9;42;"SC";"Santa Catarina";"81523";"Saltinho";4215356;"Saltinho"
"27/09/2026";"09:00:12";9;42;"SC";"Santa Catarina";"81531";"Irani";4207809;"Irani"
"27/09/2026";"09:00:12";9;42;"SC";"Santa Catarina";"81540";"Jupiá";4209177;"Jupiá"
"27/09/2026";"09:00:12";9;42;"SC";"Santa Catarina";"81558";"Irineópolis";4207908;"Irineópolis"
"27/09/2026";"09:00:12";9;42;"SC";"Santa Catarina";"81566";"Palmeira";4212056;"Palmeira"
"27/09/2026";"09:00:12";9;42;"SC";"Santa Catarina";"81574";"Itá";4208005;"Itá"
"27/09/2026";"09:00:12";9;42;"SC";"Santa Catarina";"81582";"Bandeirante";4202081;"Bandeirante"
"27/09/2026";"09:00:12";9;42;"SC";"Santa Catarina";"81590";"Itaiópolis";4208104;"Itaiópolis"
"27/09/2026";"09:00:12";9;42;"SC";"Santa Catarina";"81604";"Flor Do Sertão";4205357;"Flor Do Sertão"
"27/09/2026";"09:00:12";9;42;"SC";"Santa Catarina";"81612";"Itajaí";4208203;"Itajaí"
"27/09/2026";"09:00:12";9;42;"SC";"Santa Catarina";"81620";"Cunhataí";4204756;"Cunhataí"
"27/09/2026";"09:00:12";9;42;"SC";"Santa Catarina";"81639";"Itapema";4208302;"Itapema"
"27/09/2026";"09:00:12";9;42;"SC";"Santa Catarina";"81647";"Princesa";4214151;"Princesa"
"27/09/2026";"09:00:12";9;42;"SC";"Santa Catarina";"81655";"Itapiranga";4208401;"Itapiranga"
"27/09/2026";"09:00:12";9;42;"SC";"Santa Catarina";"81663";"Itapoá";4208450;"Itapoá"
"27/09/2026";"09:00:12";9;42;"SC";"Santa Catarina";"81671";"Ituporanga";4208500;"Ituporanga"
"27/09/2026";"09:00:12";9;42;"SC";"Santa Catarina";"81680";"Tigrinhos";4217956;"Tigrinhos"
"27/09/2026";"09:00:12";9;42;"SC";"Santa Catarina";"81698";"Jaborá";4208609;"Jaborá"
"27/09/2026";"09:00:12";9;42;"SC";"Santa Catarina";"81701";"Chapadão Do Lageado";4204194;"Chapadão Do Lageado"
"27/09/2026";"09:00:12";9;42;"SC";"Santa Catarina";"81710";"Jacinto Machado";4208708;"Jacinto Machado"
"27/09/2026";"09:00:12";9;42;"SC";"Santa Catarina";"81728";"Balneário Arroio Do Silva";4201950;"Balneário Arroio Do Silva"
"27/09/2026";"09:00:12";9;42;"SC";"Santa Catarina";"81736";"Jaguaruna";4208807;"Jaguaruna"
"27/09/2026";"09:00:12";9;42;"SC";"Santa Catarina";"81744";"Balneário Gaivota";4202073;"Balneário Gaivota"
"27/09/2026";"09:00:12";9;42;"SC";"Santa Catarina";"81752";"Jaraguá Do Sul";4208906;"Jaraguá Do Sul"
"27/09/2026";"09:00:12";9;42;"SC";"Santa Catarina";"81760";"Barra Bonita";4202099;"Barra Bonita"
"27/09/2026";"09:00:12";9;42;"SC";"Santa Catarina";"81779";"Joaçaba";4209003;"Joaçaba"
"27/09/2026";"09:00:12";9;42;"SC";"Santa Catarina";"81787";"Brunópolis";4202875;"Brunópolis"
"27/09/2026";"09:00:12";9;42;"SC";"Santa Catarina";"81795";"Joinville";4209102;"Joinville"
"27/09/2026";"09:00:12";9;42;"SC";"Santa Catarina";"81809";"Luzerna";4210035;"Luzerna"
"27/09/2026";"09:00:12";9;42;"SC";"Santa Catarina";"81817";"Lacerdópolis";4209201;"Lacerdópolis"
"27/09/2026";"09:00:12";9;42;"SC";"Santa Catarina";"81825";"Zortéa";4219853;"Zortéa"
"27/09/2026";"09:00:12";9;42;"SC";"Santa Catarina";"81833";"Lages";4209300;"Lages"
"27/09/2026";"09:00:12";9;42;"SC";"Santa Catarina";"81850";"Laguna";4209409;"Laguna"
"27/09/2026";"09:00:12";9;42;"SC";"Santa Catarina";"81876";"Laurentino";4209508;"Laurentino"
"27/09/2026";"09:00:12";9;42;"SC";"Santa Catarina";"81892";"Lauro Müller";4209607;"Lauro Muller"
"27/09/2026";"09:00:12";9;42;"SC";"Santa Catarina";"81914";"Lebon Régis";4209706;"Lebon Régis"
"27/09/2026";"09:00:12";9;42;"SC";"Santa Catarina";"81930";"Leoberto Leal";4209805;"Leoberto Leal"
"27/09/2026";"09:00:12";9;42;"SC";"Santa Catarina";"81957";"Lontras";4209904;"Lontras"
"27/09/2026";"09:00:12";9;42;"SC";"Santa Catarina";"81973";"Luiz Alves";4210001;"Luiz Alves"
"27/09/2026";"09:00:12";9;42;"SC";"Santa Catarina";"81990";"Mafra";4210100;"Mafra"
"27/09/2026";"09:00:12";9;42;"SC";"Santa Catarina";"82015";"Major Gercino";4210209;"Major Gercino"
"27/09/2026";"09:00:12";9;42;"SC";"Santa Catarina";"82031";"Major Vieira";4210308;"Major Vieira"
"27/09/2026";"09:00:12";9;42;"SC";"Santa Catarina";"82058";"Maravilha";4210506;"Maravilha"
"27/09/2026";"09:00:12";9;42;"SC";"Santa Catarina";"82066";"Marema";4210555;"Marema"
"27/09/2026";"09:00:12";9;42;"SC";"Santa Catarina";"82074";"Massaranduba";4210605;"Massaranduba"
"27/09/2026";"09:00:12";9;42;"SC";"Santa Catarina";"82090";"Matos Costa";4210704;"Matos Costa"
"27/09/2026";"09:00:12";9;42;"SC";"Santa Catarina";"82112";"Meleiro";4210803;"Meleiro"
"27/09/2026";"09:00:12";9;42;"SC";"Santa Catarina";"82139";"Modelo";4210902;"Modelo"
"27/09/2026";"09:00:12";9;42;"SC";"Santa Catarina";"82155";"Mondaí";4211009;"Mondaí"
"27/09/2026";"09:00:12";9;42;"SC";"Santa Catarina";"82171";"Monte Castelo";4211108;"Monte Castelo"
"27/09/2026";"09:00:12";9;42;"SC";"Santa Catarina";"82198";"Morro Da Fumaça";4211207;"Morro Da Fumaça"
"27/09/2026";"09:00:12";9;42;"SC";"Santa Catarina";"82210";"Navegantes";4211306;"Navegantes"
"27/09/2026";"09:00:12";9;42;"SC";"Santa Catarina";"82236";"Nova Erechim";4211405;"Nova Erechim"
"27/09/2026";"09:00:12";9;42;"SC";"Santa Catarina";"82252";"Nova Trento";4211504;"Nova Trento"
"27/09/2026";"09:00:12";9;42;"SC";"Santa Catarina";"82279";"Nova Veneza";4211603;"Nova Veneza"
"27/09/2026";"09:00:12";9;42;"SC";"Santa Catarina";"82295";"Orleans";4211702;"Orleans"
"27/09/2026";"09:00:12";9;42;"SC";"Santa Catarina";"82317";"Ouro";4211801;"Ouro"
"27/09/2026";"09:00:12";9;42;"SC";"Santa Catarina";"82333";"Palhoça";4211900;"Palhoça"
"27/09/2026";"09:00:12";9;42;"SC";"Santa Catarina";"82350";"Palma Sola";4212007;"Palma Sola"
"27/09/2026";"09:00:12";9;42;"SC";"Santa Catarina";"82376";"Palmitos";4212106;"Palmitos"
"27/09/2026";"09:00:12";9;42;"SC";"Santa Catarina";"82392";"Papanduva";4212205;"Papanduva"
"27/09/2026";"09:00:12";9;42;"SC";"Santa Catarina";"82414";"Paulo Lopes";4212304;"Paulo Lopes"
"27/09/2026";"09:00:12";9;42;"SC";"Santa Catarina";"82430";"Pedras Grandes";4212403;"Pedras Grandes"
"27/09/2026";"09:00:12";9;42;"SC";"Santa Catarina";"82457";"Penha";4212502;"Penha"
"27/09/2026";"09:00:12";9;42;"SC";"Santa Catarina";"82473";"Peritiba";4212601;"Peritiba"
"27/09/2026";"09:00:12";9;42;"SC";"Santa Catarina";"82490";"Petrolândia";4212700;"Petrolândia"
"27/09/2026";"09:00:12";9;42;"SC";"Santa Catarina";"82511";"Balneário Piçarras";4212809;"Balneário Piçarras"
"27/09/2026";"09:00:12";9;42;"SC";"Santa Catarina";"82538";"Pinhalzinho";4212908;"Pinhalzinho"
"27/09/2026";"09:00:12";9;42;"SC";"Santa Catarina";"82554";"Pinheiro Preto";4213005;"Pinheiro Preto"
"27/09/2026";"09:00:12";9;42;"SC";"Santa Catarina";"82570";"Piratuba";4213104;"Piratuba"
"27/09/2026";"09:00:12";9;42;"SC";"Santa Catarina";"82597";"Pomerode";4213203;"Pomerode"
"27/09/2026";"09:00:12";9;42;"SC";"Santa Catarina";"82619";"Ponte Alta";4213302;"Ponte Alta"
"27/09/2026";"09:00:12";9;42;"SC";"Santa Catarina";"82635";"Ponte Serrada";4213401;"Ponte Serrada"
"27/09/2026";"09:00:12";9;42;"SC";"Santa Catarina";"82651";"Porto Belo";4213500;"Porto Belo"
"27/09/2026";"09:00:12";9;42;"SC";"Santa Catarina";"82678";"Porto União";4213609;"Porto União"
"27/09/2026";"09:00:12";9;42;"SC";"Santa Catarina";"82694";"Pouso Redondo";4213708;"Pouso Redondo"
"27/09/2026";"09:00:12";9;42;"SC";"Santa Catarina";"82716";"Praia Grande";4213807;"Praia Grande"
"27/09/2026";"09:00:12";9;42;"SC";"Santa Catarina";"82732";"Presidente Castello Branco";4213906;"Presidente Castello Branco"
"27/09/2026";"09:00:12";9;42;"SC";"Santa Catarina";"82759";"Presidente Getúlio";4214003;"Presidente Getúlio"
"27/09/2026";"09:00:12";9;42;"SC";"Santa Catarina";"82775";"Presidente Nereu";4214102;"Presidente Nereu"
"27/09/2026";"09:00:12";9;42;"SC";"Santa Catarina";"82791";"Quilombo";4214201;"Quilombo"
"27/09/2026";"09:00:12";9;42;"SC";"Santa Catarina";"82813";"Rancho Queimado";4214300;"Rancho Queimado"
"27/09/2026";"09:00:12";9;42;"SC";"Santa Catarina";"82830";"Rio Das Antas";4214409;"Rio Das Antas"
"27/09/2026";"09:00:12";9;42;"SC";"Santa Catarina";"82856";"Rio Do Campo";4214508;"Rio Do Campo"
"27/09/2026";"09:00:12";9;42;"SC";"Santa Catarina";"82872";"Rio Do Oeste";4214607;"Rio Do Oeste"
"27/09/2026";"09:00:12";9;42;"SC";"Santa Catarina";"82899";"Rio Dos Cedros";4214706;"Rio Dos Cedros"
"27/09/2026";"09:00:12";9;42;"SC";"Santa Catarina";"82910";"Rio Do Sul";4214805;"Rio Do Sul"
"27/09/2026";"09:00:12";9;42;"SC";"Santa Catarina";"82937";"Rio Fortuna";4214904;"Rio Fortuna"
"27/09/2026";"09:00:12";9;42;"SC";"Santa Catarina";"82953";"Rio Negrinho";4215000;"Rio Negrinho"
"27/09/2026";"09:00:12";9;42;"SC";"Santa Catarina";"82970";"Rodeio";4215109;"Rodeio"
"27/09/2026";"09:00:12";9;42;"SC";"Santa Catarina";"82996";"Romelândia";4215208;"Romelândia"
"27/09/2026";"09:00:12";9;42;"SC";"Santa Catarina";"83011";"Salete";4215307;"Salete"
"27/09/2026";"09:00:12";9;42;"SC";"Santa Catarina";"83038";"Salto Veloso";4215406;"Salto Veloso"
"27/09/2026";"09:00:12";9;42;"SC";"Santa Catarina";"83054";"Santa Cecília";4215505;"Santa Cecília"
"27/09/2026";"09:00:12";9;42;"SC";"Santa Catarina";"83070";"Santa Rosa De Lima";4215604;"Santa Rosa De Lima"
"27/09/2026";"09:00:12";9;42;"SC";"Santa Catarina";"83097";"Santo Amaro Da Imperatriz";4215703;"Santo Amaro Da Imperatriz"
"27/09/2026";"09:00:12";9;42;"SC";"Santa Catarina";"83119";"São Bento Do Sul";4215802;"São Bento Do Sul"
"27/09/2026";"09:00:12";9;42;"SC";"Santa Catarina";"83135";"São Bonifácio";4215901;"São Bonifácio"
"27/09/2026";"09:00:12";9;42;"SC";"Santa Catarina";"83151";"São Carlos";4216008;"São Carlos"
"27/09/2026";"09:00:12";9;42;"SC";"Santa Catarina";"83178";"São Domingos";4216107;"São Domingos"
"27/09/2026";"09:00:12";9;42;"SC";"Santa Catarina";"83194";"São Francisco Do Sul";4216206;"São Francisco Do Sul"
"27/09/2026";"09:00:12";9;42;"SC";"Santa Catarina";"83216";"São João Batista";4216305;"São João Batista"
"27/09/2026";"09:00:12";9;42;"SC";"Santa Catarina";"83232";"São João Do Sul";4216404;"São João Do Sul"
"27/09/2026";"09:00:12";9;42;"SC";"Santa Catarina";"83259";"São Joaquim";4216503;"São Joaquim"
"27/09/2026";"09:00:12";9;42;"SC";"Santa Catarina";"83275";"São José";4216602;"São José"
"27/09/2026";"09:00:12";9;42;"SC";"Santa Catarina";"83291";"São José Do Cedro";4216701;"São José Do Cedro"
"27/09/2026";"09:00:12";9;42;"SC";"Santa Catarina";"83313";"São José Do Cerrito";4216800;"São José Do Cerrito"
"27/09/2026";"09:00:12";9;42;"SC";"Santa Catarina";"83330";"São Lourenço Do Oeste";4216909;"São Lourenço Do Oeste"
"27/09/2026";"09:00:12";9;42;"SC";"Santa Catarina";"83356";"São Ludgero";4217006;"São Ludgero"
"27/09/2026";"09:00:12";9;42;"SC";"Santa Catarina";"83372";"São Martinho";4217105;"São Martinho"
"27/09/2026";"09:00:12";9;42;"SC";"Santa Catarina";"83399";"São Miguel Do Oeste";4217204;"São Miguel Do Oeste"
"27/09/2026";"09:00:12";9;42;"SC";"Santa Catarina";"83410";"Saudades";4217303;"Saudades"
"27/09/2026";"09:00:12";9;42;"SC";"Santa Catarina";"83437";"Schroeder";4217402;"Schroeder"
"27/09/2026";"09:00:12";9;42;"SC";"Santa Catarina";"83453";"Seara";4217501;"Seara"
"27/09/2026";"09:00:12";9;42;"SC";"Santa Catarina";"83470";"Siderópolis";4217600;"Siderópolis"
"27/09/2026";"09:00:12";9;42;"SC";"Santa Catarina";"83496";"Sombrio";4217709;"Sombrio"
"27/09/2026";"09:00:12";9;42;"SC";"Santa Catarina";"83518";"Taió";4217808;"Taió"
"27/09/2026";"09:00:12";9;42;"SC";"Santa Catarina";"83534";"Tangará";4217907;"Tangará"
"27/09/2026";"09:00:12";9;42;"SC";"Santa Catarina";"83550";"Tijucas";4218004;"Tijucas"
"27/09/2026";"09:00:12";9;42;"SC";"Santa Catarina";"83577";"Timbó";4218202;"Timbó"
"27/09/2026";"09:00:12";9;42;"SC";"Santa Catarina";"83593";"Três Barras";4218301;"Três Barras"
"27/09/2026";"09:00:12";9;42;"SC";"Santa Catarina";"83615";"Treze De Maio";4218400;"Treze De Maio"
"27/09/2026";"09:00:12";9;42;"SC";"Santa Catarina";"83631";"Treze Tílias";4218509;"Treze Tílias"
"27/09/2026";"09:00:12";9;42;"SC";"Santa Catarina";"83658";"Trombudo Central";4218608;"Trombudo Central"
"27/09/2026";"09:00:12";9;42;"SC";"Santa Catarina";"83674";"Tubarão";4218707;"Tubarão"
"27/09/2026";"09:00:12";9;42;"SC";"Santa Catarina";"83682";"Tunápolis";4218756;"Tunápolis"
"27/09/2026";"09:00:12";9;42;"SC";"Santa Catarina";"83690";"Turvo";4218806;"Turvo"
"27/09/2026";"09:00:12";9;42;"SC";"Santa Catarina";"83712";"Urubici";4218905;"Urubici"
"27/09/2026";"09:00:12";9;42;"SC";"Santa Catarina";"83739";"Urussanga";4219002;"Urussanga"
"27/09/2026";"09:00:12";9;42;"SC";"Santa Catarina";"83755";"Vargeão";4219101;"Vargeão"
"27/09/2026";"09:00:12";9;42;"SC";"Santa Catarina";"83771";"Vidal Ramos";4219200;"Vidal Ramos"
"27/09/2026";"09:00:12";9;42;"SC";"Santa Catarina";"83798";"Videira";4219309;"Videira"
"27/09/2026";"09:00:12";9;42;"SC";"Santa Catarina";"83810";"Witmarsum";4219408;"Witmarsum"
"27/09/2026";"09:00:12";9;42;"SC";"Santa Catarina";"83836";"Xanxerê";4219507;"Xanxerê"
"27/09/2026";"09:00:12";9;42;"SC";"Santa Catarina";"83852";"Xavantina";4219606;"Xavantina"
"27/09/2026";"09:00:12";9;42;"SC";"Santa Catarina";"83879";"Xaxim";4219705;"Xaxim"
"27/09/2026";"09:00:12";9;42;"SC";"Santa Catarina";"83895";"Bom Jardim Da Serra";4202503;"Bom Jardim Da Serra"
"27/09/2026";"09:00:12";9;42;"SC";"Santa Catarina";"83909";"Balneário Rincão";4220000;"Balneário Rincão"
"27/09/2026";"09:00:12";9;42;"SC";"Santa Catarina";"83917";"Maracajá";4210407;"Maracajá"
"27/09/2026";"09:00:12";9;42;"SC";"Santa Catarina";"83925";"Pescaria Brava";4212650;"Pescaria Brava"
"27/09/2026";"09:00:12";9;42;"SC";"Santa Catarina";"83933";"Timbé Do Sul";4218103;"Timbé Do Sul"
"27/09/2026";"09:00:12";9;42;"SC";"Santa Catarina";"83950";"Correia Pinto";4204558;"Correia Pinto"
"27/09/2026";"09:00:12";9;42;"SC";"Santa Catarina";"83976";"Otacílio Costa";4211751;"Otacílio Costa"
"27/09/2026";"09:00:12";21;28;"SE";"Sergipe";"31003";"Santana Do São Francisco";2806404;"Santana Do São Francisco"
"27/09/2026";"09:00:12";21;28;"SE";"Sergipe";"31011";"Amparo De São Francisco";2800100;"Amparo De São Francisco"
"27/09/2026";"09:00:12";21;28;"SE";"Sergipe";"31038";"Aquidabã";2800209;"Aquidabã"
"27/09/2026";"09:00:12";21;28;"SE";"Sergipe";"31054";"Aracaju";2800308;"Aracaju"
"27/09/2026";"09:00:12";21;28;"SE";"Sergipe";"31070";"Arauá";2800407;"Arauá"
"27/09/2026";"09:00:12";21;28;"SE";"Sergipe";"31097";"Areia Branca";2800506;"Areia Branca"
"27/09/2026";"09:00:12";21;28;"SE";"Sergipe";"31119";"Barra Dos Coqueiros";2800605;"Barra Dos Coqueiros"
"27/09/2026";"09:00:12";21;28;"SE";"Sergipe";"31135";"Brejo Grande";2800704;"Brejo Grande"
"27/09/2026";"09:00:12";21;28;"SE";"Sergipe";"31151";"Boquim";2800670;"Boquim"
"27/09/2026";"09:00:12";21;28;"SE";"Sergipe";"31194";"Campo Do Brito";2801009;"Campo Do Brito"
"27/09/2026";"09:00:12";21;28;"SE";"Sergipe";"31216";"Canhoba";2801108;"Canhoba"
"27/09/2026";"09:00:12";21;28;"SE";"Sergipe";"31232";"Canindé De São Francisco";2801207;"Canindé De São Francisco"
"27/09/2026";"09:00:12";21;28;"SE";"Sergipe";"31259";"Capela";2801306;"Capela"
"27/09/2026";"09:00:12";21;28;"SE";"Sergipe";"31275";"Carira";2801405;"Carira"
"27/09/2026";"09:00:12";21;28;"SE";"Sergipe";"31291";"Carmópolis";2801504;"Carmópolis"
"27/09/2026";"09:00:12";21;28;"SE";"Sergipe";"31313";"Cedro De São João";2801603;"Cedro De São João"
"27/09/2026";"09:00:12";21;28;"SE";"Sergipe";"31330";"Cristinápolis";2801702;"Cristinápolis"
"27/09/2026";"09:00:12";21;28;"SE";"Sergipe";"31356";"Nossa Senhora Aparecida";2804458;"Nossa Senhora Aparecida"
"27/09/2026";"09:00:12";21;28;"SE";"Sergipe";"31372";"Cumbe";2801900;"Cumbe"
"27/09/2026";"09:00:12";21;28;"SE";"Sergipe";"31399";"Divina Pastora";2802007;"Divina Pastora"
"27/09/2026";"09:00:12";21;28;"SE";"Sergipe";"31410";"Estância";2802106;"Estância"
"27/09/2026";"09:00:12";21;28;"SE";"Sergipe";"31437";"Feira Nova";2802205;"Feira Nova"
"27/09/2026";"09:00:12";21;28;"SE";"Sergipe";"31453";"Frei Paulo";2802304;"Frei Paulo"
"27/09/2026";"09:00:12";21;28;"SE";"Sergipe";"31470";"General Maynard";2802502;"General Maynard"
"27/09/2026";"09:00:12";21;28;"SE";"Sergipe";"31496";"Gararu";2802403;"Gararu"
"27/09/2026";"09:00:12";21;28;"SE";"Sergipe";"31518";"Graccho Cardoso";2802601;"Gracho Cardoso"
"27/09/2026";"09:00:12";21;28;"SE";"Sergipe";"31534";"Ilha Das Flores";2802700;"Ilha Das Flores"
"27/09/2026";"09:00:12";21;28;"SE";"Sergipe";"31550";"Indiaroba";2802809;"Indiaroba"
"27/09/2026";"09:00:12";21;28;"SE";"Sergipe";"31577";"Itabaiana";2802908;"Itabaiana"
"27/09/2026";"09:00:12";21;28;"SE";"Sergipe";"31593";"Itabaianinha";2803005;"Itabaianinha"
"27/09/2026";"09:00:12";21;28;"SE";"Sergipe";"31615";"Itabi";2803104;"Itabi"
"27/09/2026";"09:00:12";21;28;"SE";"Sergipe";"31631";"Itaporanga D'Ajuda";2803203;"Itaporanga D'Ajuda"
"27/09/2026";"09:00:12";21;28;"SE";"Sergipe";"31658";"Japaratuba";2803302;"Japaratuba"
"27/09/2026";"09:00:12";21;28;"SE";"Sergipe";"31674";"Japoatã";2803401;"Japoatã"
"27/09/2026";"09:00:12";21;28;"SE";"Sergipe";"31690";"Lagarto";2803500;"Lagarto"
"27/09/2026";"09:00:12";21;28;"SE";"Sergipe";"31712";"Laranjeiras";2803609;"Laranjeiras"
"27/09/2026";"09:00:12";21;28;"SE";"Sergipe";"31739";"Macambira";2803708;"Macambira"
"27/09/2026";"09:00:12";21;28;"SE";"Sergipe";"31755";"Malhada Dos Bois";2803807;"Malhada Dos Bois"
"27/09/2026";"09:00:12";21;28;"SE";"Sergipe";"31771";"Malhador";2803906;"Malhador"
"27/09/2026";"09:00:12";21;28;"SE";"Sergipe";"31798";"Maruim";2804003;"Maruim"
"27/09/2026";"09:00:12";21;28;"SE";"Sergipe";"31810";"Moita Bonita";2804102;"Moita Bonita"
"27/09/2026";"09:00:12";21;28;"SE";"Sergipe";"31836";"Monte Alegre De Sergipe";2804201;"Monte Alegre De Sergipe"
"27/09/2026";"09:00:12";21;28;"SE";"Sergipe";"31852";"Muribeca";2804300;"Muribeca"
"27/09/2026";"09:00:12";21;28;"SE";"Sergipe";"31879";"Neópolis";2804409;"Neópolis"
"27/09/2026";"09:00:12";21;28;"SE";"Sergipe";"31895";"Nossa Senhora Da Glória";2804508;"Nossa Senhora Da Glória"
"27/09/2026";"09:00:12";21;28;"SE";"Sergipe";"31917";"Nossa Senhora Das Dores";2804607;"Nossa Senhora Das Dores"
"27/09/2026";"09:00:12";21;28;"SE";"Sergipe";"31933";"Nossa Senhora De Lourdes";2804706;"Nossa Senhora De Lourdes"
"27/09/2026";"09:00:12";21;28;"SE";"Sergipe";"31950";"Nossa Senhora Do Socorro";2804805;"Nossa Senhora Do Socorro"
"27/09/2026";"09:00:12";21;28;"SE";"Sergipe";"31976";"Pacatuba";2804904;"Pacatuba"
"27/09/2026";"09:00:12";21;28;"SE";"Sergipe";"31992";"Pedra Mole";2805000;"Pedra Mole"
"27/09/2026";"09:00:12";21;28;"SE";"Sergipe";"32018";"Pedrinhas";2805109;"Pedrinhas"
"27/09/2026";"09:00:12";21;28;"SE";"Sergipe";"32034";"Pinhão";2805208;"Pinhão"
"27/09/2026";"09:00:12";21;28;"SE";"Sergipe";"32050";"Pirambu";2805307;"Pirambu"
"27/09/2026";"09:00:12";21;28;"SE";"Sergipe";"32077";"Poço Redondo";2805406;"Poço Redondo"
"27/09/2026";"09:00:12";21;28;"SE";"Sergipe";"32093";"Poço Verde";2805505;"Poço Verde"
"27/09/2026";"09:00:12";21;28;"SE";"Sergipe";"32115";"Porto Da Folha";2805604;"Porto Da Folha"
"27/09/2026";"09:00:12";21;28;"SE";"Sergipe";"32131";"Propriá";2805703;"Propriá"
"27/09/2026";"09:00:12";21;28;"SE";"Sergipe";"32158";"Riachão Do Dantas";2805802;"Riachão Do Dantas"
"27/09/2026";"09:00:12";21;28;"SE";"Sergipe";"32174";"Riachuelo";2805901;"Riachuelo"
"27/09/2026";"09:00:12";21;28;"SE";"Sergipe";"32190";"Ribeirópolis";2806008;"Ribeirópolis"
"27/09/2026";"09:00:12";21;28;"SE";"Sergipe";"32212";"Rosário Do Catete";2806107;"Rosário Do Catete"
"27/09/2026";"09:00:12";21;28;"SE";"Sergipe";"32239";"Salgado";2806206;"Salgado"
"27/09/2026";"09:00:12";21;28;"SE";"Sergipe";"32255";"Santa Luzia Do Itanhy";2806305;"Santa Luzia Do Itanhy"
"27/09/2026";"09:00:12";21;28;"SE";"Sergipe";"32298";"Santa Rosa De Lima";2806503;"Santa Rosa De Lima"
"27/09/2026";"09:00:12";21;28;"SE";"Sergipe";"32310";"Santo Amaro Das Brotas";2806602;"Santo Amaro Das Brotas"
"27/09/2026";"09:00:12";21;28;"SE";"Sergipe";"32336";"São Cristóvão";2806701;"São Cristóvão"
"27/09/2026";"09:00:12";21;28;"SE";"Sergipe";"32352";"São Domingos";2806800;"São Domingos"
"27/09/2026";"09:00:12";21;28;"SE";"Sergipe";"32379";"São Francisco";2806909;"São Francisco"
"27/09/2026";"09:00:12";21;28;"SE";"Sergipe";"32395";"São Miguel Do Aleixo";2807006;"São Miguel Do Aleixo"
"27/09/2026";"09:00:12";21;28;"SE";"Sergipe";"32417";"Simão Dias";2807105;"Simão Dias"
"27/09/2026";"09:00:12";21;28;"SE";"Sergipe";"32433";"Siriri";2807204;"Siriri"
"27/09/2026";"09:00:12";21;28;"SE";"Sergipe";"32450";"Telha";2807303;"Telha"
"27/09/2026";"09:00:12";21;28;"SE";"Sergipe";"32476";"Tobias Barreto";2807402;"Tobias Barreto"
"27/09/2026";"09:00:12";21;28;"SE";"Sergipe";"32492";"Tomar Do Geru";2807501;"Tomar Do Geru"
"27/09/2026";"09:00:12";21;28;"SE";"Sergipe";"32514";"Umbaúba";2807600;"Umbaúba"
"27/09/2026";"09:00:12";1;35;"SP";"São Paulo";"61000";"Euclides Da Cunha Paulista";3515350;"Euclides Da Cunha Paulista"
"27/09/2026";"09:00:12";1;35;"SP";"São Paulo";"61018";"Adamantina";3500105;"Adamantina"
"27/09/2026";"09:00:12";1;35;"SP";"São Paulo";"61026";"Borebi";3507456;"Borebi"
"27/09/2026";"09:00:12";1;35;"SP";"São Paulo";"61034";"Adolfo";3500204;"Adolfo"
"27/09/2026";"09:00:12";1;35;"SP";"São Paulo";"61042";"Tarumã";3553955;"Tarumã"
"27/09/2026";"09:00:12";1;35;"SP";"São Paulo";"61050";"Aguaí";3500303;"Aguaí"
"27/09/2026";"09:00:12";1;35;"SP";"São Paulo";"61069";"Motuca";3532058;"Motuca"
"27/09/2026";"09:00:12";1;35;"SP";"São Paulo";"61077";"Águas Da Prata";3500402;"Águas Da Prata"
"27/09/2026";"09:00:12";1;35;"SP";"São Paulo";"61085";"Iaras";3519253;"Iaras"
"27/09/2026";"09:00:12";1;35;"SP";"São Paulo";"61093";"Águas De Lindóia";3500501;"Águas De Lindóia"
"27/09/2026";"09:00:12";1;35;"SP";"São Paulo";"61107";"Guatapará";3518859;"Guatapará"
"27/09/2026";"09:00:12";1;35;"SP";"São Paulo";"61115";"Águas De São Pedro";3500600;"Águas De São Pedro"
"27/09/2026";"09:00:12";1;35;"SP";"São Paulo";"61123";"Dirce Reis";3513850;"Dirce Reis"
"27/09/2026";"09:00:12";1;35;"SP";"São Paulo";"61131";"Agudos";3500709;"Agudos"
"27/09/2026";"09:00:12";1;35;"SP";"São Paulo";"61140";"Espírito Santo Do Turvo";3515194;"Espírito Santo Do Turvo"
"27/09/2026";"09:00:12";1;35;"SP";"São Paulo";"61158";"Alfredo Marcondes";3500808;"Alfredo Marcondes"
"27/09/2026";"09:00:12";1;35;"SP";"São Paulo";"61166";"Rosana";3544251;"Rosana"
"27/09/2026";"09:00:12";1;35;"SP";"São Paulo";"61174";"Altair";3500907;"Altair"
"27/09/2026";"09:00:12";1;35;"SP";"São Paulo";"61182";"Embaúba";3514957;"Embaúba"
"27/09/2026";"09:00:12";1;35;"SP";"São Paulo";"61190";"Altinópolis";3501004;"Altinópolis"
"27/09/2026";"09:00:12";1;35;"SP";"São Paulo";"61204";"Ilha Solteira";3520442;"Ilha Solteira"
"27/09/2026";"09:00:12";1;35;"SP";"São Paulo";"61212";"Alto Alegre";3501103;"Alto Alegre"
"27/09/2026";"09:00:12";1;35;"SP";"São Paulo";"61220";"Alumínio";3501152;"Alumínio"
"27/09/2026";"09:00:12";1;35;"SP";"São Paulo";"61239";"Álvares Florence";3501202;"Álvares Florence"
"27/09/2026";"09:00:12";1;35;"SP";"São Paulo";"61247";"Pedrinhas Paulista";3537156;"Pedrinhas Paulista"
"27/09/2026";"09:00:12";1;35;"SP";"São Paulo";"61255";"Álvares Machado";3501301;"Álvares Machado"
"27/09/2026";"09:00:12";1;35;"SP";"São Paulo";"61263";"Araçariguama";3502754;"Araçariguama"
"27/09/2026";"09:00:12";1;35;"SP";"São Paulo";"61271";"Álvaro De Carvalho";3501400;"Álvaro De Carvalho"
"27/09/2026";"09:00:12";1;35;"SP";"São Paulo";"61280";"Bertioga";3506359;"Bertioga"
"27/09/2026";"09:00:12";1;35;"SP";"São Paulo";"61298";"Alvinlândia";3501509;"Alvinlândia"
"27/09/2026";"09:00:12";1;35;"SP";"São Paulo";"61301";"Suzanápolis";3552551;"Suzanápolis"
"27/09/2026";"09:00:12";1;35;"SP";"São Paulo";"61310";"Americana";3501608;"Americana"
"27/09/2026";"09:00:12";1;35;"SP";"São Paulo";"61328";"Santo Antônio Do Aracanguá";3548054;"Santo Antônio Do Aracanguá"
"27/09/2026";"09:00:12";1;35;"SP";"São Paulo";"61336";"Américo Brasiliense";3501707;"Américo Brasiliense"
"27/09/2026";"09:00:12";1;35;"SP";"São Paulo";"61344";"Canitar";3510153;"Canitar"
"27/09/2026";"09:00:12";1;35;"SP";"São Paulo";"61352";"Américo De Campos";3501806;"Américo De Campos"
"27/09/2026";"09:00:12";1;35;"SP";"São Paulo";"61360";"Barra Do Chapéu";3505351;"Barra Do Chapéu"
"27/09/2026";"09:00:12";1;35;"SP";"São Paulo";"61379";"Amparo";3501905;"Amparo"
"27/09/2026";"09:00:12";1;35;"SP";"São Paulo";"61387";"Emilianópolis";3515129;"Emilianópolis"
"27/09/2026";"09:00:12";1;35;"SP";"São Paulo";"61395";"Analândia";3502002;"Analândia"
"27/09/2026";"09:00:12";1;35;"SP";"São Paulo";"61409";"Novais";3533254;"Novais"
"27/09/2026";"09:00:12";1;35;"SP";"São Paulo";"61417";"Andradina";3502101;"Andradina"
"27/09/2026";"09:00:12";1;35;"SP";"São Paulo";"61425";"Nova Canaã Paulista";3532843;"Nova Canaã Paulista"
"27/09/2026";"09:00:12";1;35;"SP";"São Paulo";"61433";"Angatuba";3502200;"Angatuba"
"27/09/2026";"09:00:12";1;35;"SP";"São Paulo";"61441";"Saltinho";3545159;"Saltinho"
"27/09/2026";"09:00:12";1;35;"SP";"São Paulo";"61450";"Anhembi";3502309;"Anhembi"
"27/09/2026";"09:00:12";1;35;"SP";"São Paulo";"61468";"Ubarana";3555356;"Ubarana"
"27/09/2026";"09:00:12";1;35;"SP";"São Paulo";"61476";"Anhumas";3502408;"Anhumas"
"27/09/2026";"09:00:12";1;35;"SP";"São Paulo";"61484";"Cajati";3509254;"Cajati"
"27/09/2026";"09:00:12";1;35;"SP";"São Paulo";"61492";"Aparecida";3502507;"Aparecida"
"27/09/2026";"09:00:12";1;35;"SP";"São Paulo";"61506";"Campina Do Monte Alegre";3509452;"Campina Do Monte Alegre"
"27/09/2026";"09:00:12";1;35;"SP";"São Paulo";"61514";"Aparecida D'Oeste";3502606;"Aparecida D'Oeste"
"27/09/2026";"09:00:12";1;35;"SP";"São Paulo";"61522";"Aspásia";3503950;"Aspásia"
"27/09/2026";"09:00:12";1;35;"SP";"São Paulo";"61530";"Apiaí";3502705;"Apiaí"
"27/09/2026";"09:00:12";1;35;"SP";"São Paulo";"61549";"Vargem";3556354;"Vargem"
"27/09/2026";"09:00:12";1;35;"SP";"São Paulo";"61557";"Araçatuba";3502804;"Araçatuba"
"27/09/2026";"09:00:12";1;35;"SP";"São Paulo";"61565";"Potim";3540754;"Potim"
"27/09/2026";"09:00:12";1;35;"SP";"São Paulo";"61573";"Araçoiaba Da Serra";3502903;"Araçoiaba Da Serra"
"27/09/2026";"09:00:12";1;35;"SP";"São Paulo";"61581";"Alambari";3500758;"Alambari"
"27/09/2026";"09:00:12";1;35;"SP";"São Paulo";"61590";"Aramina";3503000;"Aramina"
"27/09/2026";"09:00:12";1;35;"SP";"São Paulo";"61603";"Itaoca";3522158;"Itaóca"
"27/09/2026";"09:00:12";1;35;"SP";"São Paulo";"61611";"Arandu";3503109;"Arandu"
"27/09/2026";"09:00:12";1;35;"SP";"São Paulo";"61620";"Tuiuti";3554953;"Tuiuti"
"27/09/2026";"09:00:12";1;35;"SP";"São Paulo";"61638";"Araraquara";3503208;"Araraquara"
"27/09/2026";"09:00:12";1;35;"SP";"São Paulo";"61646";"Arapeí";3503158;"Arapeí"
"27/09/2026";"09:00:12";1;35;"SP";"São Paulo";"61654";"Araras";3503307;"Araras"
"27/09/2026";"09:00:12";1;35;"SP";"São Paulo";"61662";"Estiva Gerbi";3557303;"Estiva Gerbi"
"27/09/2026";"09:00:12";1;35;"SP";"São Paulo";"61670";"Arealva";3503406;"Arealva"
"27/09/2026";"09:00:12";1;35;"SP";"São Paulo";"61689";"Engenheiro Coelho";3515152;"Engenheiro Coelho"
"27/09/2026";"09:00:12";1;35;"SP";"São Paulo";"61697";"Areias";3503505;"Areias"
"27/09/2026";"09:00:12";1;35;"SP";"São Paulo";"61700";"Ribeirão Grande";3543253;"Ribeirão Grande"
"27/09/2026";"09:00:12";1;35;"SP";"São Paulo";"61719";"Areiópolis";3503604;"Areiópolis"
"27/09/2026";"09:00:12";1;35;"SP";"São Paulo";"61727";"Hortolândia";3519071;"Hortolândia"
"27/09/2026";"09:00:12";1;35;"SP";"São Paulo";"61735";"Ariranha";3503703;"Ariranha"
"27/09/2026";"09:00:12";1;35;"SP";"São Paulo";"61743";"Holambra";3519055;"Holambra"
"27/09/2026";"09:00:12";1;35;"SP";"São Paulo";"61751";"Artur Nogueira";3503802;"Artur Nogueira"
"27/09/2026";"09:00:12";1;35;"SP";"São Paulo";"61760";"Elisiário";3514924;"Elisiário"
"27/09/2026";"09:00:12";1;35;"SP";"São Paulo";"61778";"Arujá";3503901;"Arujá"
"27/09/2026";"09:00:12";1;35;"SP";"São Paulo";"61786";"Bom Sucesso De Itararé";3507159;"Bom Sucesso De Itararé"
"27/09/2026";"09:00:12";1;35;"SP";"São Paulo";"61794";"Assis";3504008;"Assis"
"27/09/2026";"09:00:12";1;35;"SP";"São Paulo";"61808";"Pontalinda";3540259;"Pontalinda"
"27/09/2026";"09:00:12";1;35;"SP";"São Paulo";"61816";"Atibaia";3504107;"Atibaia"
"27/09/2026";"09:00:12";1;35;"SP";"São Paulo";"61824";"Parisi";3536257;"Parisi"
"27/09/2026";"09:00:12";1;35;"SP";"São Paulo";"61832";"Auriflama";3504206;"Auriflama"
"27/09/2026";"09:00:12";1;35;"SP";"São Paulo";"61840";"Taquarivaí";3553856;"Taquarivaí"
"27/09/2026";"09:00:12";1;35;"SP";"São Paulo";"61859";"Avaí";3504305;"Avaí"
"27/09/2026";"09:00:12";1;35;"SP";"São Paulo";"61867";"Marapoama";3528858;"Marapoama"
"27/09/2026";"09:00:12";1;35;"SP";"São Paulo";"61875";"Avanhandava";3504404;"Avanhandava"
"27/09/2026";"09:00:12";1;35;"SP";"São Paulo";"61883";"São João De Iracema";3549250;"São João De Iracema"
"27/09/2026";"09:00:12";1;35;"SP";"São Paulo";"61891";"Avaré";3504503;"Avaré"
"27/09/2026";"09:00:12";1;35;"SP";"São Paulo";"61905";"São Lourenço Da Serra";3549953;"São Lourenço Da Serra"
"27/09/2026";"09:00:12";1;35;"SP";"São Paulo";"61913";"Bady Bassitt";3504602;"Bady Bassitt"
"27/09/2026";"09:00:12";1;35;"SP";"São Paulo";"61921";"Zacarias";3557154;"Zacarias"
"27/09/2026";"09:00:12";1;35;"SP";"São Paulo";"61930";"Balbinos";3504701;"Balbinos"
"27/09/2026";"09:00:12";1;35;"SP";"São Paulo";"61948";"Itapirapuã Paulista";3522653;"Itapirapuã Paulista"
"27/09/2026";"09:00:12";1;35;"SP";"São Paulo";"61956";"Bálsamo";3504800;"Bálsamo"
"27/09/2026";"09:00:12";1;35;"SP";"São Paulo";"61964";"Mesópolis";3529658;"Mesópolis"
"27/09/2026";"09:00:12";1;35;"SP";"São Paulo";"61972";"Bananal";3504909;"Bananal"
"27/09/2026";"09:00:12";1;35;"SP";"São Paulo";"61980";"Nova Campina";3532827;"Nova Campina"
"27/09/2026";"09:00:12";1;35;"SP";"São Paulo";"61999";"Barbosa";3505104;"Barbosa"
"27/09/2026";"09:00:12";1;35;"SP";"São Paulo";"62006";"Ilha Comprida";3520426;"Ilha Comprida"
"27/09/2026";"09:00:12";1;35;"SP";"São Paulo";"62014";"Barão De Antonina";3505005;"Barão De Antonina"
"27/09/2026";"09:00:12";1;35;"SP";"São Paulo";"62022";"Lourdes";3527256;"Lourdes"
"27/09/2026";"09:00:12";1;35;"SP";"São Paulo";"62030";"Bariri";3505203;"Bariri"
"27/09/2026";"09:00:12";1;35;"SP";"São Paulo";"62049";"Torre De Pedra";3554656;"Torre De Pedra"
"27/09/2026";"09:00:12";1;35;"SP";"São Paulo";"62057";"Barra Bonita";3505302;"Barra Bonita"
"27/09/2026";"09:00:12";1;35;"SP";"São Paulo";"62065";"Arco-Íris";3503356;"Arco-Íris"
"27/09/2026";"09:00:12";1;35;"SP";"São Paulo";"62073";"Barra Do Turvo";3505401;"Barra Do Turvo"
"27/09/2026";"09:00:12";1;35;"SP";"São Paulo";"62081";"Brejo Alegre";3507753;"Brejo Alegre"
"27/09/2026";"09:00:12";1;35;"SP";"São Paulo";"62090";"Barretos";3505500;"Barretos"
"27/09/2026";"09:00:12";1;35;"SP";"São Paulo";"62103";"Canas";3509957;"Canas"
"27/09/2026";"09:00:12";1;35;"SP";"São Paulo";"62111";"Barrinha";3505609;"Barrinha"
"27/09/2026";"09:00:12";1;35;"SP";"São Paulo";"62120";"Pracinha";3540853;"Pracinha"
"27/09/2026";"09:00:12";1;35;"SP";"São Paulo";"62138";"Barueri";3505708;"Barueri"
"27/09/2026";"09:00:12";1;35;"SP";"São Paulo";"62146";"Pratânia";3541059;"Pratânia"
"27/09/2026";"09:00:12";1;35;"SP";"São Paulo";"62154";"Bastos";3505807;"Bastos"
"27/09/2026";"09:00:12";1;35;"SP";"São Paulo";"62162";"Quadra";3541653;"Quadra"
"27/09/2026";"09:00:12";1;35;"SP";"São Paulo";"62170";"Batatais";3505906;"Batatais"
"27/09/2026";"09:00:12";1;35;"SP";"São Paulo";"62189";"Santa Cruz Da Esperança";3546256;"Santa Cruz Da Esperança"
"27/09/2026";"09:00:12";1;35;"SP";"São Paulo";"62197";"Bauru";3506003;"Bauru"
"27/09/2026";"09:00:12";1;35;"SP";"São Paulo";"62200";"Santa Salete";3547650;"Santa Salete"
"27/09/2026";"09:00:12";1;35;"SP";"São Paulo";"62219";"Bebedouro";3506102;"Bebedouro"
"27/09/2026";"09:00:12";1;35;"SP";"São Paulo";"62227";"Vitória Brasil";3556958;"Vitória Brasil"
"27/09/2026";"09:00:12";1;35;"SP";"São Paulo";"62235";"Bento De Abreu";3506201;"Bento De Abreu"
"27/09/2026";"09:00:12";1;35;"SP";"São Paulo";"62243";"Ipiguá";3521150;"Ipiguá"
"27/09/2026";"09:00:12";1;35;"SP";"São Paulo";"62251";"Bernardino De Campos";3506300;"Bernardino De Campos"
"27/09/2026";"09:00:12";1;35;"SP";"São Paulo";"62260";"Taquaral";3553658;"Taquaral"
"27/09/2026";"09:00:12";1;35;"SP";"São Paulo";"62278";"Bilac";3506409;"Bilac"
"27/09/2026";"09:00:12";1;35;"SP";"São Paulo";"62286";"Fernão";3515657;"Fernão"
"27/09/2026";"09:00:12";1;35;"SP";"São Paulo";"62294";"Birigui";3506508;"Birigui"
"27/09/2026";"09:00:12";1;35;"SP";"São Paulo";"62308";"Gavião Peixoto";3516853;"Gavião Peixoto"
"27/09/2026";"09:00:12";1;35;"SP";"São Paulo";"62316";"Biritiba Mirim";3506607;"Biritiba-Mirim"
"27/09/2026";"09:00:12";1;35;"SP";"São Paulo";"62324";"Jumirim";3525854;"Jumirim"
"27/09/2026";"09:00:12";1;35;"SP";"São Paulo";"62332";"Boa Esperança Do Sul";3506706;"Boa Esperança Do Sul"
"27/09/2026";"09:00:12";1;35;"SP";"São Paulo";"62340";"Nantes";3532157;"Nantes"
"27/09/2026";"09:00:12";1;35;"SP";"São Paulo";"62359";"Bocaina";3506805;"Bocaina"
"27/09/2026";"09:00:12";1;35;"SP";"São Paulo";"62367";"Nova Castilho";3532868;"Nova Castilho"
"27/09/2026";"09:00:12";1;35;"SP";"São Paulo";"62375";"Bofete";3506904;"Bofete"
"27/09/2026";"09:00:12";1;35;"SP";"São Paulo";"62383";"Ouroeste";3534757;"Ouroeste"
"27/09/2026";"09:00:12";1;35;"SP";"São Paulo";"62391";"Boituva";3507001;"Boituva"
"27/09/2026";"09:00:12";1;35;"SP";"São Paulo";"62405";"Paulistânia";3536570;"Paulistânia"
"27/09/2026";"09:00:12";1;35;"SP";"São Paulo";"62413";"Bom Jesus Dos Perdões";3507100;"Bom Jesus Dos Perdões"
"27/09/2026";"09:00:12";1;35;"SP";"São Paulo";"62421";"Ribeirão Dos Índios";3543238;"Ribeirão Dos Índios"
"27/09/2026";"09:00:12";1;35;"SP";"São Paulo";"62430";"Borá";3507209;"Borá"
"27/09/2026";"09:00:12";1;35;"SP";"São Paulo";"62448";"Trabiju";3554755;"Trabiju"
"27/09/2026";"09:00:12";1;35;"SP";"São Paulo";"62456";"Boracéia";3507308;"Boracéia"
"27/09/2026";"09:00:12";1;35;"SP";"São Paulo";"62472";"Borborema";3507407;"Borborema"
"27/09/2026";"09:00:12";1;35;"SP";"São Paulo";"62499";"Botucatu";3507506;"Botucatu"
"27/09/2026";"09:00:12";1;35;"SP";"São Paulo";"62510";"Bragança Paulista";3507605;"Bragança Paulista"
"27/09/2026";"09:00:12";1;35;"SP";"São Paulo";"62553";"Braúna";3507704;"Braúna"
"27/09/2026";"09:00:12";1;35;"SP";"São Paulo";"62570";"Brodowski";3507803;"Brodowski"
"27/09/2026";"09:00:12";1;35;"SP";"São Paulo";"62596";"Brotas";3507902;"Brotas"
"27/09/2026";"09:00:12";1;35;"SP";"São Paulo";"62618";"Buri";3508009;"Buri"
"27/09/2026";"09:00:12";1;35;"SP";"São Paulo";"62634";"Buritama";3508108;"Buritama"
"27/09/2026";"09:00:12";1;35;"SP";"São Paulo";"62650";"Buritizal";3508207;"Buritizal"
"27/09/2026";"09:00:12";1;35;"SP";"São Paulo";"62677";"Cabrália Paulista";3508306;"Cabrália Paulista"
"27/09/2026";"09:00:12";1;35;"SP";"São Paulo";"62693";"Cabreúva";3508405;"Cabreúva"
"27/09/2026";"09:00:12";1;35;"SP";"São Paulo";"62715";"Caçapava";3508504;"Caçapava"
"27/09/2026";"09:00:12";1;35;"SP";"São Paulo";"62731";"Cachoeira Paulista";3508603;"Cachoeira Paulista"
"27/09/2026";"09:00:12";1;35;"SP";"São Paulo";"62758";"Caconde";3508702;"Caconde"
"27/09/2026";"09:00:12";1;35;"SP";"São Paulo";"62774";"Cafelândia";3508801;"Cafelândia"
"27/09/2026";"09:00:12";1;35;"SP";"São Paulo";"62790";"Caiabu";3508900;"Caiabu"
"27/09/2026";"09:00:12";1;35;"SP";"São Paulo";"62812";"Caieiras";3509007;"Caieiras"
"27/09/2026";"09:00:12";1;35;"SP";"São Paulo";"62839";"Caiuá";3509106;"Caiuá"
"27/09/2026";"09:00:12";1;35;"SP";"São Paulo";"62855";"Cajamar";3509205;"Cajamar"
"27/09/2026";"09:00:12";1;35;"SP";"São Paulo";"62871";"Cajobi";3509304;"Cajobi"
"27/09/2026";"09:00:12";1;35;"SP";"São Paulo";"62898";"Cajuru";3509403;"Cajuru"
"27/09/2026";"09:00:12";1;35;"SP";"São Paulo";"62910";"Campinas";3509502;"Campinas"
"27/09/2026";"09:00:12";1;35;"SP";"São Paulo";"62936";"Campo Limpo Paulista";3509601;"Campo Limpo Paulista"
"27/09/2026";"09:00:12";1;35;"SP";"São Paulo";"62952";"Campos Do Jordão";3509700;"Campos Do Jordão"
"27/09/2026";"09:00:12";1;35;"SP";"São Paulo";"62979";"Campos Novos Paulista";3509809;"Campos Novos Paulista"
"27/09/2026";"09:00:12";1;35;"SP";"São Paulo";"62995";"Cananéia";3509908;"Cananéia"
"27/09/2026";"09:00:12";1;35;"SP";"São Paulo";"63010";"Cândido Mota";3510005;"Cândido Mota"
"27/09/2026";"09:00:12";1;35;"SP";"São Paulo";"63037";"Cândido Rodrigues";3510104;"Cândido Rodrigues"
"27/09/2026";"09:00:12";1;35;"SP";"São Paulo";"63053";"Capão Bonito";3510203;"Capão Bonito"
"27/09/2026";"09:00:12";1;35;"SP";"São Paulo";"63070";"Capela Do Alto";3510302;"Capela Do Alto"
"27/09/2026";"09:00:12";1;35;"SP";"São Paulo";"63096";"Capivari";3510401;"Capivari"
"27/09/2026";"09:00:12";1;35;"SP";"São Paulo";"63118";"Caraguatatuba";3510500;"Caraguatatuba"
"27/09/2026";"09:00:12";1;35;"SP";"São Paulo";"63134";"Carapicuíba";3510609;"Carapicuíba"
"27/09/2026";"09:00:12";1;35;"SP";"São Paulo";"63150";"Cardoso";3510708;"Cardoso"
"27/09/2026";"09:00:12";1;35;"SP";"São Paulo";"63177";"Casa Branca";3510807;"Casa Branca"
"27/09/2026";"09:00:12";1;35;"SP";"São Paulo";"63193";"Cássia Dos Coqueiros";3510906;"Cássia Dos Coqueiros"
"27/09/2026";"09:00:12";1;35;"SP";"São Paulo";"63215";"Castilho";3511003;"Castilho"
"27/09/2026";"09:00:12";1;35;"SP";"São Paulo";"63231";"Catanduva";3511102;"Catanduva"
"27/09/2026";"09:00:12";1;35;"SP";"São Paulo";"63258";"Catiguá";3511201;"Catiguá"
"27/09/2026";"09:00:12";1;35;"SP";"São Paulo";"63274";"Cedral";3511300;"Cedral"
"27/09/2026";"09:00:12";1;35;"SP";"São Paulo";"63290";"Cerqueira César";3511409;"Cerqueira César"
"27/09/2026";"09:00:12";1;35;"SP";"São Paulo";"63312";"Cerquilho";3511508;"Cerquilho"
"27/09/2026";"09:00:12";1;35;"SP";"São Paulo";"63339";"Cesário Lange";3511607;"Cesário Lange"
"27/09/2026";"09:00:12";1;35;"SP";"São Paulo";"63355";"Charqueada";3511706;"Charqueada"
"27/09/2026";"09:00:12";1;35;"SP";"São Paulo";"63371";"Chavantes";3557204;"Chavantes"
"27/09/2026";"09:00:12";1;35;"SP";"São Paulo";"63398";"Clementina";3511904;"Clementina"
"27/09/2026";"09:00:12";1;35;"SP";"São Paulo";"63410";"Colina";3512001;"Colina"
"27/09/2026";"09:00:12";1;35;"SP";"São Paulo";"63436";"Colômbia";3512100;"Colômbia"
"27/09/2026";"09:00:12";1;35;"SP";"São Paulo";"63452";"Conchal";3512209;"Conchal"
"27/09/2026";"09:00:12";1;35;"SP";"São Paulo";"63479";"Conchas";3512308;"Conchas"
"27/09/2026";"09:00:12";1;35;"SP";"São Paulo";"63495";"Cordeirópolis";3512407;"Cordeirópolis"
"27/09/2026";"09:00:12";1;35;"SP";"São Paulo";"63517";"Coroados";3512506;"Coroados"
"27/09/2026";"09:00:12";1;35;"SP";"São Paulo";"63533";"Coronel Macedo";3512605;"Coronel Macedo"
"27/09/2026";"09:00:12";1;35;"SP";"São Paulo";"63550";"Corumbataí";3512704;"Corumbataí"
"27/09/2026";"09:00:12";1;35;"SP";"São Paulo";"63576";"Cosmópolis";3512803;"Cosmópolis"
"27/09/2026";"09:00:12";1;35;"SP";"São Paulo";"63592";"Cosmorama";3512902;"Cosmorama"
"27/09/2026";"09:00:12";1;35;"SP";"São Paulo";"63614";"Cotia";3513009;"Cotia"
"27/09/2026";"09:00:12";1;35;"SP";"São Paulo";"63630";"Cravinhos";3513108;"Cravinhos"
"27/09/2026";"09:00:12";1;35;"SP";"São Paulo";"63657";"Cristais Paulista";3513207;"Cristais Paulista"
"27/09/2026";"09:00:12";1;35;"SP";"São Paulo";"63673";"Cruzália";3513306;"Cruzália"
"27/09/2026";"09:00:12";1;35;"SP";"São Paulo";"63690";"Cruzeiro";3513405;"Cruzeiro"
"27/09/2026";"09:00:12";1;35;"SP";"São Paulo";"63711";"Cubatão";3513504;"Cubatão"
"27/09/2026";"09:00:12";1;35;"SP";"São Paulo";"63738";"Cunha";3513603;"Cunha"
"27/09/2026";"09:00:12";1;35;"SP";"São Paulo";"63754";"Descalvado";3513702;"Descalvado"
"27/09/2026";"09:00:12";1;35;"SP";"São Paulo";"63770";"Diadema";3513801;"Diadema"
"27/09/2026";"09:00:12";1;35;"SP";"São Paulo";"63797";"Divinolândia";3513900;"Divinolândia"
"27/09/2026";"09:00:12";1;35;"SP";"São Paulo";"63819";"Dobrada";3514007;"Dobrada"
"27/09/2026";"09:00:12";1;35;"SP";"São Paulo";"63835";"Dois Córregos";3514106;"Dois Córregos"
"27/09/2026";"09:00:12";1;35;"SP";"São Paulo";"63851";"Dolcinópolis";3514205;"Dolcinópolis"
"27/09/2026";"09:00:12";1;35;"SP";"São Paulo";"63878";"Dourado";3514304;"Dourado"
"27/09/2026";"09:00:12";1;35;"SP";"São Paulo";"63894";"Dracena";3514403;"Dracena"
"27/09/2026";"09:00:12";1;35;"SP";"São Paulo";"63916";"Duartina";3514502;"Duartina"
"27/09/2026";"09:00:12";1;35;"SP";"São Paulo";"63932";"Dumont";3514601;"Dumont"
"27/09/2026";"09:00:12";1;35;"SP";"São Paulo";"63959";"Echaporã";3514700;"Echaporã"
"27/09/2026";"09:00:12";1;35;"SP";"São Paulo";"63975";"Eldorado";3514809;"Eldorado"
"27/09/2026";"09:00:12";1;35;"SP";"São Paulo";"63991";"Elias Fausto";3514908;"Elias Fausto"
"27/09/2026";"09:00:12";1;35;"SP";"São Paulo";"64017";"Embu Das Artes";3515004;"Embu"
"27/09/2026";"09:00:12";1;35;"SP";"São Paulo";"64033";"Embu-Guaçu";3515103;"Embu-Guaçu"
"27/09/2026";"09:00:12";1;35;"SP";"São Paulo";"64050";"Estrela D'Oeste";3515202;"Estrela D'Oeste"
"27/09/2026";"09:00:12";1;35;"SP";"São Paulo";"64076";"Estrela Do Norte";3515301;"Estrela Do Norte"
"27/09/2026";"09:00:12";1;35;"SP";"São Paulo";"64092";"Fartura";3515400;"Fartura"
"27/09/2026";"09:00:12";1;35;"SP";"São Paulo";"64114";"Fernandópolis";3515509;"Fernandópolis"
"27/09/2026";"09:00:12";1;35;"SP";"São Paulo";"64130";"Fernando Prestes";3515608;"Fernando Prestes"
"27/09/2026";"09:00:12";1;35;"SP";"São Paulo";"64157";"Ferraz De Vasconcelos";3515707;"Ferraz De Vasconcelos"
"27/09/2026";"09:00:12";1;35;"SP";"São Paulo";"64173";"Flora Rica";3515806;"Flora Rica"
"27/09/2026";"09:00:12";1;35;"SP";"São Paulo";"64190";"Floreal";3515905;"Floreal"
"27/09/2026";"09:00:12";1;35;"SP";"São Paulo";"64211";"Flórida Paulista";3516002;"Flórida Paulista"
"27/09/2026";"09:00:12";1;35;"SP";"São Paulo";"64238";"Florínea";3516101;"Florínia"
"27/09/2026";"09:00:12";1;35;"SP";"São Paulo";"64254";"Franca";3516200;"Franca"
"27/09/2026";"09:00:12";1;35;"SP";"São Paulo";"64270";"Francisco Morato";3516309;"Francisco Morato"
"27/09/2026";"09:00:12";1;35;"SP";"São Paulo";"64297";"Franco Da Rocha";3516408;"Franco Da Rocha"
"27/09/2026";"09:00:12";1;35;"SP";"São Paulo";"64319";"Gabriel Monteiro";3516507;"Gabriel Monteiro"
"27/09/2026";"09:00:12";1;35;"SP";"São Paulo";"64335";"Gália";3516606;"Gália"
"27/09/2026";"09:00:12";1;35;"SP";"São Paulo";"64351";"Garça";3516705;"Garça"
"27/09/2026";"09:00:12";1;35;"SP";"São Paulo";"64378";"Gastão Vidigal";3516804;"Gastão Vidigal"
"27/09/2026";"09:00:12";1;35;"SP";"São Paulo";"64394";"General Salgado";3516903;"General Salgado"
"27/09/2026";"09:00:12";1;35;"SP";"São Paulo";"64416";"Getulina";3517000;"Getulina"
"27/09/2026";"09:00:12";1;35;"SP";"São Paulo";"64432";"Glicério";3517109;"Glicério"
"27/09/2026";"09:00:12";1;35;"SP";"São Paulo";"64459";"Guaiçara";3517208;"Guaiçara"
"27/09/2026";"09:00:12";1;35;"SP";"São Paulo";"64475";"Guaimbê";3517307;"Guaimbê"
"27/09/2026";"09:00:12";1;35;"SP";"São Paulo";"64491";"Guaíra";3517406;"Guaíra"
"27/09/2026";"09:00:12";1;35;"SP";"São Paulo";"64513";"Guapiaçu";3517505;"Guapiaçu"
"27/09/2026";"09:00:12";1;35;"SP";"São Paulo";"64530";"Guapiara";3517604;"Guapiara"
"27/09/2026";"09:00:12";1;35;"SP";"São Paulo";"64556";"Guará";3517703;"Guará"
"27/09/2026";"09:00:12";1;35;"SP";"São Paulo";"64572";"Guaraçaí";3517802;"Guaraçaí"
"27/09/2026";"09:00:12";1;35;"SP";"São Paulo";"64599";"Guaraci";3517901;"Guaraci"
"27/09/2026";"09:00:12";1;35;"SP";"São Paulo";"64610";"Guarani D'Oeste";3518008;"Guarani D'Oeste"
"27/09/2026";"09:00:12";1;35;"SP";"São Paulo";"64637";"Guarantã";3518107;"Guarantã"
"27/09/2026";"09:00:12";1;35;"SP";"São Paulo";"64653";"Guararapes";3518206;"Guararapes"
"27/09/2026";"09:00:12";1;35;"SP";"São Paulo";"64670";"Guararema";3518305;"Guararema"
"27/09/2026";"09:00:12";1;35;"SP";"São Paulo";"64696";"Guaratinguetá";3518404;"Guaratinguetá"
"27/09/2026";"09:00:12";1;35;"SP";"São Paulo";"64718";"Guareí";3518503;"Guareí"
"27/09/2026";"09:00:12";1;35;"SP";"São Paulo";"64734";"Guariba";3518602;"Guariba"
"27/09/2026";"09:00:12";1;35;"SP";"São Paulo";"64750";"Guarujá";3518701;"Guarujá"
"27/09/2026";"09:00:12";1;35;"SP";"São Paulo";"64777";"Guarulhos";3518800;"Guarulhos"
"27/09/2026";"09:00:12";1;35;"SP";"São Paulo";"64793";"Guzolândia";3518909;"Guzolândia"
"27/09/2026";"09:00:12";1;35;"SP";"São Paulo";"64815";"Herculândia";3519006;"Herculândia"
"27/09/2026";"09:00:12";1;35;"SP";"São Paulo";"64831";"Iacanga";3519105;"Iacanga"
"27/09/2026";"09:00:12";1;35;"SP";"São Paulo";"64858";"Iacri";3519204;"Iacri"
"27/09/2026";"09:00:12";1;35;"SP";"São Paulo";"64874";"Ibaté";3519303;"Ibaté"
"27/09/2026";"09:00:12";1;35;"SP";"São Paulo";"64890";"Ibirá";3519402;"Ibirá"
"27/09/2026";"09:00:12";1;35;"SP";"São Paulo";"64912";"Ibirarema";3519501;"Ibirarema"
"27/09/2026";"09:00:12";1;35;"SP";"São Paulo";"64939";"Ibitinga";3519600;"Ibitinga"
"27/09/2026";"09:00:12";1;35;"SP";"São Paulo";"64955";"Ibiúna";3519709;"Ibiúna"
"27/09/2026";"09:00:12";1;35;"SP";"São Paulo";"64971";"Icém";3519808;"Icém"
"27/09/2026";"09:00:12";1;35;"SP";"São Paulo";"64998";"Iepê";3519907;"Iepê"
"27/09/2026";"09:00:12";1;35;"SP";"São Paulo";"65013";"Igaraçu Do Tietê";3520004;"Igaraçu Do Tietê"
"27/09/2026";"09:00:12";1;35;"SP";"São Paulo";"65030";"Igarapava";3520103;"Igarapava"
"27/09/2026";"09:00:12";1;35;"SP";"São Paulo";"65056";"Igaratá";3520202;"Igaratá"
"27/09/2026";"09:00:12";1;35;"SP";"São Paulo";"65072";"Iguape";3520301;"Iguape"
"27/09/2026";"09:00:12";1;35;"SP";"São Paulo";"65099";"Ilhabela";3520400;"Ilhabela"
"27/09/2026";"09:00:12";1;35;"SP";"São Paulo";"65110";"Indaiatuba";3520509;"Indaiatuba"
"27/09/2026";"09:00:12";1;35;"SP";"São Paulo";"65137";"Indiana";3520608;"Indiana"
"27/09/2026";"09:00:12";1;35;"SP";"São Paulo";"65153";"Indiaporã";3520707;"Indiaporã"
"27/09/2026";"09:00:12";1;35;"SP";"São Paulo";"65170";"Inúbia Paulista";3520806;"Inúbia Paulista"
"27/09/2026";"09:00:12";1;35;"SP";"São Paulo";"65196";"Ipaussu";3520905;"Ipaussu"
"27/09/2026";"09:00:12";1;35;"SP";"São Paulo";"65218";"Iperó";3521002;"Iperó"
"27/09/2026";"09:00:12";1;35;"SP";"São Paulo";"65234";"Ipeúna";3521101;"Ipeúna"
"27/09/2026";"09:00:12";1;35;"SP";"São Paulo";"65250";"Iporanga";3521200;"Iporanga"
"27/09/2026";"09:00:12";1;35;"SP";"São Paulo";"65277";"Ipuã";3521309;"Ipuã"
"27/09/2026";"09:00:12";1;35;"SP";"São Paulo";"65293";"Iracemápolis";3521408;"Iracemápolis"
"27/09/2026";"09:00:12";1;35;"SP";"São Paulo";"65315";"Irapuã";3521507;"Irapuã"
"27/09/2026";"09:00:12";1;35;"SP";"São Paulo";"65331";"Irapuru";3521606;"Irapuru"
"27/09/2026";"09:00:12";1;35;"SP";"São Paulo";"65358";"Itaberá";3521705;"Itaberá"
"27/09/2026";"09:00:12";1;35;"SP";"São Paulo";"65374";"Itaí";3521804;"Itaí"
"27/09/2026";"09:00:12";1;35;"SP";"São Paulo";"65390";"Itajobi";3521903;"Itajobi"
"27/09/2026";"09:00:12";1;35;"SP";"São Paulo";"65412";"Itaju";3522000;"Itaju"
"27/09/2026";"09:00:12";1;35;"SP";"São Paulo";"65439";"Itanhaém";3522109;"Itanhaém"
"27/09/2026";"09:00:12";1;35;"SP";"São Paulo";"65455";"Itapecerica Da Serra";3522208;"Itapecerica Da Serra"
"27/09/2026";"09:00:12";1;35;"SP";"São Paulo";"65471";"Itapetininga";3522307;"Itapetininga"
"27/09/2026";"09:00:12";1;35;"SP";"São Paulo";"65498";"Itapeva";3522406;"Itapeva"
"27/09/2026";"09:00:12";1;35;"SP";"São Paulo";"65510";"Itapevi";3522505;"Itapevi"
"27/09/2026";"09:00:12";1;35;"SP";"São Paulo";"65536";"Itapira";3522604;"Itapira"
"27/09/2026";"09:00:12";1;35;"SP";"São Paulo";"65552";"Itápolis";3522703;"Itápolis"
"27/09/2026";"09:00:12";1;35;"SP";"São Paulo";"65579";"Itaporanga";3522802;"Itaporanga"
"27/09/2026";"09:00:12";1;35;"SP";"São Paulo";"65595";"Itapuí";3522901;"Itapuí"
"27/09/2026";"09:00:12";1;35;"SP";"São Paulo";"65617";"Itapura";3523008;"Itapura"
"27/09/2026";"09:00:12";1;35;"SP";"São Paulo";"65633";"Itaquaquecetuba";3523107;"Itaquaquecetuba"
"27/09/2026";"09:00:12";1;35;"SP";"São Paulo";"65650";"Itararé";3523206;"Itararé"
"27/09/2026";"09:00:12";1;35;"SP";"São Paulo";"65676";"Itariri";3523305;"Itariri"
"27/09/2026";"09:00:12";1;35;"SP";"São Paulo";"65692";"Itatiba";3523404;"Itatiba"
"27/09/2026";"09:00:12";1;35;"SP";"São Paulo";"65714";"Itatinga";3523503;"Itatinga"
"27/09/2026";"09:00:12";1;35;"SP";"São Paulo";"65730";"Itirapina";3523602;"Itirapina"
"27/09/2026";"09:00:12";1;35;"SP";"São Paulo";"65757";"Itirapuã";3523701;"Itirapuã"
"27/09/2026";"09:00:12";1;35;"SP";"São Paulo";"65773";"Itobi";3523800;"Itobi"
"27/09/2026";"09:00:12";1;35;"SP";"São Paulo";"65790";"Itu";3523909;"Itu"
"27/09/2026";"09:00:12";1;35;"SP";"São Paulo";"65811";"Itupeva";3524006;"Itupeva"
"27/09/2026";"09:00:12";1;35;"SP";"São Paulo";"65838";"Ituverava";3524105;"Ituverava"
"27/09/2026";"09:00:12";1;35;"SP";"São Paulo";"65854";"Jaborandi";3524204;"Jaborandi"
"27/09/2026";"09:00:12";1;35;"SP";"São Paulo";"65870";"Jaboticabal";3524303;"Jaboticabal"
"27/09/2026";"09:00:12";1;35;"SP";"São Paulo";"65897";"Jacareí";3524402;"Jacareí"
"27/09/2026";"09:00:12";1;35;"SP";"São Paulo";"65919";"Jaci";3524501;"Jaci"
"27/09/2026";"09:00:12";1;35;"SP";"São Paulo";"65935";"Jacupiranga";3524600;"Jacupiranga"
"27/09/2026";"09:00:12";1;35;"SP";"São Paulo";"65951";"Jaguariúna";3524709;"Jaguariúna"
"27/09/2026";"09:00:12";1;35;"SP";"São Paulo";"65978";"Jales";3524808;"Jales"
"27/09/2026";"09:00:12";1;35;"SP";"São Paulo";"65994";"Jambeiro";3524907;"Jambeiro"
"27/09/2026";"09:00:12";1;35;"SP";"São Paulo";"66010";"Jandira";3525003;"Jandira"
"27/09/2026";"09:00:12";1;35;"SP";"São Paulo";"66036";"Jardinópolis";3525102;"Jardinópolis"
"27/09/2026";"09:00:12";1;35;"SP";"São Paulo";"66052";"Jarinu";3525201;"Jarinu"
"27/09/2026";"09:00:12";1;35;"SP";"São Paulo";"66079";"Jaú";3525300;"Jaú"
"27/09/2026";"09:00:12";1;35;"SP";"São Paulo";"66095";"Jeriquara";3525409;"Jeriquara"
"27/09/2026";"09:00:12";1;35;"SP";"São Paulo";"66117";"Joanópolis";3525508;"Joanópolis"
"27/09/2026";"09:00:12";1;35;"SP";"São Paulo";"66133";"João Ramalho";3525607;"João Ramalho"
"27/09/2026";"09:00:12";1;35;"SP";"São Paulo";"66150";"José Bonifácio";3525706;"José Bonifácio"
"27/09/2026";"09:00:12";1;35;"SP";"São Paulo";"66176";"Júlio Mesquita";3525805;"Júlio Mesquita"
"27/09/2026";"09:00:12";1;35;"SP";"São Paulo";"66192";"Jundiaí";3525904;"Jundiaí"
"27/09/2026";"09:00:12";1;35;"SP";"São Paulo";"66214";"Junqueirópolis";3526001;"Junqueirópolis"
"27/09/2026";"09:00:12";1;35;"SP";"São Paulo";"66230";"Juquiá";3526100;"Juquiá"
"27/09/2026";"09:00:12";1;35;"SP";"São Paulo";"66257";"Juquitiba";3526209;"Juquitiba"
"27/09/2026";"09:00:12";1;35;"SP";"São Paulo";"66273";"Lagoinha";3526308;"Lagoinha"
"27/09/2026";"09:00:12";1;35;"SP";"São Paulo";"66290";"Laranjal Paulista";3526407;"Laranjal Paulista"
"27/09/2026";"09:00:12";1;35;"SP";"São Paulo";"66311";"Lavínia";3526506;"Lavínia"
"27/09/2026";"09:00:12";1;35;"SP";"São Paulo";"66338";"Lavrinhas";3526605;"Lavrinhas"
"27/09/2026";"09:00:12";1;35;"SP";"São Paulo";"66354";"Leme";3526704;"Leme"
"27/09/2026";"09:00:12";1;35;"SP";"São Paulo";"66370";"Lençóis Paulista";3526803;"Lençóis Paulista"
"27/09/2026";"09:00:12";1;35;"SP";"São Paulo";"66397";"Limeira";3526902;"Limeira"
"27/09/2026";"09:00:12";1;35;"SP";"São Paulo";"66419";"Lindóia";3527009;"Lindóia"
"27/09/2026";"09:00:12";1;35;"SP";"São Paulo";"66435";"Lins";3527108;"Lins"
"27/09/2026";"09:00:12";1;35;"SP";"São Paulo";"66451";"Lorena";3527207;"Lorena"
"27/09/2026";"09:00:12";1;35;"SP";"São Paulo";"66478";"Louveira";3527306;"Louveira"
"27/09/2026";"09:00:12";1;35;"SP";"São Paulo";"66494";"Lucélia";3527405;"Lucélia"
"27/09/2026";"09:00:12";1;35;"SP";"São Paulo";"66516";"Lucianópolis";3527504;"Lucianópolis"
"27/09/2026";"09:00:12";1;35;"SP";"São Paulo";"66532";"Luís Antônio";3527603;"Luís Antônio"
"27/09/2026";"09:00:12";1;35;"SP";"São Paulo";"66559";"Luiziânia";3527702;"Luiziânia"
"27/09/2026";"09:00:12";1;35;"SP";"São Paulo";"66575";"Lupércio";3527801;"Lupércio"
"27/09/2026";"09:00:12";1;35;"SP";"São Paulo";"66591";"Lutécia";3527900;"Lutécia"
"27/09/2026";"09:00:12";1;35;"SP";"São Paulo";"66613";"Macatuba";3528007;"Macatuba"
"27/09/2026";"09:00:12";1;35;"SP";"São Paulo";"66630";"Macaubal";3528106;"Macaubal"
"27/09/2026";"09:00:12";1;35;"SP";"São Paulo";"66656";"Macedônia";3528205;"Macedônia"
"27/09/2026";"09:00:12";1;35;"SP";"São Paulo";"66672";"Magda";3528304;"Magda"
"27/09/2026";"09:00:12";1;35;"SP";"São Paulo";"66699";"Mairinque";3528403;"Mairinque"
"27/09/2026";"09:00:12";1;35;"SP";"São Paulo";"66710";"Mairiporã";3528502;"Mairiporã"
"27/09/2026";"09:00:12";1;35;"SP";"São Paulo";"66737";"Manduri";3528601;"Manduri"
"27/09/2026";"09:00:12";1;35;"SP";"São Paulo";"66753";"Marabá Paulista";3528700;"Marabá Paulista"
"27/09/2026";"09:00:12";1;35;"SP";"São Paulo";"66770";"Maracaí";3528809;"Maracaí"
"27/09/2026";"09:00:12";1;35;"SP";"São Paulo";"66796";"Mariápolis";3528908;"Mariápolis"
"27/09/2026";"09:00:12";1;35;"SP";"São Paulo";"66818";"Marília";3529005;"Marília"
"27/09/2026";"09:00:12";1;35;"SP";"São Paulo";"66834";"Marinópolis";3529104;"Marinópolis"
"27/09/2026";"09:00:12";1;35;"SP";"São Paulo";"66850";"Martinópolis";3529203;"Martinópolis"
"27/09/2026";"09:00:12";1;35;"SP";"São Paulo";"66877";"Matão";3529302;"Matão"
"27/09/2026";"09:00:12";1;35;"SP";"São Paulo";"66893";"Mauá";3529401;"Mauá"
"27/09/2026";"09:00:12";1;35;"SP";"São Paulo";"66915";"Mendonça";3529500;"Mendonça"
"27/09/2026";"09:00:12";1;35;"SP";"São Paulo";"66931";"Meridiano";3529609;"Meridiano"
"27/09/2026";"09:00:12";1;35;"SP";"São Paulo";"66958";"Miguelópolis";3529708;"Miguelópolis"
"27/09/2026";"09:00:12";1;35;"SP";"São Paulo";"66974";"Mineiros Do Tietê";3529807;"Mineiros Do Tietê"
"27/09/2026";"09:00:12";1;35;"SP";"São Paulo";"66990";"Miracatu";3529906;"Miracatu"
"27/09/2026";"09:00:12";1;35;"SP";"São Paulo";"67016";"Mira Estrela";3530003;"Mira Estrela"
"27/09/2026";"09:00:12";1;35;"SP";"São Paulo";"67032";"Mirandópolis";3530102;"Mirandópolis"
"27/09/2026";"09:00:12";1;35;"SP";"São Paulo";"67059";"Mirante Do Paranapanema";3530201;"Mirante Do Paranapanema"
"27/09/2026";"09:00:12";1;35;"SP";"São Paulo";"67075";"Mirassol";3530300;"Mirassol"
"27/09/2026";"09:00:12";1;35;"SP";"São Paulo";"67091";"Mirassolândia";3530409;"Mirassolândia"
"27/09/2026";"09:00:12";1;35;"SP";"São Paulo";"67113";"Mococa";3530508;"Mococa"
"27/09/2026";"09:00:12";1;35;"SP";"São Paulo";"67130";"Mogi Das Cruzes";3530607;"Mogi Das Cruzes"
"27/09/2026";"09:00:12";1;35;"SP";"São Paulo";"67156";"Mogi Guaçu";3530706;"Mogi Guaçu"
"27/09/2026";"09:00:12";1;35;"SP";"São Paulo";"67172";"Mogi Mirim";3530805;"Moji Mirim"
"27/09/2026";"09:00:12";1;35;"SP";"São Paulo";"67199";"Mombuca";3530904;"Mombuca"
"27/09/2026";"09:00:12";1;35;"SP";"São Paulo";"67210";"Monções";3531001;"Monções"
"27/09/2026";"09:00:12";1;35;"SP";"São Paulo";"67237";"Mongaguá";3531100;"Mongaguá"
"27/09/2026";"09:00:12";1;35;"SP";"São Paulo";"67253";"Monte Alegre Do Sul";3531209;"Monte Alegre Do Sul"
"27/09/2026";"09:00:12";1;35;"SP";"São Paulo";"67270";"Monte Alto";3531308;"Monte Alto"
"27/09/2026";"09:00:12";1;35;"SP";"São Paulo";"67296";"Monte Aprazível";3531407;"Monte Aprazível"
"27/09/2026";"09:00:12";1;35;"SP";"São Paulo";"67318";"Monte Azul Paulista";3531506;"Monte Azul Paulista"
"27/09/2026";"09:00:12";1;35;"SP";"São Paulo";"67334";"Monte Castelo";3531605;"Monte Castelo"
"27/09/2026";"09:00:12";1;35;"SP";"São Paulo";"67350";"Monteiro Lobato";3531704;"Monteiro Lobato"
"27/09/2026";"09:00:12";1;35;"SP";"São Paulo";"67377";"Monte Mor";3531803;"Monte Mor"
"27/09/2026";"09:00:12";1;35;"SP";"São Paulo";"67393";"Morro Agudo";3531902;"Morro Agudo"
"27/09/2026";"09:00:12";1;35;"SP";"São Paulo";"67415";"Morungaba";3532009;"Morungaba"
"27/09/2026";"09:00:12";1;35;"SP";"São Paulo";"67431";"Murutinga Do Sul";3532108;"Murutinga Do Sul"
"27/09/2026";"09:00:12";1;35;"SP";"São Paulo";"67458";"Narandiba";3532207;"Narandiba"
"27/09/2026";"09:00:12";1;35;"SP";"São Paulo";"67474";"Natividade Da Serra";3532306;"Natividade Da Serra"
"27/09/2026";"09:00:12";1;35;"SP";"São Paulo";"67490";"Nazaré Paulista";3532405;"Nazaré Paulista"
"27/09/2026";"09:00:12";1;35;"SP";"São Paulo";"67512";"Neves Paulista";3532504;"Neves Paulista"
"27/09/2026";"09:00:12";1;35;"SP";"São Paulo";"67539";"Nhandeara";3532603;"Nhandeara"
"27/09/2026";"09:00:12";1;35;"SP";"São Paulo";"67555";"Nipoã";3532702;"Nipoã"
"27/09/2026";"09:00:12";1;35;"SP";"São Paulo";"67571";"Nova Aliança";3532801;"Nova Aliança"
"27/09/2026";"09:00:12";1;35;"SP";"São Paulo";"67598";"Nova Europa";3532900;"Nova Europa"
"27/09/2026";"09:00:12";1;35;"SP";"São Paulo";"67610";"Nova Granada";3533007;"Nova Granada"
"27/09/2026";"09:00:12";1;35;"SP";"São Paulo";"67636";"Nova Guataporanga";3533106;"Nova Guataporanga"
"27/09/2026";"09:00:12";1;35;"SP";"São Paulo";"67652";"Nova Independência";3533205;"Nova Independência"
"27/09/2026";"09:00:12";1;35;"SP";"São Paulo";"67679";"Nova Luzitânia";3533304;"Nova Luzitânia"
"27/09/2026";"09:00:12";1;35;"SP";"São Paulo";"67695";"Nova Odessa";3533403;"Nova Odessa"
"27/09/2026";"09:00:12";1;35;"SP";"São Paulo";"67717";"Novo Horizonte";3533502;"Novo Horizonte"
"27/09/2026";"09:00:12";1;35;"SP";"São Paulo";"67733";"Nuporanga";3533601;"Nuporanga"
"27/09/2026";"09:00:12";1;35;"SP";"São Paulo";"67750";"Ocauçu";3533700;"Ocauçu"
"27/09/2026";"09:00:12";1;35;"SP";"São Paulo";"67776";"Óleo";3533809;"Óleo"
"27/09/2026";"09:00:12";1;35;"SP";"São Paulo";"67792";"Olímpia";3533908;"Olímpia"
"27/09/2026";"09:00:12";1;35;"SP";"São Paulo";"67814";"Onda Verde";3534005;"Onda Verde"
"27/09/2026";"09:00:12";1;35;"SP";"São Paulo";"67830";"Oriente";3534104;"Oriente"
"27/09/2026";"09:00:12";1;35;"SP";"São Paulo";"67857";"Orindiúva";3534203;"Orindiúva"
"27/09/2026";"09:00:12";1;35;"SP";"São Paulo";"67873";"Orlândia";3534302;"Orlândia"
"27/09/2026";"09:00:12";1;35;"SP";"São Paulo";"67890";"Osasco";3534401;"Osasco"
"27/09/2026";"09:00:12";1;35;"SP";"São Paulo";"67911";"Oscar Bressane";3534500;"Oscar Bressane"
"27/09/2026";"09:00:12";1;35;"SP";"São Paulo";"67938";"Osvaldo Cruz";3534609;"Osvaldo Cruz"
"27/09/2026";"09:00:12";1;35;"SP";"São Paulo";"67954";"Ourinhos";3534708;"Ourinhos"
"27/09/2026";"09:00:12";1;35;"SP";"São Paulo";"67970";"Ouro Verde";3534807;"Ouro Verde"
"27/09/2026";"09:00:12";1;35;"SP";"São Paulo";"67997";"Pacaembu";3534906;"Pacaembu"
"27/09/2026";"09:00:12";1;35;"SP";"São Paulo";"68012";"Palestina";3535002;"Palestina"
"27/09/2026";"09:00:12";1;35;"SP";"São Paulo";"68039";"Palmares Paulista";3535101;"Palmares Paulista"
"27/09/2026";"09:00:12";1;35;"SP";"São Paulo";"68055";"Palmeira D'Oeste";3535200;"Palmeira D'Oeste"
"27/09/2026";"09:00:12";1;35;"SP";"São Paulo";"68071";"Palmital";3535309;"Palmital"
"27/09/2026";"09:00:12";1;35;"SP";"São Paulo";"68098";"Panorama";3535408;"Panorama"
"27/09/2026";"09:00:12";1;35;"SP";"São Paulo";"68110";"Paraguaçu Paulista";3535507;"Paraguaçu Paulista"
"27/09/2026";"09:00:12";1;35;"SP";"São Paulo";"68136";"Paraibuna";3535606;"Paraibuna"
"27/09/2026";"09:00:12";1;35;"SP";"São Paulo";"68152";"Paraíso";3535705;"Paraíso"
"27/09/2026";"09:00:12";1;35;"SP";"São Paulo";"68179";"Paranapanema";3535804;"Paranapanema"
"27/09/2026";"09:00:12";1;35;"SP";"São Paulo";"68195";"Paranapuã";3535903;"Paranapuã"
"27/09/2026";"09:00:12";1;35;"SP";"São Paulo";"68217";"Parapuã";3536000;"Parapuã"
"27/09/2026";"09:00:12";1;35;"SP";"São Paulo";"68233";"Pardinho";3536109;"Pardinho"
"27/09/2026";"09:00:12";1;35;"SP";"São Paulo";"68250";"Pariquera-Açu";3536208;"Pariquera-Açu"
"27/09/2026";"09:00:12";1;35;"SP";"São Paulo";"68276";"Patrocínio Paulista";3536307;"Patrocínio Paulista"
"27/09/2026";"09:00:12";1;35;"SP";"São Paulo";"68292";"Paulicéia";3536406;"Paulicéia"
"27/09/2026";"09:00:12";1;35;"SP";"São Paulo";"68314";"Paulínia";3536505;"Paulínia"
"27/09/2026";"09:00:12";1;35;"SP";"São Paulo";"68330";"Paulo De Faria";3536604;"Paulo De Faria"
"27/09/2026";"09:00:12";1;35;"SP";"São Paulo";"68357";"Pederneiras";3536703;"Pederneiras"
"27/09/2026";"09:00:12";1;35;"SP";"São Paulo";"68373";"Pedra Bela";3536802;"Pedra Bela"
"27/09/2026";"09:00:12";1;35;"SP";"São Paulo";"68390";"Pedranópolis";3536901;"Pedranópolis"
"27/09/2026";"09:00:12";1;35;"SP";"São Paulo";"68411";"Pedregulho";3537008;"Pedregulho"
"27/09/2026";"09:00:12";1;35;"SP";"São Paulo";"68438";"Pedreira";3537107;"Pedreira"
"27/09/2026";"09:00:12";1;35;"SP";"São Paulo";"68454";"Pedro De Toledo";3537206;"Pedro De Toledo"
"27/09/2026";"09:00:12";1;35;"SP";"São Paulo";"68470";"Penápolis";3537305;"Penápolis"
"27/09/2026";"09:00:12";1;35;"SP";"São Paulo";"68497";"Pereira Barreto";3537404;"Pereira Barreto"
"27/09/2026";"09:00:12";1;35;"SP";"São Paulo";"68519";"Pereiras";3537503;"Pereiras"
"27/09/2026";"09:00:12";1;35;"SP";"São Paulo";"68535";"Peruíbe";3537602;"Peruíbe"
"27/09/2026";"09:00:12";1;35;"SP";"São Paulo";"68551";"Piacatu";3537701;"Piacatu"
"27/09/2026";"09:00:12";1;35;"SP";"São Paulo";"68578";"Piedade";3537800;"Piedade"
"27/09/2026";"09:00:12";1;35;"SP";"São Paulo";"68594";"Pilar Do Sul";3537909;"Pilar Do Sul"
"27/09/2026";"09:00:12";1;35;"SP";"São Paulo";"68616";"Pindamonhangaba";3538006;"Pindamonhangaba"
"27/09/2026";"09:00:12";1;35;"SP";"São Paulo";"68632";"Pindorama";3538105;"Pindorama"
"27/09/2026";"09:00:12";1;35;"SP";"São Paulo";"68659";"Espírito Santo Do Pinhal";3515186;"Espírito Santo Do Pinhal"
"27/09/2026";"09:00:12";1;35;"SP";"São Paulo";"68675";"Pinhalzinho";3538204;"Pinhalzinho"
"27/09/2026";"09:00:12";1;35;"SP";"São Paulo";"68691";"Piquerobi";3538303;"Piquerobi"
"27/09/2026";"09:00:12";1;35;"SP";"São Paulo";"68713";"Piquete";3538501;"Piquete"
"27/09/2026";"09:00:12";1;35;"SP";"São Paulo";"68730";"Piracaia";3538600;"Piracaia"
"27/09/2026";"09:00:12";1;35;"SP";"São Paulo";"68756";"Piracicaba";3538709;"Piracicaba"
"27/09/2026";"09:00:12";1;35;"SP";"São Paulo";"68772";"Piraju";3538808;"Piraju"
"27/09/2026";"09:00:12";1;35;"SP";"São Paulo";"68799";"Pirajuí";3538907;"Pirajuí"
"27/09/2026";"09:00:12";1;35;"SP";"São Paulo";"68810";"Pirangi";3539004;"Pirangi"
"27/09/2026";"09:00:12";1;35;"SP";"São Paulo";"68837";"Pirapora Do Bom Jesus";3539103;"Pirapora Do Bom Jesus"
"27/09/2026";"09:00:12";1;35;"SP";"São Paulo";"68853";"Pirapozinho";3539202;"Pirapozinho"
"27/09/2026";"09:00:12";1;35;"SP";"São Paulo";"68870";"Pirassununga";3539301;"Pirassununga"
"27/09/2026";"09:00:12";1;35;"SP";"São Paulo";"68896";"Piratininga";3539400;"Piratininga"
"27/09/2026";"09:00:12";1;35;"SP";"São Paulo";"68918";"Pitangueiras";3539509;"Pitangueiras"
"27/09/2026";"09:00:12";1;35;"SP";"São Paulo";"68934";"Planalto";3539608;"Planalto"
"27/09/2026";"09:00:12";1;35;"SP";"São Paulo";"68950";"Platina";3539707;"Platina"
"27/09/2026";"09:00:12";1;35;"SP";"São Paulo";"68977";"Poá";3539806;"Poá"
"27/09/2026";"09:00:12";1;35;"SP";"São Paulo";"68993";"Poloni";3539905;"Poloni"
"27/09/2026";"09:00:12";1;35;"SP";"São Paulo";"69019";"Pompéia";3540002;"Pompéia"
"27/09/2026";"09:00:12";1;35;"SP";"São Paulo";"69035";"Pongaí";3540101;"Pongaí"
"27/09/2026";"09:00:12";1;35;"SP";"São Paulo";"69051";"Pontal";3540200;"Pontal"
"27/09/2026";"09:00:12";1;35;"SP";"São Paulo";"69078";"Pontes Gestal";3540309;"Pontes Gestal"
"27/09/2026";"09:00:12";1;35;"SP";"São Paulo";"69094";"Populina";3540408;"Populina"
"27/09/2026";"09:00:12";1;35;"SP";"São Paulo";"69116";"Porangaba";3540507;"Porangaba"
"27/09/2026";"09:00:12";1;35;"SP";"São Paulo";"69132";"Porto Feliz";3540606;"Porto Feliz"
"27/09/2026";"09:00:12";1;35;"SP";"São Paulo";"69159";"Porto Ferreira";3540705;"Porto Ferreira"
"27/09/2026";"09:00:12";1;35;"SP";"São Paulo";"69175";"Potirendaba";3540804;"Potirendaba"
"27/09/2026";"09:00:12";1;35;"SP";"São Paulo";"69191";"Pradópolis";3540903;"Pradópolis"
"27/09/2026";"09:00:12";1;35;"SP";"São Paulo";"69213";"Praia Grande";3541000;"Praia Grande"
"27/09/2026";"09:00:12";1;35;"SP";"São Paulo";"69230";"Presidente Alves";3541109;"Presidente Alves"
"27/09/2026";"09:00:12";1;35;"SP";"São Paulo";"69256";"Presidente Bernardes";3541208;"Presidente Bernardes"
"27/09/2026";"09:00:12";1;35;"SP";"São Paulo";"69272";"Presidente Epitácio";3541307;"Presidente Epitácio"
"27/09/2026";"09:00:12";1;35;"SP";"São Paulo";"69299";"Presidente Prudente";3541406;"Presidente Prudente"
"27/09/2026";"09:00:12";1;35;"SP";"São Paulo";"69310";"Presidente Venceslau";3541505;"Presidente Venceslau"
"27/09/2026";"09:00:12";1;35;"SP";"São Paulo";"69337";"Promissão";3541604;"Promissão"
"27/09/2026";"09:00:12";1;35;"SP";"São Paulo";"69353";"Quatá";3541703;"Quatá"
"27/09/2026";"09:00:12";1;35;"SP";"São Paulo";"69370";"Queiroz";3541802;"Queiroz"
"27/09/2026";"09:00:12";1;35;"SP";"São Paulo";"69396";"Queluz";3541901;"Queluz"
"27/09/2026";"09:00:12";1;35;"SP";"São Paulo";"69418";"Quintana";3542008;"Quintana"
"27/09/2026";"09:00:12";1;35;"SP";"São Paulo";"69434";"Rafard";3542107;"Rafard"
"27/09/2026";"09:00:12";1;35;"SP";"São Paulo";"69450";"Rancharia";3542206;"Rancharia"
"27/09/2026";"09:00:12";1;35;"SP";"São Paulo";"69477";"Redenção Da Serra";3542305;"Redenção Da Serra"
"27/09/2026";"09:00:12";1;35;"SP";"São Paulo";"69493";"Regente Feijó";3542404;"Regente Feijó"
"27/09/2026";"09:00:12";1;35;"SP";"São Paulo";"69515";"Reginópolis";3542503;"Reginópolis"
"27/09/2026";"09:00:12";1;35;"SP";"São Paulo";"69531";"Registro";3542602;"Registro"
"27/09/2026";"09:00:12";1;35;"SP";"São Paulo";"69558";"Restinga";3542701;"Restinga"
"27/09/2026";"09:00:12";1;35;"SP";"São Paulo";"69574";"Ribeira";3542800;"Ribeira"
"27/09/2026";"09:00:12";1;35;"SP";"São Paulo";"69590";"Ribeirão Bonito";3542909;"Ribeirão Bonito"
"27/09/2026";"09:00:12";1;35;"SP";"São Paulo";"69612";"Ribeirão Branco";3543006;"Ribeirão Branco"
"27/09/2026";"09:00:12";1;35;"SP";"São Paulo";"69639";"Ribeirão Corrente";3543105;"Ribeirão Corrente"
"27/09/2026";"09:00:12";1;35;"SP";"São Paulo";"69655";"Ribeirão Do Sul";3543204;"Ribeirão Do Sul"
"27/09/2026";"09:00:12";1;35;"SP";"São Paulo";"69671";"Ribeirão Pires";3543303;"Ribeirão Pires"
"27/09/2026";"09:00:12";1;35;"SP";"São Paulo";"69698";"Ribeirão Preto";3543402;"Ribeirão Preto"
"27/09/2026";"09:00:12";1;35;"SP";"São Paulo";"69710";"Riversul";3543501;"Riversul"
"27/09/2026";"09:00:12";1;35;"SP";"São Paulo";"69736";"Rifaina";3543600;"Rifaina"
"27/09/2026";"09:00:12";1;35;"SP";"São Paulo";"69752";"Rincão";3543709;"Rincão"
"27/09/2026";"09:00:12";1;35;"SP";"São Paulo";"69779";"Rinópolis";3543808;"Rinópolis"
"27/09/2026";"09:00:12";1;35;"SP";"São Paulo";"69795";"Rio Claro";3543907;"Rio Claro"
"27/09/2026";"09:00:12";1;35;"SP";"São Paulo";"69817";"Rio Das Pedras";3544004;"Rio Das Pedras"
"27/09/2026";"09:00:12";1;35;"SP";"São Paulo";"69833";"Rio Grande Da Serra";3544103;"Rio Grande Da Serra"
"27/09/2026";"09:00:12";1;35;"SP";"São Paulo";"69850";"Riolândia";3544202;"Riolândia"
"27/09/2026";"09:00:12";1;35;"SP";"São Paulo";"69876";"Roseira";3544301;"Roseira"
"27/09/2026";"09:00:12";1;35;"SP";"São Paulo";"69892";"Rubiácea";3544400;"Rubiácea"
"27/09/2026";"09:00:12";1;35;"SP";"São Paulo";"69914";"Rubinéia";3544509;"Rubinéia"
"27/09/2026";"09:00:12";1;35;"SP";"São Paulo";"69930";"Sabino";3544608;"Sabino"
"27/09/2026";"09:00:12";1;35;"SP";"São Paulo";"69957";"Sagres";3544707;"Sagres"
"27/09/2026";"09:00:12";1;35;"SP";"São Paulo";"69973";"Sales";3544806;"Sales"
"27/09/2026";"09:00:12";1;35;"SP";"São Paulo";"69990";"Sales Oliveira";3544905;"Sales Oliveira"
"27/09/2026";"09:00:12";1;35;"SP";"São Paulo";"70017";"Salesópolis";3545001;"Salesópolis"
"27/09/2026";"09:00:12";1;35;"SP";"São Paulo";"70033";"Salmourão";3545100;"Salmourão"
"27/09/2026";"09:00:12";1;35;"SP";"São Paulo";"70050";"Salto";3545209;"Salto"
"27/09/2026";"09:00:12";1;35;"SP";"São Paulo";"70076";"Salto De Pirapora";3545308;"Salto De Pirapora"
"27/09/2026";"09:00:12";1;35;"SP";"São Paulo";"70092";"Salto Grande";3545407;"Salto Grande"
"27/09/2026";"09:00:12";1;35;"SP";"São Paulo";"70114";"Sandovalina";3545506;"Sandovalina"
"27/09/2026";"09:00:12";1;35;"SP";"São Paulo";"70130";"Santa Adélia";3545605;"Santa Adélia"
"27/09/2026";"09:00:12";1;35;"SP";"São Paulo";"70157";"Santa Albertina";3545704;"Santa Albertina"
"27/09/2026";"09:00:12";1;35;"SP";"São Paulo";"70173";"Santa Bárbara D'Oeste";3545803;"Santa Bárbara D'Oeste"
"27/09/2026";"09:00:12";1;35;"SP";"São Paulo";"70190";"Águas De Santa Bárbara";3500550;"Águas De Santa Bárbara"
"27/09/2026";"09:00:12";1;35;"SP";"São Paulo";"70211";"Santa Branca";3546009;"Santa Branca"
"27/09/2026";"09:00:12";1;35;"SP";"São Paulo";"70238";"Santa Clara D'Oeste";3546108;"Santa Clara D'Oeste"
"27/09/2026";"09:00:12";1;35;"SP";"São Paulo";"70254";"Santa Cruz Da Conceição";3546207;"Santa Cruz Da Conceição"
"27/09/2026";"09:00:12";1;35;"SP";"São Paulo";"70270";"Santa Cruz Das Palmeiras";3546306;"Santa Cruz Das Palmeiras"
"27/09/2026";"09:00:12";1;35;"SP";"São Paulo";"70297";"Santa Cruz Do Rio Pardo";3546405;"Santa Cruz Do Rio Pardo"
"27/09/2026";"09:00:12";1;35;"SP";"São Paulo";"70319";"Santa Ernestina";3546504;"Santa Ernestina"
"27/09/2026";"09:00:12";1;35;"SP";"São Paulo";"70335";"Santa Fé Do Sul";3546603;"Santa Fé Do Sul"
"27/09/2026";"09:00:12";1;35;"SP";"São Paulo";"70351";"Santa Gertrudes";3546702;"Santa Gertrudes"
"27/09/2026";"09:00:12";1;35;"SP";"São Paulo";"70378";"Santa Isabel";3546801;"Santa Isabel"
"27/09/2026";"09:00:12";1;35;"SP";"São Paulo";"70394";"Santa Lúcia";3546900;"Santa Lúcia"
"27/09/2026";"09:00:12";1;35;"SP";"São Paulo";"70416";"Santa Maria Da Serra";3547007;"Santa Maria Da Serra"
"27/09/2026";"09:00:12";1;35;"SP";"São Paulo";"70432";"Santa Mercedes";3547106;"Santa Mercedes"
"27/09/2026";"09:00:12";1;35;"SP";"São Paulo";"70459";"Santana Da Ponte Pensa";3547205;"Santana Da Ponte Pensa"
"27/09/2026";"09:00:12";1;35;"SP";"São Paulo";"70475";"Santana De Parnaíba";3547304;"Santana De Parnaíba"
"27/09/2026";"09:00:12";1;35;"SP";"São Paulo";"70491";"Santa Rita D'Oeste";3547403;"Santa Rita D'Oeste"
"27/09/2026";"09:00:12";1;35;"SP";"São Paulo";"70513";"Santa Rita Do Passa Quatro";3547502;"Santa Rita Do Passa Quatro"
"27/09/2026";"09:00:12";1;35;"SP";"São Paulo";"70530";"Santa Rosa De Viterbo";3547601;"Santa Rosa De Viterbo"
"27/09/2026";"09:00:12";1;35;"SP";"São Paulo";"70556";"Santo Anastácio";3547700;"Santo Anastácio"
"27/09/2026";"09:00:12";1;35;"SP";"São Paulo";"70572";"Santo André";3547809;"Santo André"
"27/09/2026";"09:00:12";1;35;"SP";"São Paulo";"70599";"Santo Antônio Da Alegria";3547908;"Santo Antônio Da Alegria"
"27/09/2026";"09:00:12";1;35;"SP";"São Paulo";"70610";"Santo Antônio De Posse";3548005;"Santo Antônio De Posse"
"27/09/2026";"09:00:12";1;35;"SP";"São Paulo";"70637";"Santo Antônio Do Jardim";3548104;"Santo Antônio Do Jardim"
"27/09/2026";"09:00:12";1;35;"SP";"São Paulo";"70653";"Santo Antônio Do Pinhal";3548203;"Santo Antônio Do Pinhal"
"27/09/2026";"09:00:12";1;35;"SP";"São Paulo";"70670";"Santo Expedito";3548302;"Santo Expedito"
"27/09/2026";"09:00:12";1;35;"SP";"São Paulo";"70696";"Santópolis Do Aguapeí";3548401;"Santópolis Do Aguapeí"
"27/09/2026";"09:00:12";1;35;"SP";"São Paulo";"70718";"Santos";3548500;"Santos"
"27/09/2026";"09:00:12";1;35;"SP";"São Paulo";"70734";"São Bento Do Sapucaí";3548609;"São Bento Do Sapucaí"
"27/09/2026";"09:00:12";1;35;"SP";"São Paulo";"70750";"São Bernardo Do Campo";3548708;"São Bernardo Do Campo"
"27/09/2026";"09:00:12";1;35;"SP";"São Paulo";"70777";"São Caetano Do Sul";3548807;"São Caetano Do Sul"
"27/09/2026";"09:00:12";1;35;"SP";"São Paulo";"70793";"São Carlos";3548906;"São Carlos"
"27/09/2026";"09:00:12";1;35;"SP";"São Paulo";"70815";"São Francisco";3549003;"São Francisco"
"27/09/2026";"09:00:12";1;35;"SP";"São Paulo";"70831";"São João Da Boa Vista";3549102;"São João Da Boa Vista"
"27/09/2026";"09:00:12";1;35;"SP";"São Paulo";"70858";"São João Das Duas Pontes";3549201;"São João Das Duas Pontes"
"27/09/2026";"09:00:12";1;35;"SP";"São Paulo";"70874";"São João Do Pau D'Alho";3549300;"São João Do Pau D'Alho"
"27/09/2026";"09:00:12";1;35;"SP";"São Paulo";"70890";"São Joaquim Da Barra";3549409;"São Joaquim Da Barra"
"27/09/2026";"09:00:12";1;35;"SP";"São Paulo";"70912";"São José Da Bela Vista";3549508;"São José Da Bela Vista"
"27/09/2026";"09:00:12";1;35;"SP";"São Paulo";"70939";"São José Do Barreiro";3549607;"São José Do Barreiro"
"27/09/2026";"09:00:12";1;35;"SP";"São Paulo";"70955";"São José Do Rio Pardo";3549706;"São José Do Rio Pardo"
"27/09/2026";"09:00:12";1;35;"SP";"São Paulo";"70971";"São José Do Rio Preto";3549805;"São José Do Rio Preto"
"27/09/2026";"09:00:12";1;35;"SP";"São Paulo";"70998";"São José Dos Campos";3549904;"São José Dos Campos"
"27/09/2026";"09:00:12";1;35;"SP";"São Paulo";"71013";"São Luís Do Paraitinga";3550001;"São Luís Do Paraitinga"
"27/09/2026";"09:00:12";1;35;"SP";"São Paulo";"71030";"São Manuel";3550100;"São Manuel"
"27/09/2026";"09:00:12";1;35;"SP";"São Paulo";"71056";"São Miguel Arcanjo";3550209;"São Miguel Arcanjo"
"27/09/2026";"09:00:12";1;35;"SP";"São Paulo";"71072";"São Paulo";3550308;"São Paulo"
"27/09/2026";"09:00:12";1;35;"SP";"São Paulo";"71099";"São Pedro";3550407;"São Pedro"
"27/09/2026";"09:00:12";1;35;"SP";"São Paulo";"71110";"São Pedro Do Turvo";3550506;"São Pedro Do Turvo"
"27/09/2026";"09:00:12";1;35;"SP";"São Paulo";"71137";"São Roque";3550605;"São Roque"
"27/09/2026";"09:00:12";1;35;"SP";"São Paulo";"71153";"São Sebastião";3550704;"São Sebastião"
"27/09/2026";"09:00:12";1;35;"SP";"São Paulo";"71170";"São Sebastião Da Grama";3550803;"São Sebastião Da Grama"
"27/09/2026";"09:00:12";1;35;"SP";"São Paulo";"71196";"São Simão";3550902;"São Simão"
"27/09/2026";"09:00:12";1;35;"SP";"São Paulo";"71218";"São Vicente";3551009;"São Vicente"
"27/09/2026";"09:00:12";1;35;"SP";"São Paulo";"71234";"Sarapuí";3551108;"Sarapuí"
"27/09/2026";"09:00:12";1;35;"SP";"São Paulo";"71250";"Sarutaiá";3551207;"Sarutaiá"
"27/09/2026";"09:00:12";1;35;"SP";"São Paulo";"71277";"Sebastianópolis Do Sul";3551306;"Sebastianópolis Do Sul"
"27/09/2026";"09:00:12";1;35;"SP";"São Paulo";"71293";"Serra Azul";3551405;"Serra Azul"
"27/09/2026";"09:00:12";1;35;"SP";"São Paulo";"71315";"Serrana";3551504;"Serrana"
"27/09/2026";"09:00:12";1;35;"SP";"São Paulo";"71331";"Serra Negra";3551603;"Serra Negra"
"27/09/2026";"09:00:12";1;35;"SP";"São Paulo";"71358";"Sertãozinho";3551702;"Sertãozinho"
"27/09/2026";"09:00:12";1;35;"SP";"São Paulo";"71374";"Sete Barras";3551801;"Sete Barras"
"27/09/2026";"09:00:12";1;35;"SP";"São Paulo";"71390";"Severínia";3551900;"Severínia"
"27/09/2026";"09:00:12";1;35;"SP";"São Paulo";"71412";"Silveiras";3552007;"Silveiras"
"27/09/2026";"09:00:12";1;35;"SP";"São Paulo";"71439";"Socorro";3552106;"Socorro"
"27/09/2026";"09:00:12";1;35;"SP";"São Paulo";"71455";"Sorocaba";3552205;"Sorocaba"
"27/09/2026";"09:00:12";1;35;"SP";"São Paulo";"71471";"Sud Mennucci";3552304;"Sud Mennucci"
"27/09/2026";"09:00:12";1;35;"SP";"São Paulo";"71498";"Sumaré";3552403;"Sumaré"
"27/09/2026";"09:00:12";1;35;"SP";"São Paulo";"71510";"Suzano";3552502;"Suzano"
"27/09/2026";"09:00:12";1;35;"SP";"São Paulo";"71536";"Tabapuã";3552601;"Tabapuã"
"27/09/2026";"09:00:12";1;35;"SP";"São Paulo";"71552";"Tabatinga";3552700;"Tabatinga"
"27/09/2026";"09:00:12";1;35;"SP";"São Paulo";"71579";"Taboão Da Serra";3552809;"Taboão Da Serra"
"27/09/2026";"09:00:12";1;35;"SP";"São Paulo";"71595";"Taciba";3552908;"Taciba"
"27/09/2026";"09:00:12";1;35;"SP";"São Paulo";"71617";"Taguaí";3553005;"Taguaí"
"27/09/2026";"09:00:12";1;35;"SP";"São Paulo";"71633";"Taiaçu";3553104;"Taiaçu"
"27/09/2026";"09:00:12";1;35;"SP";"São Paulo";"71650";"Taiúva";3553203;"Taiúva"
"27/09/2026";"09:00:12";1;35;"SP";"São Paulo";"71676";"Tambaú";3553302;"Tambaú"
"27/09/2026";"09:00:12";1;35;"SP";"São Paulo";"71692";"Tanabi";3553401;"Tanabi"
"27/09/2026";"09:00:12";1;35;"SP";"São Paulo";"71714";"Tapiraí";3553500;"Tapiraí"
"27/09/2026";"09:00:12";1;35;"SP";"São Paulo";"71730";"Tapiratiba";3553609;"Tapiratiba"
"27/09/2026";"09:00:12";1;35;"SP";"São Paulo";"71757";"Taquaritinga";3553708;"Taquaritinga"
"27/09/2026";"09:00:12";1;35;"SP";"São Paulo";"71773";"Taquarituba";3553807;"Taquarituba"
"27/09/2026";"09:00:12";1;35;"SP";"São Paulo";"71790";"Tarabai";3553906;"Tarabai"
"27/09/2026";"09:00:12";1;35;"SP";"São Paulo";"71811";"Tatuí";3554003;"Tatuí"
"27/09/2026";"09:00:12";1;35;"SP";"São Paulo";"71838";"Taubaté";3554102;"Taubaté"
"27/09/2026";"09:00:12";1;35;"SP";"São Paulo";"71854";"Tejupá";3554201;"Tejupá"
"27/09/2026";"09:00:12";1;35;"SP";"São Paulo";"71870";"Teodoro Sampaio";3554300;"Teodoro Sampaio"
"27/09/2026";"09:00:12";1;35;"SP";"São Paulo";"71897";"Terra Roxa";3554409;"Terra Roxa"
"27/09/2026";"09:00:12";1;35;"SP";"São Paulo";"71919";"Tietê";3554508;"Tietê"
"27/09/2026";"09:00:12";1;35;"SP";"São Paulo";"71935";"Timburi";3554607;"Timburi"
"27/09/2026";"09:00:12";1;35;"SP";"São Paulo";"71951";"Torrinha";3554706;"Torrinha"
"27/09/2026";"09:00:12";1;35;"SP";"São Paulo";"71978";"Tremembé";3554805;"Tremembé"
"27/09/2026";"09:00:12";1;35;"SP";"São Paulo";"71994";"Três Fronteiras";3554904;"Três Fronteiras"
"27/09/2026";"09:00:12";1;35;"SP";"São Paulo";"72010";"Tupã";3555000;"Tupã"
"27/09/2026";"09:00:12";1;35;"SP";"São Paulo";"72036";"Tupi Paulista";3555109;"Tupi Paulista"
"27/09/2026";"09:00:12";1;35;"SP";"São Paulo";"72052";"Turiúba";3555208;"Turiúba"
"27/09/2026";"09:00:12";1;35;"SP";"São Paulo";"72079";"Turmalina";3555307;"Turmalina"
"27/09/2026";"09:00:12";1;35;"SP";"São Paulo";"72095";"Ubatuba";3555406;"Ubatuba"
"27/09/2026";"09:00:12";1;35;"SP";"São Paulo";"72117";"Ubirajara";3555505;"Ubirajara"
"27/09/2026";"09:00:12";1;35;"SP";"São Paulo";"72133";"Uchoa";3555604;"Uchoa"
"27/09/2026";"09:00:12";1;35;"SP";"São Paulo";"72150";"União Paulista";3555703;"União Paulista"
"27/09/2026";"09:00:12";1;35;"SP";"São Paulo";"72176";"Urânia";3555802;"Urânia"
"27/09/2026";"09:00:12";1;35;"SP";"São Paulo";"72192";"Uru";3555901;"Uru"
"27/09/2026";"09:00:12";1;35;"SP";"São Paulo";"72214";"Urupês";3556008;"Urupês"
"27/09/2026";"09:00:12";1;35;"SP";"São Paulo";"72230";"Valentim Gentil";3556107;"Valentim Gentil"
"27/09/2026";"09:00:12";1;35;"SP";"São Paulo";"72257";"Valinhos";3556206;"Valinhos"
"27/09/2026";"09:00:12";1;35;"SP";"São Paulo";"72273";"Valparaíso";3556305;"Valparaíso"
"27/09/2026";"09:00:12";1;35;"SP";"São Paulo";"72311";"Vargem Grande Do Sul";3556404;"Vargem Grande Do Sul"
"27/09/2026";"09:00:12";1;35;"SP";"São Paulo";"72338";"Várzea Paulista";3556503;"Várzea Paulista"
"27/09/2026";"09:00:12";1;35;"SP";"São Paulo";"72354";"Vera Cruz";3556602;"Vera Cruz"
"27/09/2026";"09:00:12";1;35;"SP";"São Paulo";"72370";"Vinhedo";3556701;"Vinhedo"
"27/09/2026";"09:00:12";1;35;"SP";"São Paulo";"72397";"Viradouro";3556800;"Viradouro"
"27/09/2026";"09:00:12";1;35;"SP";"São Paulo";"72419";"Vista Alegre Do Alto";3556909;"Vista Alegre Do Alto"
"27/09/2026";"09:00:12";1;35;"SP";"São Paulo";"72435";"Votorantim";3557006;"Votorantim"
"27/09/2026";"09:00:12";1;35;"SP";"São Paulo";"72451";"Votuporanga";3557105;"Votuporanga"
"27/09/2026";"09:00:12";1;35;"SP";"São Paulo";"72737";"Vargem Grande Paulista";3556453;"Vargem Grande Paulista"
"27/09/2026";"09:00:12";27;17;"TO";"Tocantins";"73008";"Abreulândia";1700251;"Abreulândia"
"27/09/2026";"09:00:12";27;17;"TO";"Tocantins";"73016";"Piraquê";1717206;"Piraquê"
"27/09/2026";"09:00:12";27;17;"TO";"Tocantins";"73024";"Riachinho";1718550;"Riachinho"
"27/09/2026";"09:00:12";27;17;"TO";"Tocantins";"73032";"Darcinópolis";1706506;"Darcinópolis"
"27/09/2026";"09:00:12";27;17;"TO";"Tocantins";"73040";"Palmeiras Do Tocantins";1713809;"Palmeiras Do Tocantins"
"27/09/2026";"09:00:12";27;17;"TO";"Tocantins";"73059";"Maurilândia Do Tocantins";1712801;"Maurilândia Do Tocantins"
"27/09/2026";"09:00:12";27;17;"TO";"Tocantins";"73067";"Cachoeirinha";1703826;"Cachoeirinha"
"27/09/2026";"09:00:12";27;17;"TO";"Tocantins";"73075";"Angico";1701051;"Angico"
"27/09/2026";"09:00:12";27;17;"TO";"Tocantins";"73083";"Palmeirante";1715705;"Palmeirante"
"27/09/2026";"09:00:12";27;17;"TO";"Tocantins";"73091";"Campos Lindos";1703842;"Campos Lindos"
"27/09/2026";"09:00:12";27;17;"TO";"Tocantins";"73105";"São Félix Do Tocantins";1720150;"São Félix Do Tocantins"
"27/09/2026";"09:00:12";27;17;"TO";"Tocantins";"73113";"Lagoa Do Tocantins";1711951;"Lagoa Do Tocantins"
"27/09/2026";"09:00:12";27;17;"TO";"Tocantins";"73121";"Bom Jesus Do Tocantins";1703305;"Bom Jesus Do Tocantins"
"27/09/2026";"09:00:12";27;17;"TO";"Tocantins";"73130";"Santa Maria Do Tocantins";1718881;"Santa Maria Do Tocantins"
"27/09/2026";"09:00:12";27;17;"TO";"Tocantins";"73148";"Novo Alegre";1715150;"Novo Alegre"
"27/09/2026";"09:00:12";27;17;"TO";"Tocantins";"73156";"Sandolândia";1718840;"Sandolândia"
"27/09/2026";"09:00:12";27;17;"TO";"Tocantins";"73164";"Taipas Do Tocantins";1720937;"Taipas Do Tocantins"
"27/09/2026";"09:00:12";27;17;"TO";"Tocantins";"73172";"Novo Jardim";1715259;"Novo Jardim"
"27/09/2026";"09:00:12";27;17;"TO";"Tocantins";"73180";"São Miguel Do Tocantins";1720200;"São Miguel Do Tocantins"
"27/09/2026";"09:00:12";27;17;"TO";"Tocantins";"73199";"Tabocão";1708254;"Fortaleza Do Tabocão"
"27/09/2026";"09:00:12";27;17;"TO";"Tocantins";"73202";"Itapiratins";1710904;"Itapiratins"
"27/09/2026";"09:00:12";27;17;"TO";"Tocantins";"73210";"Centenário";1704105;"Centenário"
"27/09/2026";"09:00:12";27;17;"TO";"Tocantins";"73229";"Recursolândia";1718501;"Recursolândia"
"27/09/2026";"09:00:12";27;17;"TO";"Tocantins";"73237";"Tupiratins";1721307;"Tupiratins"
"27/09/2026";"09:00:12";27;17;"TO";"Tocantins";"73245";"Brasilândia Do Tocantins";1703602;"Brasilândia Do Tocantins"
"27/09/2026";"09:00:12";27;17;"TO";"Tocantins";"73253";"Juarina";1711803;"Juarina"
"27/09/2026";"09:00:12";27;17;"TO";"Tocantins";"73261";"Pau D'Arco";1716307;"Pau D'Arco"
"27/09/2026";"09:00:12";27;17;"TO";"Tocantins";"73270";"Mateiros";1712702;"Mateiros"
"27/09/2026";"09:00:12";27;17;"TO";"Tocantins";"73288";"São Bento Do Tocantins";1720101;"São Bento Do Tocantins"
"27/09/2026";"09:00:12";27;17;"TO";"Tocantins";"73296";"Esperantina";1707405;"Esperantina"
"27/09/2026";"09:00:12";27;17;"TO";"Tocantins";"73300";"Cariri Do Tocantins";1703867;"Cariri Do Tocantins"
"27/09/2026";"09:00:12";27;17;"TO";"Tocantins";"73318";"Araguanã";1702158;"Araguanã"
"27/09/2026";"09:00:12";27;17;"TO";"Tocantins";"73326";"Carmolândia";1703883;"Carmolândia"
"27/09/2026";"09:00:12";27;17;"TO";"Tocantins";"73334";"Aragominas";1701309;"Aragominas"
"27/09/2026";"09:00:12";27;17;"TO";"Tocantins";"73342";"Muricilândia";1713957;"Muricilândia"
"27/09/2026";"09:00:12";27;17;"TO";"Tocantins";"73350";"Santa Fé Do Araguaia";1718865;"Santa Fé Do Araguaia"
"27/09/2026";"09:00:12";27;17;"TO";"Tocantins";"73369";"Jaú Do Tocantins";1711506;"Jaú Do Tocantins"
"27/09/2026";"09:00:12";27;17;"TO";"Tocantins";"73377";"Sucupira";1720853;"Sucupira"
"27/09/2026";"09:00:12";27;17;"TO";"Tocantins";"73385";"Lagoa Da Confusão";1711902;"Lagoa Da Confusão"
"27/09/2026";"09:00:12";27;17;"TO";"Tocantins";"73393";"São Salvador Do Tocantins";1720259;"São Salvador Do Tocantins"
"27/09/2026";"09:00:12";27;17;"TO";"Tocantins";"73407";"Lajeado";1712009;"Lajeado"
"27/09/2026";"09:00:12";27;17;"TO";"Tocantins";"73415";"Rio Dos Bois";1718709;"Rio Dos Bois"
"27/09/2026";"09:00:12";27;17;"TO";"Tocantins";"73423";"Carrasco Bonito";1703891;"Carrasco Bonito"
"27/09/2026";"09:00:12";27;17;"TO";"Tocantins";"73431";"Rio Da Conceição";1718659;"Rio Da Conceição"
"27/09/2026";"09:00:12";27;17;"TO";"Tocantins";"73440";"Palmas";1721000;"Palmas"
"27/09/2026";"09:00:12";27;17;"TO";"Tocantins";"73458";"Tupirama";1721257;"Tupirama"
"27/09/2026";"09:00:12";27;17;"TO";"Tocantins";"73466";"Oliveira De Fátima";1715507;"Oliveira De Fátima"
"27/09/2026";"09:00:12";27;17;"TO";"Tocantins";"73474";"Chapada De Areia";1704600;"Chapada De Areia"
"27/09/2026";"09:00:12";27;17;"TO";"Tocantins";"73482";"Chapada Da Natividade";1705102;"Chapada Da Natividade"
"27/09/2026";"09:00:12";27;17;"TO";"Tocantins";"73504";"Talismã";1720978;"Talismã"
"27/09/2026";"09:00:12";27;17;"TO";"Tocantins";"73512";"Aguiarnópolis";1700301;"Aguiarnópolis"
"27/09/2026";"09:00:12";27;17;"TO";"Tocantins";"73520";"Luzinópolis";1712454;"Luzinópolis"
"27/09/2026";"09:00:12";27;17;"TO";"Tocantins";"73539";"Santa Terezinha Do Tocantins";1720002;"Santa Terezinha Do Tocantins"
"27/09/2026";"09:00:12";27;17;"TO";"Tocantins";"73547";"Santa Rita Do Tocantins";1718899;"Santa Rita Do Tocantins"
"27/09/2026";"09:00:12";27;17;"TO";"Tocantins";"73555";"Crixás Do Tocantins";1706258;"Crixás Do Tocantins"
"27/09/2026";"09:00:12";27;17;"TO";"Tocantins";"73563";"Monte Santo Do Tocantins";1713700;"Monte Santo Do Tocantins"
"27/09/2026";"09:00:12";27;17;"TO";"Tocantins";"73571";"Pugmil";1718451;"Pugmil"
"27/09/2026";"09:00:12";27;17;"TO";"Tocantins";"73580";"Bandeirantes Do Tocantins";1703057;"Bandeirantes Do Tocantins"
"27/09/2026";"09:00:12";27;17;"TO";"Tocantins";"73598";"Ipueiras";1709807;"Ipueiras"
"27/09/2026";"09:00:12";27;17;"TO";"Tocantins";"73601";"Lavandeira";1712157;"Lavandeira"
"27/09/2026";"09:00:12";27;17;"TO";"Tocantins";"73610";"Barra Do Ouro";1703073;"Barra Do Ouro"
"27/09/2026";"09:00:12";27;17;"TO";"Tocantins";"92002";"Bernardo Sayão";1703206;"Bernardo Sayão"
"27/09/2026";"09:00:12";27;17;"TO";"Tocantins";"92045";"Buriti Do Tocantins";1703800;"Buriti Do Tocantins"
"27/09/2026";"09:00:12";27;17;"TO";"Tocantins";"92070";"Almas";1700400;"Almas"
"27/09/2026";"09:00:12";27;17;"TO";"Tocantins";"92088";"Caseara";1703909;"Caseara"
"27/09/2026";"09:00:12";27;17;"TO";"Tocantins";"92134";"Alvorada";1700707;"Alvorada"
"27/09/2026";"09:00:12";27;17;"TO";"Tocantins";"92142";"Combinado";1705557;"Combinado"
"27/09/2026";"09:00:12";27;17;"TO";"Tocantins";"92185";"Divinópolis Do Tocantins";1707108;"Divinópolis Do Tocantins"
"27/09/2026";"09:00:12";27;17;"TO";"Tocantins";"92193";"Ananás";1701002;"Ananás"
"27/09/2026";"09:00:12";27;17;"TO";"Tocantins";"92240";"Goianorte";1708304;"Goianorte"
"27/09/2026";"09:00:12";27;17;"TO";"Tocantins";"92304";"Marianópolis Do Tocantins";1712504;"Marianópolis Do Tocantins"
"27/09/2026";"09:00:12";27;17;"TO";"Tocantins";"92371";"Araguacema";1701903;"Araguacema"
"27/09/2026";"09:00:12";27;17;"TO";"Tocantins";"92398";"Araguaçu";1702000;"Araguaçu"
"27/09/2026";"09:00:12";27;17;"TO";"Tocantins";"92401";"Nova Rosalândia";1715002;"Nova Rosalândia"
"27/09/2026";"09:00:12";27;17;"TO";"Tocantins";"92410";"Araguaína";1702109;"Araguaína"
"27/09/2026";"09:00:12";27;17;"TO";"Tocantins";"92436";"Araguatins";1702208;"Araguatins"
"27/09/2026";"09:00:12";27;17;"TO";"Tocantins";"92452";"Arapoema";1702307;"Arapoema"
"27/09/2026";"09:00:12";27;17;"TO";"Tocantins";"92479";"Arraias";1702406;"Arraias"
"27/09/2026";"09:00:12";27;17;"TO";"Tocantins";"92487";"Pequizeiro";1716653;"Pequizeiro"
"27/09/2026";"09:00:12";27;17;"TO";"Tocantins";"92509";"Porto Alegre Do Tocantins";1718006;"Porto Alegre Do Tocantins"
"27/09/2026";"09:00:12";27;17;"TO";"Tocantins";"92525";"Praia Norte";1718303;"Praia Norte"
"27/09/2026";"09:00:12";27;17;"TO";"Tocantins";"92533";"Aurora Do Tocantins";1702703;"Aurora Do Tocantins"
"27/09/2026";"09:00:12";27;17;"TO";"Tocantins";"92541";"Sampaio";1718808;"Sampaio"
"27/09/2026";"09:00:12";27;17;"TO";"Tocantins";"92576";"Axixá Do Tocantins";1702901;"Axixá Do Tocantins"
"27/09/2026";"09:00:12";27;17;"TO";"Tocantins";"92584";"Santa Rosa Do Tocantins";1718907;"Santa Rosa Do Tocantins"
"27/09/2026";"09:00:12";27;17;"TO";"Tocantins";"92592";"Babaçulândia";1703008;"Babaçulândia"
"27/09/2026";"09:00:12";27;17;"TO";"Tocantins";"92606";"Santa Tereza Do Tocantins";1719004;"Santa Tereza Do Tocantins"
"27/09/2026";"09:00:12";27;17;"TO";"Tocantins";"92681";"São Valério";1720499;"São Valério"
"27/09/2026";"09:00:12";27;17;"TO";"Tocantins";"92738";"Brejinho De Nazaré";1703701;"Brejinho De Nazaré"
"27/09/2026";"09:00:12";27;17;"TO";"Tocantins";"93114";"Colinas Do Tocantins";1705508;"Colinas Do Tocantins"
"27/09/2026";"09:00:12";27;17;"TO";"Tocantins";"93130";"Conceição Do Tocantins";1705607;"Conceição Do Tocantins"
"27/09/2026";"09:00:12";27;17;"TO";"Tocantins";"93211";"Couto Magalhães";1706001;"Couto Magalhães"
"27/09/2026";"09:00:12";27;17;"TO";"Tocantins";"93238";"Cristalândia";1706100;"Cristalândia"
"27/09/2026";"09:00:12";27;17;"TO";"Tocantins";"93416";"Dianópolis";1707009;"Dianópolis"
"27/09/2026";"09:00:12";27;17;"TO";"Tocantins";"93459";"Dois Irmãos Do Tocantins";1707207;"Dois Irmãos Do Tocantins"
"27/09/2026";"09:00:12";27;17;"TO";"Tocantins";"93475";"Dueré";1707306;"Dueré"
"27/09/2026";"09:00:12";27;17;"TO";"Tocantins";"93556";"Filadélfia";1707702;"Filadélfia"
"27/09/2026";"09:00:12";27;17;"TO";"Tocantins";"93653";"Formoso Do Araguaia";1708205;"Formoso Do Araguaia"
"27/09/2026";"09:00:12";27;17;"TO";"Tocantins";"93858";"Gurupi";1709500;"Gurupi"
"27/09/2026";"09:00:12";27;17;"TO";"Tocantins";"94056";"Itacajá";1710508;"Itacajá"
"27/09/2026";"09:00:12";27;17;"TO";"Tocantins";"94099";"Itaguatins";1710706;"Itaguatins"
"27/09/2026";"09:00:12";27;17;"TO";"Tocantins";"94170";"Itaporã Do Tocantins";1711100;"Itaporã Do Tocantins"
"27/09/2026";"09:00:12";27;17;"TO";"Tocantins";"94617";"Miracema Do Tocantins";1713205;"Miracema Do Tocantins"
"27/09/2026";"09:00:12";27;17;"TO";"Tocantins";"94633";"Miranorte";1713304;"Miranorte"
"27/09/2026";"09:00:12";27;17;"TO";"Tocantins";"94692";"Monte Do Carmo";1713601;"Monte Do Carmo"
"27/09/2026";"09:00:12";27;17;"TO";"Tocantins";"94811";"Natividade";1714203;"Natividade"
"27/09/2026";"09:00:12";27;17;"TO";"Tocantins";"94838";"Nazaré";1714302;"Nazaré"
"27/09/2026";"09:00:12";27;17;"TO";"Tocantins";"94994";"Novo Acordo";1715101;"Novo Acordo"
"27/09/2026";"09:00:12";27;17;"TO";"Tocantins";"95192";"Paraíso Do Tocantins";1716109;"Paraíso Do Tocantins"
"27/09/2026";"09:00:12";27;17;"TO";"Tocantins";"95214";"Paranã";1716208;"Paranã"
"27/09/2026";"09:00:12";27;17;"TO";"Tocantins";"95257";"Pedro Afonso";1716505;"Pedro Afonso"
"27/09/2026";"09:00:12";27;17;"TO";"Tocantins";"95273";"Peixe";1716604;"Peixe"
"27/09/2026";"09:00:12";27;17;"TO";"Tocantins";"95290";"Colméia";1716703;"Colméia"
"27/09/2026";"09:00:12";27;17;"TO";"Tocantins";"95338";"Goiatins";1709005;"Goiatins"
"27/09/2026";"09:00:12";27;17;"TO";"Tocantins";"95370";"Pindorama Do Tocantins";1717008;"Pindorama Do Tocantins"
"27/09/2026";"09:00:12";27;17;"TO";"Tocantins";"95478";"Pium";1717503;"Pium"
"27/09/2026";"09:00:12";27;17;"TO";"Tocantins";"95516";"Ponte Alta Do Bom Jesus";1717800;"Ponte Alta Do Bom Jesus"
"27/09/2026";"09:00:12";27;17;"TO";"Tocantins";"95532";"Ponte Alta Do Tocantins";1717909;"Ponte Alta Do Tocantins"
"27/09/2026";"09:00:12";27;17;"TO";"Tocantins";"95591";"Porto Nacional";1718204;"Porto Nacional"
"27/09/2026";"09:00:12";27;17;"TO";"Tocantins";"95699";"Lizarda";1712405;"Lizarda"
"27/09/2026";"09:00:12";27;17;"TO";"Tocantins";"96032";"São Sebastião Do Tocantins";1720309;"São Sebastião Do Tocantins"
"27/09/2026";"09:00:12";27;17;"TO";"Tocantins";"96130";"Sítio Novo Do Tocantins";1720804;"Sítio Novo Do Tocantins"
"27/09/2026";"09:00:12";27;17;"TO";"Tocantins";"96156";"Taguatinga";1720903;"Taguatinga"
"27/09/2026";"09:00:12";27;17;"TO";"Tocantins";"96199";"Tocantínia";1721109;"Tocantínia"
"27/09/2026";"09:00:12";27;17;"TO";"Tocantins";"96210";"Tocantinópolis";1721208;"Tocantinópolis"
"27/09/2026";"09:00:12";27;17;"TO";"Tocantins";"96270";"Guaraí";1709302;"Guaraí"
"27/09/2026";"09:00:12";27;17;"TO";"Tocantins";"96296";"Presidente Kennedy";1718402;"Presidente Kennedy"
"27/09/2026";"09:00:12";27;17;"TO";"Tocantins";"96431";"Xambioá";1722107;"Xambioá"
"27/09/2026";"09:00:12";27;17;"TO";"Tocantins";"96490";"Palmeirópolis";1715754;"Palmeirópolis"
"27/09/2026";"09:00:12";27;17;"TO";"Tocantins";"96598";"Silvanópolis";1720655;"Silvanópolis"
"27/09/2026";"09:00:12";27;17;"TO";"Tocantins";"96636";"Nova Olinda";1714880;"Nova Olinda"
"27/09/2026";"09:00:12";27;17;"TO";"Tocantins";"96652";"Wanderlândia";1722081;"Wanderlândia"
"27/09/2026";"09:00:12";27;17;"TO";"Tocantins";"96679";"Figueirópolis";1707652;"Figueirópolis"
"27/09/2026";"09:00:12";27;17;"TO";"Tocantins";"96792";"Rio Sono";1718758;"Rio Sono"
"27/09/2026";"09:00:12";27;17;"TO";"Tocantins";"96830";"Fátima";1707553;"Fátima"
"27/09/2026";"09:00:12";27;17;"TO";"Tocantins";"96857";"Augustinópolis";1702554;"Augustinópolis"
"27/09/2026";"09:00:12";27;17;"TO";"Tocantins";"96954";"Aliança Do Tocantins";1700350;"Aliança Do Tocantins"
"27/09/2026";"09:00:12";27;17;"TO";"Tocantins";"96970";"Aparecida Do Rio Negro";1701101;"Aparecida Do Rio Negro"
"27/09/2026";"09:00:12";27;17;"TO";"Tocantins";"96997";"Barrolândia";1703107;"Barrolândia"
